ts,date,underlying,open,high,low,close,volume
2026-07-08 08:50:00+00:00,2026-07-08,IWM,292.13,292.13,292.13,292.13,120
2026-07-08 08:57:00+00:00,2026-07-08,IWM,292.25,292.25,292.25,292.25,126
2026-07-08 09:02:00+00:00,2026-07-08,IWM,291.85,291.85,291.69,291.69,824
2026-07-08 09:35:00+00:00,2026-07-08,IWM,292.0,292.0,292.0,292.0,126
2026-07-08 10:11:00+00:00,2026-07-08,IWM,291.75,291.75,291.75,291.75,126
2026-07-08 10:27:00+00:00,2026-07-08,IWM,292.3,292.3,292.3,292.3,240
2026-07-08 10:33:00+00:00,2026-07-08,IWM,292.56,292.56,292.56,292.56,27
2026-07-08 10:49:00+00:00,2026-07-08,IWM,292.59,292.59,292.59,292.59,120
2026-07-08 10:50:00+00:00,2026-07-08,IWM,292.64,292.64,292.64,292.64,50
2026-07-08 10:55:00+00:00,2026-07-08,IWM,292.8,292.8,292.8,292.8,80
2026-07-08 10:57:00+00:00,2026-07-08,IWM,292.8,292.82,292.8,292.82,200
2026-07-08 11:01:00+00:00,2026-07-08,IWM,292.35,292.35,292.35,292.35,120
2026-07-08 11:10:00+00:00,2026-07-08,IWM,292.55,292.55,292.54,292.54,146
2026-07-08 11:33:00+00:00,2026-07-08,IWM,292.83,292.83,292.83,292.83,120
2026-07-08 11:43:00+00:00,2026-07-08,IWM,293.5,293.5,293.5,293.5,126
2026-07-08 11:51:00+00:00,2026-07-08,IWM,293.53,293.53,293.53,293.53,126
2026-07-08 12:12:00+00:00,2026-07-08,IWM,294.49,294.49,294.49,294.49,40
2026-07-08 12:21:00+00:00,2026-07-08,IWM,294.25,294.25,294.25,294.25,40
2026-07-08 12:35:00+00:00,2026-07-08,IWM,294.25,294.25,294.25,294.25,126
2026-07-08 12:44:00+00:00,2026-07-08,IWM,294.42,294.42,294.42,294.42,40
2026-07-08 12:55:00+00:00,2026-07-08,IWM,294.5,294.54,294.49,294.54,406
2026-07-08 12:56:00+00:00,2026-07-08,IWM,294.53,294.58,294.21,294.21,939
2026-07-08 13:03:00+00:00,2026-07-08,IWM,294.19,294.19,294.19,294.19,4
2026-07-08 13:13:00+00:00,2026-07-08,IWM,294.53,294.53,294.53,294.53,120
2026-07-08 13:14:00+00:00,2026-07-08,IWM,294.45,294.45,294.45,294.45,120
2026-07-08 13:15:00+00:00,2026-07-08,IWM,294.44,294.44,294.3,294.3,637
2026-07-08 13:16:00+00:00,2026-07-08,IWM,294.32,294.32,294.32,294.32,1162
2026-07-08 13:29:00+00:00,2026-07-08,IWM,294.19,294.19,293.86,293.86,988
2026-07-08 13:30:00+00:00,2026-07-08,IWM,294.01,294.46,293.65,294.045,39246
2026-07-08 13:31:00+00:00,2026-07-08,IWM,294.045,294.34,293.87,294.27,18508
2026-07-08 13:32:00+00:00,2026-07-08,IWM,294.26,294.5,294.07,294.5,12689
2026-07-08 13:33:00+00:00,2026-07-08,IWM,294.51,294.59,294.42,294.44,7407
2026-07-08 13:34:00+00:00,2026-07-08,IWM,294.445,294.79,294.445,294.7,7868
2026-07-08 13:35:00+00:00,2026-07-08,IWM,294.745,294.86,294.49,294.5,20924
2026-07-08 13:36:00+00:00,2026-07-08,IWM,294.92,294.95,294.575,294.6,6828
2026-07-08 13:37:00+00:00,2026-07-08,IWM,294.525,294.88,294.39,294.835,9212
2026-07-08 13:38:00+00:00,2026-07-08,IWM,294.78,294.82,294.425,294.43,4967
2026-07-08 13:39:00+00:00,2026-07-08,IWM,294.435,294.89,294.435,294.82,4318
2026-07-08 13:40:00+00:00,2026-07-08,IWM,294.8,295.075,294.66,295.02,5733
2026-07-08 13:41:00+00:00,2026-07-08,IWM,294.93,295.005,294.72,294.78,4100
2026-07-08 13:42:00+00:00,2026-07-08,IWM,294.68,294.68,294.32,294.36,4571
2026-07-08 13:43:00+00:00,2026-07-08,IWM,294.38,294.51,294.37,294.37,8398
2026-07-08 13:44:00+00:00,2026-07-08,IWM,294.37,294.55,294.37,294.42,5895
2026-07-08 13:45:00+00:00,2026-07-08,IWM,294.295,294.56,294.27,294.56,4893
2026-07-08 13:46:00+00:00,2026-07-08,IWM,294.555,294.96,294.55,294.96,3634
2026-07-08 13:47:00+00:00,2026-07-08,IWM,294.89,294.97,294.59,294.65,3473
2026-07-08 13:48:00+00:00,2026-07-08,IWM,294.72,294.785,294.54,294.71,2334
2026-07-08 13:49:00+00:00,2026-07-08,IWM,294.59,294.6,294.1,294.1,3290
2026-07-08 13:50:00+00:00,2026-07-08,IWM,294.15,294.27,293.79,294.05,9763
2026-07-08 13:51:00+00:00,2026-07-08,IWM,294.18,294.31,294.09,294.13,4436
2026-07-08 13:52:00+00:00,2026-07-08,IWM,293.955,294.205,293.955,294.17,3541
2026-07-08 13:53:00+00:00,2026-07-08,IWM,294.16,294.42,294.15,294.2,4877
2026-07-08 13:54:00+00:00,2026-07-08,IWM,294.16,294.35,294.13,294.13,2128
2026-07-08 13:55:00+00:00,2026-07-08,IWM,294.02,294.25,293.97,294.145,689
2026-07-08 13:56:00+00:00,2026-07-08,IWM,294.24,294.38,294.16,294.3,11286
2026-07-08 13:57:00+00:00,2026-07-08,IWM,294.485,294.78,294.475,294.78,1253
2026-07-08 13:58:00+00:00,2026-07-08,IWM,294.77,295.01,294.74,295.01,915
2026-07-08 13:59:00+00:00,2026-07-08,IWM,295.02,295.02,294.72,294.745,12206
2026-07-08 14:00:00+00:00,2026-07-08,IWM,294.725,294.87,294.55,294.87,7798
2026-07-08 14:01:00+00:00,2026-07-08,IWM,294.85,294.94,294.75,294.805,7400
2026-07-08 14:02:00+00:00,2026-07-08,IWM,294.75,294.75,294.43,294.5,7924
2026-07-08 14:03:00+00:00,2026-07-08,IWM,294.55,294.55,294.28,294.415,6400
2026-07-08 14:04:00+00:00,2026-07-08,IWM,294.42,294.475,294.225,294.23,4876
2026-07-08 14:05:00+00:00,2026-07-08,IWM,294.26,294.7,294.23,294.7,9532
2026-07-08 14:06:00+00:00,2026-07-08,IWM,294.73,294.75,294.485,294.485,6074
2026-07-08 14:07:00+00:00,2026-07-08,IWM,294.43,294.52,294.32,294.51,5718
2026-07-08 14:08:00+00:00,2026-07-08,IWM,294.52,294.73,294.48,294.63,11528
2026-07-08 14:09:00+00:00,2026-07-08,IWM,294.55,294.56,294.23,294.32,7451
2026-07-08 14:10:00+00:00,2026-07-08,IWM,294.3,294.51,294.035,294.035,3023
2026-07-08 14:11:00+00:00,2026-07-08,IWM,294.04,294.13,293.95,293.95,2557
2026-07-08 14:12:00+00:00,2026-07-08,IWM,293.97,293.98,293.665,293.78,4210
2026-07-08 14:13:00+00:00,2026-07-08,IWM,293.78,294.235,293.78,293.81,4264
2026-07-08 14:14:00+00:00,2026-07-08,IWM,293.83,293.92,293.75,293.805,2547
2026-07-08 14:15:00+00:00,2026-07-08,IWM,293.765,293.83,293.44,293.505,3903
2026-07-08 14:16:00+00:00,2026-07-08,IWM,293.43,293.54,293.38,293.39,4612
2026-07-08 14:17:00+00:00,2026-07-08,IWM,293.37,293.61,293.225,293.57,5952
2026-07-08 14:18:00+00:00,2026-07-08,IWM,293.52,293.61,293.33,293.345,2165
2026-07-08 14:19:00+00:00,2026-07-08,IWM,293.3,293.41,293.11,293.41,5971
2026-07-08 14:20:00+00:00,2026-07-08,IWM,293.43,293.71,293.31,293.49,4140
2026-07-08 14:21:00+00:00,2026-07-08,IWM,293.495,294.17,293.49,294.12,8515
2026-07-08 14:22:00+00:00,2026-07-08,IWM,294.04,294.11,293.86,294.1,6872
2026-07-08 14:23:00+00:00,2026-07-08,IWM,294.11,294.17,293.94,293.94,2017
2026-07-08 14:24:00+00:00,2026-07-08,IWM,293.9,293.97,293.64,293.74,1621
2026-07-08 14:25:00+00:00,2026-07-08,IWM,293.775,293.98,293.775,293.94,1113
2026-07-08 14:26:00+00:00,2026-07-08,IWM,293.95,294.015,293.54,293.59,4916
2026-07-08 14:27:00+00:00,2026-07-08,IWM,293.54,293.655,293.15,293.655,5901
2026-07-08 14:28:00+00:00,2026-07-08,IWM,293.61,293.61,293.305,293.305,1475
2026-07-08 14:29:00+00:00,2026-07-08,IWM,293.22,293.48,293.22,293.44,7478
2026-07-08 14:30:00+00:00,2026-07-08,IWM,293.35,293.45,293.23,293.45,992
2026-07-08 14:31:00+00:00,2026-07-08,IWM,293.29,293.35,293.15,293.32,4130
2026-07-08 14:32:00+00:00,2026-07-08,IWM,293.39,293.44,293.3,293.44,1563
2026-07-08 14:33:00+00:00,2026-07-08,IWM,293.45,293.48,293.08,293.48,2888
2026-07-08 14:34:00+00:00,2026-07-08,IWM,293.47,293.59,293.39,293.45,5856
2026-07-08 14:35:00+00:00,2026-07-08,IWM,293.42,293.455,293.17,293.17,2284
2026-07-08 14:36:00+00:00,2026-07-08,IWM,293.185,293.235,293.08,293.15,2565
2026-07-08 14:37:00+00:00,2026-07-08,IWM,293.15,293.45,293.0,293.185,5166
2026-07-08 14:38:00+00:00,2026-07-08,IWM,293.21,293.28,293.01,293.01,4661
2026-07-08 14:39:00+00:00,2026-07-08,IWM,293.135,293.155,292.84,292.93,7946
2026-07-08 14:40:00+00:00,2026-07-08,IWM,292.9,293.15,292.87,293.13,4934
2026-07-08 14:41:00+00:00,2026-07-08,IWM,293.11,293.12,293.04,293.06,1179
2026-07-08 14:42:00+00:00,2026-07-08,IWM,293.08,293.08,292.84,292.85,5030
2026-07-08 14:43:00+00:00,2026-07-08,IWM,292.83,292.88,292.72,292.83,6554
2026-07-08 14:44:00+00:00,2026-07-08,IWM,292.86,293.04,292.84,292.98,3278
2026-07-08 14:45:00+00:00,2026-07-08,IWM,292.98,292.98,292.61,292.68,4069
2026-07-08 14:46:00+00:00,2026-07-08,IWM,292.66,292.8,292.61,292.61,2129
2026-07-08 14:47:00+00:00,2026-07-08,IWM,292.61,292.73,292.6,292.6,1051
2026-07-08 14:48:00+00:00,2026-07-08,IWM,292.53,292.6,292.48,292.55,3211
2026-07-08 14:49:00+00:00,2026-07-08,IWM,292.5,292.5,292.23,292.24,4797
2026-07-08 14:50:00+00:00,2026-07-08,IWM,292.285,292.36,292.09,292.33,9063
2026-07-08 14:51:00+00:00,2026-07-08,IWM,292.295,292.5,292.295,292.47,3758
2026-07-08 14:52:00+00:00,2026-07-08,IWM,292.47,292.76,292.41,292.76,4768
2026-07-08 14:53:00+00:00,2026-07-08,IWM,292.68,292.87,292.5,292.74,16542
2026-07-08 14:54:00+00:00,2026-07-08,IWM,292.7,292.74,292.62,292.64,2689
2026-07-08 14:55:00+00:00,2026-07-08,IWM,292.45,292.69,292.44,292.64,5259
2026-07-08 14:56:00+00:00,2026-07-08,IWM,292.67,292.76,292.62,292.62,987
2026-07-08 14:57:00+00:00,2026-07-08,IWM,292.59,292.59,292.35,292.43,5545
2026-07-08 14:58:00+00:00,2026-07-08,IWM,292.42,292.43,292.18,292.225,3172
2026-07-08 14:59:00+00:00,2026-07-08,IWM,292.2,292.31,292.16,292.31,3129
2026-07-08 15:00:00+00:00,2026-07-08,IWM,292.3,292.33,292.11,292.29,1361
2026-07-08 15:01:00+00:00,2026-07-08,IWM,292.25,292.25,292.09,292.13,2210
2026-07-08 15:02:00+00:00,2026-07-08,IWM,292.03,292.09,291.975,292.09,1709
2026-07-08 15:03:00+00:00,2026-07-08,IWM,292.125,292.2,292.07,292.18,2559
2026-07-08 15:04:00+00:00,2026-07-08,IWM,292.18,292.23,292.04,292.08,4837
2026-07-08 15:05:00+00:00,2026-07-08,IWM,292.06,292.39,292.06,292.38,1738
2026-07-08 15:06:00+00:00,2026-07-08,IWM,292.4,292.48,292.21,292.21,33464
2026-07-08 15:07:00+00:00,2026-07-08,IWM,292.2,292.21,292.08,292.1,24614
2026-07-08 15:08:00+00:00,2026-07-08,IWM,292.1,292.31,292.1,292.2,7911
2026-07-08 15:09:00+00:00,2026-07-08,IWM,292.28,292.305,292.17,292.175,11181
2026-07-08 15:10:00+00:00,2026-07-08,IWM,292.15,292.3,292.1,292.3,2546
2026-07-08 15:11:00+00:00,2026-07-08,IWM,292.27,292.35,292.22,292.29,2424
2026-07-08 15:12:00+00:00,2026-07-08,IWM,292.19,292.32,292.095,292.32,6012
2026-07-08 15:13:00+00:00,2026-07-08,IWM,292.29,292.32,292.12,292.13,3449
2026-07-08 15:14:00+00:00,2026-07-08,IWM,292.1,292.1,291.89,291.98,4729
2026-07-08 15:15:00+00:00,2026-07-08,IWM,292.01,292.07,291.84,291.915,3205
2026-07-08 15:16:00+00:00,2026-07-08,IWM,291.86,291.86,291.62,291.63,5137
2026-07-08 15:17:00+00:00,2026-07-08,IWM,291.655,291.68,291.52,291.61,4897
2026-07-08 15:18:00+00:00,2026-07-08,IWM,291.59,291.97,291.59,291.83,26533
2026-07-08 15:19:00+00:00,2026-07-08,IWM,291.815,292.09,291.8,291.98,15355
2026-07-08 15:20:00+00:00,2026-07-08,IWM,291.935,292.0,291.74,291.89,10024
2026-07-08 15:21:00+00:00,2026-07-08,IWM,291.87,291.87,291.63,291.65,6406
2026-07-08 15:22:00+00:00,2026-07-08,IWM,291.615,291.63,291.33,291.38,21312
2026-07-08 15:23:00+00:00,2026-07-08,IWM,291.33,291.44,291.19,291.19,3149
2026-07-08 15:24:00+00:00,2026-07-08,IWM,291.19,291.24,291.15,291.2,7800
2026-07-08 15:25:00+00:00,2026-07-08,IWM,291.19,291.25,291.13,291.17,10332
2026-07-08 15:26:00+00:00,2026-07-08,IWM,291.17,291.27,291.055,291.2,6169
2026-07-08 15:27:00+00:00,2026-07-08,IWM,291.16,291.235,291.13,291.135,8056
2026-07-08 15:28:00+00:00,2026-07-08,IWM,291.14,291.3,291.14,291.23,12405
2026-07-08 15:29:00+00:00,2026-07-08,IWM,291.265,291.35,291.265,291.3,2817
2026-07-08 15:30:00+00:00,2026-07-08,IWM,291.305,291.35,291.04,291.07,4774
2026-07-08 15:31:00+00:00,2026-07-08,IWM,291.06,291.18,291.015,291.09,3507
2026-07-08 15:32:00+00:00,2026-07-08,IWM,291.185,291.275,291.17,291.22,1753
2026-07-08 15:33:00+00:00,2026-07-08,IWM,291.255,291.43,291.245,291.34,7644
2026-07-08 15:34:00+00:00,2026-07-08,IWM,291.32,291.445,291.26,291.43,4673
2026-07-08 15:35:00+00:00,2026-07-08,IWM,291.4,291.48,291.28,291.455,7185
2026-07-08 15:36:00+00:00,2026-07-08,IWM,291.43,291.505,291.34,291.505,9953
2026-07-08 15:37:00+00:00,2026-07-08,IWM,291.48,291.48,291.29,291.29,4161
2026-07-08 15:38:00+00:00,2026-07-08,IWM,291.24,291.24,291.08,291.12,28691
2026-07-08 15:39:00+00:00,2026-07-08,IWM,291.07,291.09,290.83,290.89,11084
2026-07-08 15:40:00+00:00,2026-07-08,IWM,290.9,291.26,290.9,291.21,12157
2026-07-08 15:41:00+00:00,2026-07-08,IWM,291.24,291.25,291.08,291.08,3037
2026-07-08 15:42:00+00:00,2026-07-08,IWM,291.07,291.095,290.88,290.9,3290
2026-07-08 15:43:00+00:00,2026-07-08,IWM,290.9,291.035,290.86,290.94,1466
2026-07-08 15:44:00+00:00,2026-07-08,IWM,290.99,291.09,290.99,291.07,826
2026-07-08 15:45:00+00:00,2026-07-08,IWM,291.06,291.06,290.85,291.04,1711
2026-07-08 15:46:00+00:00,2026-07-08,IWM,291.04,291.16,290.95,290.95,1299
2026-07-08 15:47:00+00:00,2026-07-08,IWM,291.0,291.0,290.86,290.95,2008
2026-07-08 15:48:00+00:00,2026-07-08,IWM,291.0,291.005,290.93,290.94,2278
2026-07-08 15:49:00+00:00,2026-07-08,IWM,290.9,290.96,290.84,290.94,1166
2026-07-08 15:50:00+00:00,2026-07-08,IWM,290.905,290.905,290.83,290.86,2359
2026-07-08 15:51:00+00:00,2026-07-08,IWM,290.89,290.89,290.73,290.79,2785
2026-07-08 15:52:00+00:00,2026-07-08,IWM,290.795,290.87,290.755,290.76,8343
2026-07-08 15:53:00+00:00,2026-07-08,IWM,290.7,290.88,290.68,290.87,869
2026-07-08 15:54:00+00:00,2026-07-08,IWM,290.87,291.01,290.75,291.0,32201
2026-07-08 15:55:00+00:00,2026-07-08,IWM,291.05,291.15,291.04,291.14,6701
2026-07-08 15:56:00+00:00,2026-07-08,IWM,291.08,291.08,290.84,290.88,2524
2026-07-08 15:57:00+00:00,2026-07-08,IWM,290.89,290.94,290.83,290.92,4087
2026-07-08 15:58:00+00:00,2026-07-08,IWM,290.98,291.04,290.95,291.04,3090
2026-07-08 15:59:00+00:00,2026-07-08,IWM,291.07,291.13,290.98,290.98,1131
2026-07-08 16:00:00+00:00,2026-07-08,IWM,291.03,291.33,291.03,291.27,1564
2026-07-08 16:01:00+00:00,2026-07-08,IWM,291.27,291.37,291.2,291.27,7960
2026-07-08 16:02:00+00:00,2026-07-08,IWM,291.24,291.37,291.215,291.25,739
2026-07-08 16:03:00+00:00,2026-07-08,IWM,291.23,291.3,291.12,291.25,17740
2026-07-08 16:04:00+00:00,2026-07-08,IWM,291.23,291.435,291.16,291.435,4698
2026-07-08 16:05:00+00:00,2026-07-08,IWM,291.49,291.7,291.47,291.6,3743
2026-07-08 16:06:00+00:00,2026-07-08,IWM,291.61,291.69,291.59,291.65,5425
2026-07-08 16:07:00+00:00,2026-07-08,IWM,291.645,291.7,291.6,291.66,4485
2026-07-08 16:08:00+00:00,2026-07-08,IWM,291.6,291.67,291.48,291.61,4751
2026-07-08 16:09:00+00:00,2026-07-08,IWM,291.615,291.86,291.6,291.82,957
2026-07-08 16:10:00+00:00,2026-07-08,IWM,291.86,292.03,291.85,292.0,8047
2026-07-08 16:11:00+00:00,2026-07-08,IWM,291.96,292.12,291.96,292.03,2808
2026-07-08 16:12:00+00:00,2026-07-08,IWM,292.03,292.12,292.0,292.1,3585
2026-07-08 16:13:00+00:00,2026-07-08,IWM,292.07,292.1,292.005,292.06,12990
2026-07-08 16:14:00+00:00,2026-07-08,IWM,292.03,292.09,291.99,292.01,2300
2026-07-08 16:15:00+00:00,2026-07-08,IWM,292.0,292.03,291.79,291.82,17921
2026-07-08 16:16:00+00:00,2026-07-08,IWM,291.84,291.85,291.74,291.84,9694
2026-07-08 16:17:00+00:00,2026-07-08,IWM,291.97,292.12,291.97,292.12,3761
2026-07-08 16:18:00+00:00,2026-07-08,IWM,292.1,292.17,291.94,292.05,12403
2026-07-08 16:19:00+00:00,2026-07-08,IWM,292.0,292.0,291.91,291.96,870
2026-07-08 16:20:00+00:00,2026-07-08,IWM,291.93,292.2,291.92,292.17,3670
2026-07-08 16:21:00+00:00,2026-07-08,IWM,292.18,292.35,292.08,292.22,5782
2026-07-08 16:22:00+00:00,2026-07-08,IWM,292.26,292.33,292.115,292.115,1906
2026-07-08 16:23:00+00:00,2026-07-08,IWM,292.12,292.26,292.12,292.19,5176
2026-07-08 16:24:00+00:00,2026-07-08,IWM,292.16,292.16,291.86,291.96,9789
2026-07-08 16:25:00+00:00,2026-07-08,IWM,291.96,292.07,291.96,292.05,272
2026-07-08 16:26:00+00:00,2026-07-08,IWM,292.065,292.29,292.065,292.24,1372
2026-07-08 16:27:00+00:00,2026-07-08,IWM,292.2,292.52,292.2,292.38,8925
2026-07-08 16:28:00+00:00,2026-07-08,IWM,292.35,292.49,292.35,292.43,1717
2026-07-08 16:29:00+00:00,2026-07-08,IWM,292.34,292.38,292.34,292.38,1767
2026-07-08 16:30:00+00:00,2026-07-08,IWM,292.38,292.61,292.36,292.59,2572
2026-07-08 16:31:00+00:00,2026-07-08,IWM,292.6,292.755,292.575,292.585,2194
2026-07-08 16:32:00+00:00,2026-07-08,IWM,292.51,292.51,292.4,292.41,1649
2026-07-08 16:33:00+00:00,2026-07-08,IWM,292.38,292.39,292.33,292.37,1000
2026-07-08 16:34:00+00:00,2026-07-08,IWM,292.36,292.37,292.11,292.11,5213
2026-07-08 16:35:00+00:00,2026-07-08,IWM,292.16,292.48,292.16,292.24,4283
2026-07-08 16:36:00+00:00,2026-07-08,IWM,292.13,292.14,292.04,292.09,3894
2026-07-08 16:37:00+00:00,2026-07-08,IWM,292.07,292.07,291.92,292.0,7874
2026-07-08 16:38:00+00:00,2026-07-08,IWM,291.975,292.02,291.86,291.88,1451
2026-07-08 16:39:00+00:00,2026-07-08,IWM,291.87,292.36,291.87,292.36,5367
2026-07-08 16:40:00+00:00,2026-07-08,IWM,292.36,292.89,292.2,292.79,10195
2026-07-08 16:41:00+00:00,2026-07-08,IWM,292.76,292.9,292.61,292.63,4292
2026-07-08 16:42:00+00:00,2026-07-08,IWM,292.64,292.76,292.59,292.66,6215
2026-07-08 16:43:00+00:00,2026-07-08,IWM,292.635,292.88,292.59,292.84,1999
2026-07-08 16:44:00+00:00,2026-07-08,IWM,292.76,292.87,292.69,292.81,2948
2026-07-08 16:45:00+00:00,2026-07-08,IWM,292.77,292.77,292.585,292.63,5205
2026-07-08 16:46:00+00:00,2026-07-08,IWM,292.59,292.92,292.59,292.9,9152
2026-07-08 16:47:00+00:00,2026-07-08,IWM,292.88,292.89,292.785,292.82,3246
2026-07-08 16:48:00+00:00,2026-07-08,IWM,292.82,292.9,292.78,292.79,500
2026-07-08 16:49:00+00:00,2026-07-08,IWM,292.805,292.955,292.805,292.91,4023
2026-07-08 16:50:00+00:00,2026-07-08,IWM,292.925,293.04,292.865,292.925,4401
2026-07-08 16:51:00+00:00,2026-07-08,IWM,292.92,292.98,292.79,292.945,6783
2026-07-08 16:52:00+00:00,2026-07-08,IWM,292.95,293.03,292.94,293.03,3459
2026-07-08 16:53:00+00:00,2026-07-08,IWM,293.05,293.08,292.91,293.04,5572
2026-07-08 16:54:00+00:00,2026-07-08,IWM,293.025,293.065,292.94,292.94,526
2026-07-08 16:55:00+00:00,2026-07-08,IWM,292.97,293.04,292.88,292.93,6308
2026-07-08 16:56:00+00:00,2026-07-08,IWM,292.96,292.97,292.87,292.97,534
2026-07-08 16:57:00+00:00,2026-07-08,IWM,292.97,293.02,292.9,293.02,1177
2026-07-08 16:58:00+00:00,2026-07-08,IWM,292.99,293.04,292.96,293.04,1535
2026-07-08 16:59:00+00:00,2026-07-08,IWM,293.06,293.06,293.02,293.03,541
2026-07-08 17:00:00+00:00,2026-07-08,IWM,293.005,293.005,292.8,292.895,5763
2026-07-08 17:01:00+00:00,2026-07-08,IWM,292.9,292.905,292.77,292.84,1643
2026-07-08 17:02:00+00:00,2026-07-08,IWM,292.81,293.0,292.81,292.88,3238
2026-07-08 17:03:00+00:00,2026-07-08,IWM,292.89,292.93,292.82,292.85,806
2026-07-08 17:04:00+00:00,2026-07-08,IWM,292.82,292.9,292.81,292.81,621
2026-07-08 17:05:00+00:00,2026-07-08,IWM,292.75,292.78,292.75,292.75,745
2026-07-08 17:06:00+00:00,2026-07-08,IWM,292.73,292.96,292.73,292.94,3798
2026-07-08 17:07:00+00:00,2026-07-08,IWM,292.94,292.965,292.82,292.89,1302
2026-07-08 17:08:00+00:00,2026-07-08,IWM,292.9,292.9,292.78,292.8,436
2026-07-08 17:09:00+00:00,2026-07-08,IWM,292.78,292.78,292.65,292.66,636
2026-07-08 17:10:00+00:00,2026-07-08,IWM,292.66,292.66,292.595,292.66,952
2026-07-08 17:11:00+00:00,2026-07-08,IWM,292.57,292.59,292.45,292.59,6589
2026-07-08 17:12:00+00:00,2026-07-08,IWM,292.64,292.73,292.58,292.71,1448
2026-07-08 17:13:00+00:00,2026-07-08,IWM,292.705,292.87,292.705,292.78,5107
2026-07-08 17:14:00+00:00,2026-07-08,IWM,292.78,292.85,292.62,292.62,2579
2026-07-08 17:15:00+00:00,2026-07-08,IWM,292.61,292.75,292.61,292.74,608
2026-07-08 17:16:00+00:00,2026-07-08,IWM,292.8,292.86,292.8,292.83,758
2026-07-08 17:17:00+00:00,2026-07-08,IWM,292.84,292.89,292.805,292.89,270
2026-07-08 17:18:00+00:00,2026-07-08,IWM,292.82,292.855,292.81,292.82,239
2026-07-08 17:19:00+00:00,2026-07-08,IWM,292.855,293.04,292.85,293.03,2547
2026-07-08 17:20:00+00:00,2026-07-08,IWM,293.035,293.12,293.0,293.08,4447
2026-07-08 17:21:00+00:00,2026-07-08,IWM,293.085,293.16,293.045,293.11,1381
2026-07-08 17:22:00+00:00,2026-07-08,IWM,293.14,293.24,293.14,293.16,4564
2026-07-08 17:23:00+00:00,2026-07-08,IWM,293.13,293.14,293.09,293.14,1166
2026-07-08 17:24:00+00:00,2026-07-08,IWM,293.16,293.27,293.16,293.26,3849
2026-07-08 17:25:00+00:00,2026-07-08,IWM,293.34,293.38,293.2,293.23,5996
2026-07-08 17:26:00+00:00,2026-07-08,IWM,293.23,293.28,293.17,293.28,2593
2026-07-08 17:27:00+00:00,2026-07-08,IWM,293.255,293.265,293.24,293.26,1351
2026-07-08 17:28:00+00:00,2026-07-08,IWM,293.29,293.36,293.28,293.34,709
2026-07-08 17:29:00+00:00,2026-07-08,IWM,293.415,293.47,293.41,293.425,201
2026-07-08 17:30:00+00:00,2026-07-08,IWM,293.41,293.6,293.41,293.59,4381
2026-07-08 17:31:00+00:00,2026-07-08,IWM,293.63,293.68,293.59,293.59,784
2026-07-08 17:32:00+00:00,2026-07-08,IWM,293.57,293.66,293.45,293.49,2781
2026-07-08 17:33:00+00:00,2026-07-08,IWM,293.5,293.585,293.45,293.45,1858
2026-07-08 17:34:00+00:00,2026-07-08,IWM,293.45,293.47,293.38,293.42,21781
2026-07-08 17:35:00+00:00,2026-07-08,IWM,293.36,293.36,293.27,293.32,3840
2026-07-08 17:36:00+00:00,2026-07-08,IWM,293.35,293.35,293.26,293.31,2192
2026-07-08 17:37:00+00:00,2026-07-08,IWM,293.32,293.345,293.27,293.3,752
2026-07-08 17:38:00+00:00,2026-07-08,IWM,293.305,293.4,293.26,293.28,7695
2026-07-08 17:39:00+00:00,2026-07-08,IWM,293.26,293.33,293.24,293.245,3582
2026-07-08 17:40:00+00:00,2026-07-08,IWM,293.24,293.25,293.09,293.15,3177
2026-07-08 17:41:00+00:00,2026-07-08,IWM,293.15,293.17,293.12,293.13,443
2026-07-08 17:42:00+00:00,2026-07-08,IWM,293.1,293.235,293.1,293.235,469
2026-07-08 17:43:00+00:00,2026-07-08,IWM,293.225,293.23,293.145,293.175,368
2026-07-08 17:44:00+00:00,2026-07-08,IWM,293.18,293.19,293.16,293.18,217
2026-07-08 17:45:00+00:00,2026-07-08,IWM,293.13,293.13,292.91,292.94,4624
2026-07-08 17:46:00+00:00,2026-07-08,IWM,292.99,293.07,292.99,293.04,319
2026-07-08 17:47:00+00:00,2026-07-08,IWM,293.02,293.035,292.99,293.0,628
2026-07-08 17:48:00+00:00,2026-07-08,IWM,293.0,293.0,292.86,292.86,2832
2026-07-08 17:49:00+00:00,2026-07-08,IWM,292.885,292.93,292.88,292.88,1073
2026-07-08 17:50:00+00:00,2026-07-08,IWM,292.87,293.12,292.87,293.12,2460
2026-07-08 17:51:00+00:00,2026-07-08,IWM,293.1,293.16,293.07,293.15,2762
2026-07-08 17:52:00+00:00,2026-07-08,IWM,293.16,293.32,293.16,293.31,2255
2026-07-08 17:53:00+00:00,2026-07-08,IWM,293.33,293.33,293.19,293.19,267
2026-07-08 17:54:00+00:00,2026-07-08,IWM,293.19,293.19,293.1,293.1,343
2026-07-08 17:55:00+00:00,2026-07-08,IWM,292.99,293.02,292.875,292.95,1607
2026-07-08 17:56:00+00:00,2026-07-08,IWM,292.92,292.92,292.81,292.87,2027
2026-07-08 17:57:00+00:00,2026-07-08,IWM,292.91,292.91,292.84,292.89,540
2026-07-08 17:58:00+00:00,2026-07-08,IWM,292.91,293.06,292.91,293.06,593
2026-07-08 17:59:00+00:00,2026-07-08,IWM,293.015,293.08,293.015,293.05,325
2026-07-08 18:00:00+00:00,2026-07-08,IWM,292.95,293.19,292.83,293.19,3099
2026-07-08 18:01:00+00:00,2026-07-08,IWM,293.14,293.41,293.14,293.405,16740
2026-07-08 18:02:00+00:00,2026-07-08,IWM,293.39,293.49,293.28,293.28,1446
2026-07-08 18:03:00+00:00,2026-07-08,IWM,293.33,293.49,293.33,293.45,839
2026-07-08 18:04:00+00:00,2026-07-08,IWM,293.58,293.59,293.45,293.49,929
2026-07-08 18:05:00+00:00,2026-07-08,IWM,293.48,293.54,293.335,293.43,1166
2026-07-08 18:06:00+00:00,2026-07-08,IWM,293.42,293.42,293.27,293.31,655
2026-07-08 18:07:00+00:00,2026-07-08,IWM,293.315,293.42,293.315,293.33,578
2026-07-08 18:08:00+00:00,2026-07-08,IWM,293.38,293.385,293.33,293.37,817
2026-07-08 18:09:00+00:00,2026-07-08,IWM,293.48,293.48,293.37,293.38,1639
2026-07-08 18:10:00+00:00,2026-07-08,IWM,293.365,293.445,293.24,293.445,506
2026-07-08 18:11:00+00:00,2026-07-08,IWM,293.46,293.57,293.46,293.57,803
2026-07-08 18:12:00+00:00,2026-07-08,IWM,293.525,293.55,293.48,293.52,1096
2026-07-08 18:13:00+00:00,2026-07-08,IWM,293.465,293.555,293.44,293.53,227
2026-07-08 18:14:00+00:00,2026-07-08,IWM,293.59,293.63,293.49,293.49,5384
2026-07-08 18:15:00+00:00,2026-07-08,IWM,293.51,293.51,293.455,293.49,1288
2026-07-08 18:16:00+00:00,2026-07-08,IWM,293.42,293.44,293.21,293.24,548
2026-07-08 18:17:00+00:00,2026-07-08,IWM,293.21,293.21,293.14,293.14,5106
2026-07-08 18:18:00+00:00,2026-07-08,IWM,293.1,293.24,293.04,293.16,567
2026-07-08 18:19:00+00:00,2026-07-08,IWM,293.135,293.24,293.13,293.24,573
2026-07-08 18:20:00+00:00,2026-07-08,IWM,293.245,293.245,293.085,293.085,1824
2026-07-08 18:21:00+00:00,2026-07-08,IWM,293.09,293.19,293.09,293.19,442
2026-07-08 18:22:00+00:00,2026-07-08,IWM,293.24,293.43,293.24,293.4,3583
2026-07-08 18:23:00+00:00,2026-07-08,IWM,293.4,293.4,293.35,293.37,411
2026-07-08 18:24:00+00:00,2026-07-08,IWM,293.27,293.37,293.26,293.26,1764
2026-07-08 18:25:00+00:00,2026-07-08,IWM,293.27,293.32,293.25,293.32,456
2026-07-08 18:26:00+00:00,2026-07-08,IWM,293.32,293.32,293.32,293.32,40
2026-07-08 18:27:00+00:00,2026-07-08,IWM,293.375,293.49,293.375,293.48,1072
2026-07-08 18:28:00+00:00,2026-07-08,IWM,293.485,293.56,293.42,293.42,1665
2026-07-08 18:29:00+00:00,2026-07-08,IWM,293.41,293.41,293.32,293.32,847
2026-07-08 18:30:00+00:00,2026-07-08,IWM,293.29,293.33,293.13,293.13,2448
2026-07-08 18:31:00+00:00,2026-07-08,IWM,293.09,293.185,293.085,293.12,1293
2026-07-08 18:32:00+00:00,2026-07-08,IWM,293.12,293.28,293.12,293.23,1069
2026-07-08 18:33:00+00:00,2026-07-08,IWM,293.115,293.195,293.075,293.195,1713
2026-07-08 18:34:00+00:00,2026-07-08,IWM,293.135,293.135,293.07,293.1,10923
2026-07-08 18:35:00+00:00,2026-07-08,IWM,293.14,293.14,293.02,293.065,1063
2026-07-08 18:36:00+00:00,2026-07-08,IWM,293.1,293.26,293.1,293.26,669
2026-07-08 18:37:00+00:00,2026-07-08,IWM,293.255,293.41,293.24,293.32,1607
2026-07-08 18:38:00+00:00,2026-07-08,IWM,293.31,293.4,293.3,293.315,1795
2026-07-08 18:39:00+00:00,2026-07-08,IWM,293.325,293.325,293.27,293.27,1111
2026-07-08 18:40:00+00:00,2026-07-08,IWM,293.29,293.29,293.23,293.24,98
2026-07-08 18:41:00+00:00,2026-07-08,IWM,293.22,293.22,293.06,293.15,5075
2026-07-08 18:42:00+00:00,2026-07-08,IWM,293.19,293.19,293.03,293.03,945
2026-07-08 18:43:00+00:00,2026-07-08,IWM,293.06,293.22,293.06,293.21,1657
2026-07-08 18:44:00+00:00,2026-07-08,IWM,293.23,293.3,293.23,293.27,2289
2026-07-08 18:45:00+00:00,2026-07-08,IWM,293.285,293.31,293.18,293.18,1284
2026-07-08 18:46:00+00:00,2026-07-08,IWM,293.17,293.26,293.15,293.25,622
2026-07-08 18:47:00+00:00,2026-07-08,IWM,293.28,293.28,293.225,293.225,572
2026-07-08 18:48:00+00:00,2026-07-08,IWM,293.21,293.24,293.185,293.24,522
2026-07-08 18:49:00+00:00,2026-07-08,IWM,293.37,293.445,293.36,293.445,636
2026-07-08 18:50:00+00:00,2026-07-08,IWM,293.38,293.51,293.38,293.45,8259
2026-07-08 18:51:00+00:00,2026-07-08,IWM,293.44,293.47,293.4,293.43,369
2026-07-08 18:52:00+00:00,2026-07-08,IWM,293.545,293.545,293.42,293.43,1877
2026-07-08 18:53:00+00:00,2026-07-08,IWM,293.44,293.46,293.355,293.37,349
2026-07-08 18:54:00+00:00,2026-07-08,IWM,293.36,293.38,293.36,293.38,813
2026-07-08 18:55:00+00:00,2026-07-08,IWM,293.32,293.32,293.195,293.195,352
2026-07-08 18:56:00+00:00,2026-07-08,IWM,293.21,293.25,293.17,293.25,326
2026-07-08 18:57:00+00:00,2026-07-08,IWM,293.245,293.3,293.24,293.3,473
2026-07-08 18:58:00+00:00,2026-07-08,IWM,293.28,293.295,293.25,293.29,1246
2026-07-08 18:59:00+00:00,2026-07-08,IWM,293.295,293.415,293.295,293.415,2466
2026-07-08 19:00:00+00:00,2026-07-08,IWM,293.42,293.58,293.4,293.55,2721
2026-07-08 19:01:00+00:00,2026-07-08,IWM,293.57,293.605,293.385,293.39,6839
2026-07-08 19:02:00+00:00,2026-07-08,IWM,293.38,293.43,293.24,293.24,2057
2026-07-08 19:03:00+00:00,2026-07-08,IWM,293.22,293.29,293.09,293.28,16657
2026-07-08 19:04:00+00:00,2026-07-08,IWM,293.28,293.28,293.24,293.26,219
2026-07-08 19:05:00+00:00,2026-07-08,IWM,293.25,293.315,293.18,293.19,1126
2026-07-08 19:06:00+00:00,2026-07-08,IWM,293.21,293.23,293.14,293.205,1581
2026-07-08 19:07:00+00:00,2026-07-08,IWM,293.255,293.36,293.25,293.31,1825
2026-07-08 19:08:00+00:00,2026-07-08,IWM,293.285,293.325,293.245,293.325,2299
2026-07-08 19:09:00+00:00,2026-07-08,IWM,293.325,293.39,293.27,293.39,920
2026-07-08 19:10:00+00:00,2026-07-08,IWM,293.4,293.4,293.25,293.26,4042
2026-07-08 19:11:00+00:00,2026-07-08,IWM,293.27,293.28,293.19,293.2,3616
2026-07-08 19:12:00+00:00,2026-07-08,IWM,293.195,293.21,293.12,293.21,464
2026-07-08 19:13:00+00:00,2026-07-08,IWM,293.2,293.24,293.09,293.09,3522
2026-07-08 19:14:00+00:00,2026-07-08,IWM,293.12,293.175,293.1,293.1,2807
2026-07-08 19:15:00+00:00,2026-07-08,IWM,293.09,293.12,293.06,293.12,495
2026-07-08 19:16:00+00:00,2026-07-08,IWM,293.06,293.14,293.06,293.1,4558
2026-07-08 19:17:00+00:00,2026-07-08,IWM,293.085,293.18,293.08,293.18,774
2026-07-08 19:18:00+00:00,2026-07-08,IWM,293.175,293.315,293.175,293.22,1471
2026-07-08 19:19:00+00:00,2026-07-08,IWM,293.23,293.23,293.045,293.065,1708
2026-07-08 19:20:00+00:00,2026-07-08,IWM,293.06,293.15,293.06,293.11,811
2026-07-08 19:21:00+00:00,2026-07-08,IWM,293.145,293.28,293.12,293.275,1276
2026-07-08 19:22:00+00:00,2026-07-08,IWM,293.24,293.245,293.185,293.185,728
2026-07-08 19:23:00+00:00,2026-07-08,IWM,293.155,293.2,293.155,293.2,226
2026-07-08 19:24:00+00:00,2026-07-08,IWM,293.225,293.275,293.225,293.26,311
2026-07-08 19:25:00+00:00,2026-07-08,IWM,293.28,293.32,293.28,293.32,1541
2026-07-08 19:26:00+00:00,2026-07-08,IWM,293.3,293.31,293.3,293.31,60
2026-07-08 19:27:00+00:00,2026-07-08,IWM,293.3,293.345,293.255,293.3,674
2026-07-08 19:28:00+00:00,2026-07-08,IWM,293.28,293.335,293.22,293.23,628
2026-07-08 19:29:00+00:00,2026-07-08,IWM,293.23,293.36,293.22,293.26,2276
2026-07-08 19:30:00+00:00,2026-07-08,IWM,293.255,293.29,293.14,293.14,1863
2026-07-08 19:31:00+00:00,2026-07-08,IWM,293.15,293.25,293.09,293.21,7599
2026-07-08 19:32:00+00:00,2026-07-08,IWM,293.22,293.23,293.07,293.1,10865
2026-07-08 19:33:00+00:00,2026-07-08,IWM,293.01,293.04,292.94,292.94,3961
2026-07-08 19:34:00+00:00,2026-07-08,IWM,292.95,292.98,292.945,292.975,3445
2026-07-08 19:35:00+00:00,2026-07-08,IWM,292.965,293.02,292.94,293.0,1308
2026-07-08 19:36:00+00:00,2026-07-08,IWM,293.01,293.235,293.005,293.21,2596
2026-07-08 19:37:00+00:00,2026-07-08,IWM,293.18,293.22,293.14,293.19,1320
2026-07-08 19:38:00+00:00,2026-07-08,IWM,293.17,293.185,293.055,293.055,912
2026-07-08 19:39:00+00:00,2026-07-08,IWM,293.06,293.105,293.03,293.04,5035
2026-07-08 19:40:00+00:00,2026-07-08,IWM,293.02,293.095,292.945,292.945,1136
2026-07-08 19:41:00+00:00,2026-07-08,IWM,292.94,292.94,292.86,292.9,1558
2026-07-08 19:42:00+00:00,2026-07-08,IWM,292.905,292.975,292.88,292.965,1686
2026-07-08 19:43:00+00:00,2026-07-08,IWM,292.98,293.04,292.95,293.035,1651
2026-07-08 19:44:00+00:00,2026-07-08,IWM,293.005,293.08,293.005,293.06,2051
2026-07-08 19:45:00+00:00,2026-07-08,IWM,293.085,293.085,292.78,292.84,5127
2026-07-08 19:46:00+00:00,2026-07-08,IWM,292.85,292.89,292.755,292.78,1888
2026-07-08 19:47:00+00:00,2026-07-08,IWM,292.76,292.76,292.51,292.57,5170
2026-07-08 19:48:00+00:00,2026-07-08,IWM,292.535,292.73,292.535,292.725,4789
2026-07-08 19:49:00+00:00,2026-07-08,IWM,292.71,292.81,292.7,292.735,1758
2026-07-08 19:50:00+00:00,2026-07-08,IWM,292.72,293.07,292.69,293.005,12806
2026-07-08 19:51:00+00:00,2026-07-08,IWM,292.985,293.17,292.98,293.07,6991
2026-07-08 19:52:00+00:00,2026-07-08,IWM,293.05,293.275,293.05,293.275,3097
2026-07-08 19:53:00+00:00,2026-07-08,IWM,293.265,293.35,293.255,293.26,5733
2026-07-08 19:54:00+00:00,2026-07-08,IWM,293.3,293.51,293.28,293.51,2470
2026-07-08 19:55:00+00:00,2026-07-08,IWM,293.56,293.685,293.55,293.62,5165
2026-07-08 19:56:00+00:00,2026-07-08,IWM,293.61,293.7,293.545,293.68,7091
2026-07-08 19:57:00+00:00,2026-07-08,IWM,293.65,293.9,293.645,293.84,7271
2026-07-08 19:58:00+00:00,2026-07-08,IWM,293.83,293.83,293.74,293.77,11081
2026-07-08 19:59:00+00:00,2026-07-08,IWM,293.78,293.83,293.48,293.49,38055
2026-07-08 20:25:00+00:00,2026-07-08,IWM,292.99,292.99,292.99,292.99,27
2026-07-09 09:19:00+00:00,2026-07-09,IWM,294.16,294.16,294.16,294.16,126
2026-07-09 10:01:00+00:00,2026-07-09,IWM,294.05,294.05,294.05,294.05,126
2026-07-09 10:32:00+00:00,2026-07-09,IWM,293.9,293.9,293.9,293.9,32
2026-07-09 11:36:00+00:00,2026-07-09,IWM,293.99,293.99,293.99,293.99,126
2026-07-09 11:53:00+00:00,2026-07-09,IWM,294.39,294.39,294.39,294.39,120
2026-07-09 11:54:00+00:00,2026-07-09,IWM,294.33,294.33,294.33,294.33,126
2026-07-09 12:04:00+00:00,2026-07-09,IWM,294.39,294.39,294.39,294.39,117
2026-07-09 12:28:00+00:00,2026-07-09,IWM,294.84,294.87,294.84,294.87,159
2026-07-09 12:34:00+00:00,2026-07-09,IWM,294.93,294.93,294.93,294.93,108
2026-07-09 12:37:00+00:00,2026-07-09,IWM,294.96,294.96,294.96,294.96,126
2026-07-09 12:38:00+00:00,2026-07-09,IWM,294.9,294.9,294.87,294.87,46
2026-07-09 12:39:00+00:00,2026-07-09,IWM,294.87,294.9,294.85,294.85,88
2026-07-09 12:40:00+00:00,2026-07-09,IWM,294.89,294.89,294.89,294.89,37
2026-07-09 12:45:00+00:00,2026-07-09,IWM,294.58,294.6,294.58,294.6,366
2026-07-09 12:57:00+00:00,2026-07-09,IWM,294.66,294.66,294.66,294.66,50
2026-07-09 13:03:00+00:00,2026-07-09,IWM,294.82,294.82,294.82,294.82,40
2026-07-09 13:05:00+00:00,2026-07-09,IWM,294.87,294.91,294.87,294.91,101
2026-07-09 13:07:00+00:00,2026-07-09,IWM,294.92,294.92,294.92,294.92,87
2026-07-09 13:11:00+00:00,2026-07-09,IWM,294.96,294.96,294.96,294.96,45
2026-07-09 13:14:00+00:00,2026-07-09,IWM,294.86,294.87,294.85,294.85,1320
2026-07-09 13:15:00+00:00,2026-07-09,IWM,294.86,294.86,294.86,294.86,40
2026-07-09 13:18:00+00:00,2026-07-09,IWM,294.84,294.85,294.84,294.85,706
2026-07-09 13:30:00+00:00,2026-07-09,IWM,295.26,295.69,295.16,295.48,22389
2026-07-09 13:31:00+00:00,2026-07-09,IWM,295.45,295.495,295.07,295.31,7007
2026-07-09 13:32:00+00:00,2026-07-09,IWM,295.23,295.31,295.005,295.05,9681
2026-07-09 13:33:00+00:00,2026-07-09,IWM,295.04,295.4,295.02,295.29,13760
2026-07-09 13:34:00+00:00,2026-07-09,IWM,295.365,295.62,295.365,295.58,5843
2026-07-09 13:35:00+00:00,2026-07-09,IWM,295.545,295.965,295.455,295.905,14608
2026-07-09 13:36:00+00:00,2026-07-09,IWM,295.885,295.93,295.37,295.44,13843
2026-07-09 13:37:00+00:00,2026-07-09,IWM,295.44,295.68,295.38,295.5,12084
2026-07-09 13:38:00+00:00,2026-07-09,IWM,295.44,295.69,295.29,295.31,12479
2026-07-09 13:39:00+00:00,2026-07-09,IWM,295.28,295.35,295.1,295.32,7533
2026-07-09 13:40:00+00:00,2026-07-09,IWM,295.36,295.37,294.98,295.0,5428
2026-07-09 13:41:00+00:00,2026-07-09,IWM,295.04,295.35,295.04,295.29,6818
2026-07-09 13:42:00+00:00,2026-07-09,IWM,295.23,295.57,295.16,295.565,8015
2026-07-09 13:43:00+00:00,2026-07-09,IWM,295.585,295.59,295.52,295.57,4471
2026-07-09 13:44:00+00:00,2026-07-09,IWM,295.595,295.77,295.58,295.74,2851
2026-07-09 13:45:00+00:00,2026-07-09,IWM,295.8,295.97,295.73,295.97,9021
2026-07-09 13:46:00+00:00,2026-07-09,IWM,295.875,295.945,295.66,295.795,7733
2026-07-09 13:47:00+00:00,2026-07-09,IWM,295.805,295.86,295.73,295.85,3339
2026-07-09 13:48:00+00:00,2026-07-09,IWM,295.8,295.88,295.735,295.735,2159
2026-07-09 13:49:00+00:00,2026-07-09,IWM,295.715,295.785,295.58,295.785,4216
2026-07-09 13:50:00+00:00,2026-07-09,IWM,295.78,295.81,295.625,295.76,2617
2026-07-09 13:51:00+00:00,2026-07-09,IWM,295.83,296.3,295.8,296.29,6628
2026-07-09 13:52:00+00:00,2026-07-09,IWM,296.3,296.66,296.3,296.66,8671
2026-07-09 13:53:00+00:00,2026-07-09,IWM,296.65,296.675,296.465,296.49,4039
2026-07-09 13:54:00+00:00,2026-07-09,IWM,296.49,296.66,296.455,296.53,3063
2026-07-09 13:55:00+00:00,2026-07-09,IWM,296.54,296.63,296.32,296.61,5304
2026-07-09 13:56:00+00:00,2026-07-09,IWM,296.62,296.66,296.37,296.38,5803
2026-07-09 13:57:00+00:00,2026-07-09,IWM,296.31,296.44,296.295,296.39,6680
2026-07-09 13:58:00+00:00,2026-07-09,IWM,296.355,296.65,296.35,296.64,3023
2026-07-09 13:59:00+00:00,2026-07-09,IWM,296.64,296.7,296.46,296.46,15136
2026-07-09 14:00:00+00:00,2026-07-09,IWM,296.47,296.67,296.42,296.63,2924
2026-07-09 14:01:00+00:00,2026-07-09,IWM,296.65,296.9,296.65,296.83,3877
2026-07-09 14:02:00+00:00,2026-07-09,IWM,296.83,296.89,296.545,296.57,13155
2026-07-09 14:03:00+00:00,2026-07-09,IWM,296.685,296.685,296.49,296.62,4129
2026-07-09 14:04:00+00:00,2026-07-09,IWM,296.63,296.645,296.53,296.565,9842
2026-07-09 14:05:00+00:00,2026-07-09,IWM,296.57,296.685,296.535,296.61,5505
2026-07-09 14:06:00+00:00,2026-07-09,IWM,296.75,296.75,296.53,296.55,7478
2026-07-09 14:07:00+00:00,2026-07-09,IWM,296.505,296.505,296.3,296.3,2475
2026-07-09 14:08:00+00:00,2026-07-09,IWM,296.39,296.47,296.34,296.47,13598
2026-07-09 14:09:00+00:00,2026-07-09,IWM,296.5,296.59,296.45,296.45,2192
2026-07-09 14:10:00+00:00,2026-07-09,IWM,296.4,296.41,296.25,296.27,4136
2026-07-09 14:11:00+00:00,2026-07-09,IWM,296.31,296.475,296.27,296.43,7347
2026-07-09 14:12:00+00:00,2026-07-09,IWM,296.43,296.49,296.39,296.44,3294
2026-07-09 14:13:00+00:00,2026-07-09,IWM,296.48,296.59,296.47,296.57,3353
2026-07-09 14:14:00+00:00,2026-07-09,IWM,296.57,296.81,296.57,296.69,6424
2026-07-09 14:15:00+00:00,2026-07-09,IWM,296.7,296.7,296.15,296.15,3456
2026-07-09 14:16:00+00:00,2026-07-09,IWM,296.18,296.23,295.99,296.23,6712
2026-07-09 14:17:00+00:00,2026-07-09,IWM,296.25,296.45,296.135,296.16,2957
2026-07-09 14:18:00+00:00,2026-07-09,IWM,296.11,296.2,296.03,296.2,6454
2026-07-09 14:19:00+00:00,2026-07-09,IWM,296.25,296.26,296.02,296.09,3997
2026-07-09 14:20:00+00:00,2026-07-09,IWM,296.04,296.11,295.62,295.64,3048
2026-07-09 14:21:00+00:00,2026-07-09,IWM,295.68,295.79,295.59,295.73,4422
2026-07-09 14:22:00+00:00,2026-07-09,IWM,295.79,296.1,295.74,296.05,8856
2026-07-09 14:23:00+00:00,2026-07-09,IWM,296.09,296.28,296.09,296.19,6645
2026-07-09 14:24:00+00:00,2026-07-09,IWM,296.25,296.6,296.23,296.6,2224
2026-07-09 14:25:00+00:00,2026-07-09,IWM,296.58,296.79,296.58,296.72,5341
2026-07-09 14:26:00+00:00,2026-07-09,IWM,296.76,296.76,296.65,296.72,3633
2026-07-09 14:27:00+00:00,2026-07-09,IWM,296.71,297.19,296.705,297.19,6525
2026-07-09 14:28:00+00:00,2026-07-09,IWM,297.15,297.38,297.15,297.35,3574
2026-07-09 14:29:00+00:00,2026-07-09,IWM,297.33,297.33,297.02,297.075,5940
2026-07-09 14:30:00+00:00,2026-07-09,IWM,297.08,297.13,296.93,296.93,3153
2026-07-09 14:31:00+00:00,2026-07-09,IWM,296.87,296.905,296.65,296.75,2600
2026-07-09 14:32:00+00:00,2026-07-09,IWM,296.78,296.955,296.78,296.93,1636
2026-07-09 14:33:00+00:00,2026-07-09,IWM,297.01,297.04,296.81,296.84,1451
2026-07-09 14:34:00+00:00,2026-07-09,IWM,296.82,296.94,296.74,296.94,2366
2026-07-09 14:35:00+00:00,2026-07-09,IWM,296.92,297.07,296.83,297.07,962
2026-07-09 14:36:00+00:00,2026-07-09,IWM,297.02,297.16,297.02,297.13,1092
2026-07-09 14:37:00+00:00,2026-07-09,IWM,297.135,297.135,296.91,297.11,3382
2026-07-09 14:38:00+00:00,2026-07-09,IWM,297.11,297.11,296.925,296.99,921
2026-07-09 14:39:00+00:00,2026-07-09,IWM,297.03,297.23,297.01,297.23,425
2026-07-09 14:40:00+00:00,2026-07-09,IWM,297.22,297.23,297.06,297.11,6486
2026-07-09 14:41:00+00:00,2026-07-09,IWM,297.11,297.11,296.95,297.1,2179
2026-07-09 14:42:00+00:00,2026-07-09,IWM,297.06,297.25,297.06,297.22,1298
2026-07-09 14:43:00+00:00,2026-07-09,IWM,297.285,297.315,297.23,297.27,3442
2026-07-09 14:44:00+00:00,2026-07-09,IWM,297.22,297.24,297.09,297.095,2381
2026-07-09 14:45:00+00:00,2026-07-09,IWM,297.1,297.3,297.075,297.26,2599
2026-07-09 14:46:00+00:00,2026-07-09,IWM,297.26,297.48,297.26,297.37,4000
2026-07-09 14:47:00+00:00,2026-07-09,IWM,297.41,297.41,297.1,297.23,5065
2026-07-09 14:48:00+00:00,2026-07-09,IWM,297.28,297.36,297.28,297.36,445
2026-07-09 14:49:00+00:00,2026-07-09,IWM,297.38,297.41,297.27,297.27,1618
2026-07-09 14:50:00+00:00,2026-07-09,IWM,297.26,297.26,297.05,297.255,3209
2026-07-09 14:51:00+00:00,2026-07-09,IWM,297.29,297.29,297.1,297.17,1564
2026-07-09 14:52:00+00:00,2026-07-09,IWM,297.16,297.2,296.93,296.96,7012
2026-07-09 14:53:00+00:00,2026-07-09,IWM,296.93,297.11,296.78,297.11,2549
2026-07-09 14:54:00+00:00,2026-07-09,IWM,297.09,297.24,297.01,297.24,2149
2026-07-09 14:55:00+00:00,2026-07-09,IWM,297.22,297.29,297.14,297.27,1031
2026-07-09 14:56:00+00:00,2026-07-09,IWM,297.28,297.31,297.175,297.18,2500
2026-07-09 14:57:00+00:00,2026-07-09,IWM,297.17,297.32,297.17,297.3,872
2026-07-09 14:58:00+00:00,2026-07-09,IWM,297.4,297.54,297.38,297.48,2214
2026-07-09 14:59:00+00:00,2026-07-09,IWM,297.41,297.54,297.4,297.49,688
2026-07-09 15:00:00+00:00,2026-07-09,IWM,297.49,297.52,297.43,297.5,2323
2026-07-09 15:01:00+00:00,2026-07-09,IWM,297.5,297.54,297.41,297.47,1573
2026-07-09 15:02:00+00:00,2026-07-09,IWM,297.48,297.48,297.26,297.26,2178
2026-07-09 15:03:00+00:00,2026-07-09,IWM,297.25,297.36,297.25,297.36,773
2026-07-09 15:04:00+00:00,2026-07-09,IWM,297.38,297.4,297.32,297.39,902
2026-07-09 15:05:00+00:00,2026-07-09,IWM,297.4,297.4,297.33,297.36,3656
2026-07-09 15:06:00+00:00,2026-07-09,IWM,297.34,297.62,297.34,297.62,2740
2026-07-09 15:07:00+00:00,2026-07-09,IWM,297.62,297.62,297.495,297.55,4871
2026-07-09 15:08:00+00:00,2026-07-09,IWM,297.55,297.61,297.47,297.57,1605
2026-07-09 15:09:00+00:00,2026-07-09,IWM,297.6,297.64,297.54,297.555,2301
2026-07-09 15:10:00+00:00,2026-07-09,IWM,297.57,297.6,297.52,297.57,1735
2026-07-09 15:11:00+00:00,2026-07-09,IWM,297.5,297.53,297.38,297.41,3221
2026-07-09 15:12:00+00:00,2026-07-09,IWM,297.39,297.42,297.36,297.38,580
2026-07-09 15:13:00+00:00,2026-07-09,IWM,297.34,297.45,297.34,297.37,931
2026-07-09 15:14:00+00:00,2026-07-09,IWM,297.36,297.36,297.27,297.29,1118
2026-07-09 15:15:00+00:00,2026-07-09,IWM,297.26,297.39,297.26,297.39,2785
2026-07-09 15:16:00+00:00,2026-07-09,IWM,297.34,297.34,297.24,297.24,739
2026-07-09 15:17:00+00:00,2026-07-09,IWM,297.23,297.23,297.09,297.1,1688
2026-07-09 15:18:00+00:00,2026-07-09,IWM,297.07,297.09,296.95,296.98,3540
2026-07-09 15:19:00+00:00,2026-07-09,IWM,297.0,297.045,296.93,296.96,2239
2026-07-09 15:20:00+00:00,2026-07-09,IWM,296.97,297.02,296.91,297.0,6200
2026-07-09 15:21:00+00:00,2026-07-09,IWM,296.96,297.05,296.925,296.98,5432
2026-07-09 15:22:00+00:00,2026-07-09,IWM,297.0,297.2,296.94,297.18,3806
2026-07-09 15:23:00+00:00,2026-07-09,IWM,297.15,297.19,297.04,297.11,9677
2026-07-09 15:24:00+00:00,2026-07-09,IWM,297.08,297.11,297.01,297.08,1084
2026-07-09 15:25:00+00:00,2026-07-09,IWM,297.04,297.075,297.01,297.05,2908
2026-07-09 15:26:00+00:00,2026-07-09,IWM,297.06,297.11,297.02,297.08,1449
2026-07-09 15:27:00+00:00,2026-07-09,IWM,297.135,297.15,297.105,297.13,1367
2026-07-09 15:28:00+00:00,2026-07-09,IWM,297.1,297.14,297.03,297.11,4578
2026-07-09 15:29:00+00:00,2026-07-09,IWM,297.16,297.17,297.06,297.06,1166
2026-07-09 15:30:00+00:00,2026-07-09,IWM,297.08,297.08,296.95,296.96,5521
2026-07-09 15:31:00+00:00,2026-07-09,IWM,296.98,297.03,296.96,297.02,1806
2026-07-09 15:32:00+00:00,2026-07-09,IWM,296.94,296.97,296.87,296.87,560
2026-07-09 15:33:00+00:00,2026-07-09,IWM,296.87,296.94,296.85,296.855,3002
2026-07-09 15:34:00+00:00,2026-07-09,IWM,296.81,296.84,296.73,296.84,2137
2026-07-09 15:35:00+00:00,2026-07-09,IWM,296.79,296.855,296.67,296.7,1488
2026-07-09 15:36:00+00:00,2026-07-09,IWM,296.71,296.79,296.71,296.79,1419
2026-07-09 15:37:00+00:00,2026-07-09,IWM,296.81,296.85,296.76,296.77,1559
2026-07-09 15:38:00+00:00,2026-07-09,IWM,296.75,296.88,296.74,296.88,1865
2026-07-09 15:39:00+00:00,2026-07-09,IWM,296.86,296.86,296.77,296.77,1327
2026-07-09 15:40:00+00:00,2026-07-09,IWM,296.85,296.975,296.8,296.97,916
2026-07-09 15:41:00+00:00,2026-07-09,IWM,296.96,297.15,296.96,297.12,1482
2026-07-09 15:42:00+00:00,2026-07-09,IWM,297.11,297.19,297.1,297.18,1524
2026-07-09 15:43:00+00:00,2026-07-09,IWM,297.18,297.24,297.17,297.24,1571
2026-07-09 15:44:00+00:00,2026-07-09,IWM,297.2,297.32,297.2,297.28,1494
2026-07-09 15:45:00+00:00,2026-07-09,IWM,297.3,297.38,297.26,297.31,960
2026-07-09 15:46:00+00:00,2026-07-09,IWM,297.29,297.29,297.12,297.12,2288
2026-07-09 15:47:00+00:00,2026-07-09,IWM,297.12,297.12,296.99,297.08,1985
2026-07-09 15:48:00+00:00,2026-07-09,IWM,297.08,297.09,296.99,297.09,980
2026-07-09 15:49:00+00:00,2026-07-09,IWM,297.16,297.16,297.12,297.12,927
2026-07-09 15:50:00+00:00,2026-07-09,IWM,297.12,297.16,297.02,297.02,1675
2026-07-09 15:51:00+00:00,2026-07-09,IWM,297.01,297.02,297.0,297.02,281
2026-07-09 15:52:00+00:00,2026-07-09,IWM,296.93,296.99,296.91,296.92,750
2026-07-09 15:53:00+00:00,2026-07-09,IWM,296.92,297.01,296.92,296.96,4412
2026-07-09 15:54:00+00:00,2026-07-09,IWM,296.93,296.93,296.85,296.9,12307
2026-07-09 15:55:00+00:00,2026-07-09,IWM,296.98,297.0,296.895,296.94,4022
2026-07-09 15:56:00+00:00,2026-07-09,IWM,296.85,296.94,296.79,296.81,3886
2026-07-09 15:57:00+00:00,2026-07-09,IWM,296.845,296.88,296.79,296.88,4857
2026-07-09 15:58:00+00:00,2026-07-09,IWM,296.89,296.94,296.85,296.92,3075
2026-07-09 15:59:00+00:00,2026-07-09,IWM,296.91,296.99,296.91,296.92,1974
2026-07-09 16:00:00+00:00,2026-07-09,IWM,296.98,297.135,296.98,297.125,992
2026-07-09 16:01:00+00:00,2026-07-09,IWM,297.2,297.27,297.19,297.26,1200
2026-07-09 16:02:00+00:00,2026-07-09,IWM,297.23,297.25,297.12,297.23,3141
2026-07-09 16:03:00+00:00,2026-07-09,IWM,297.22,297.28,297.17,297.2,1930
2026-07-09 16:04:00+00:00,2026-07-09,IWM,297.155,297.265,297.155,297.22,1252
2026-07-09 16:05:00+00:00,2026-07-09,IWM,297.21,297.345,297.21,297.3,757
2026-07-09 16:06:00+00:00,2026-07-09,IWM,297.26,297.27,297.16,297.18,288
2026-07-09 16:07:00+00:00,2026-07-09,IWM,297.13,297.24,297.13,297.24,501
2026-07-09 16:08:00+00:00,2026-07-09,IWM,297.27,297.32,297.245,297.3,570
2026-07-09 16:09:00+00:00,2026-07-09,IWM,297.31,297.36,297.26,297.27,991
2026-07-09 16:10:00+00:00,2026-07-09,IWM,297.28,297.28,297.21,297.26,1586
2026-07-09 16:11:00+00:00,2026-07-09,IWM,297.29,297.29,297.17,297.17,1081
2026-07-09 16:12:00+00:00,2026-07-09,IWM,297.15,297.19,297.12,297.15,4119
2026-07-09 16:13:00+00:00,2026-07-09,IWM,297.255,297.26,297.24,297.25,630
2026-07-09 16:14:00+00:00,2026-07-09,IWM,297.25,297.34,297.25,297.32,509
2026-07-09 16:15:00+00:00,2026-07-09,IWM,297.31,297.34,297.29,297.3,745
2026-07-09 16:16:00+00:00,2026-07-09,IWM,297.33,297.34,297.31,297.34,346
2026-07-09 16:17:00+00:00,2026-07-09,IWM,297.33,297.33,297.2,297.21,1400
2026-07-09 16:18:00+00:00,2026-07-09,IWM,297.205,297.25,297.205,297.23,257
2026-07-09 16:19:00+00:00,2026-07-09,IWM,297.24,297.26,297.19,297.2,183
2026-07-09 16:20:00+00:00,2026-07-09,IWM,297.12,297.22,297.12,297.18,160
2026-07-09 16:21:00+00:00,2026-07-09,IWM,297.2,297.29,297.2,297.29,493
2026-07-09 16:22:00+00:00,2026-07-09,IWM,297.27,297.27,297.19,297.19,1248
2026-07-09 16:23:00+00:00,2026-07-09,IWM,297.19,297.26,297.19,297.26,281
2026-07-09 16:24:00+00:00,2026-07-09,IWM,297.25,297.25,297.24,297.24,25
2026-07-09 16:25:00+00:00,2026-07-09,IWM,297.24,297.25,297.16,297.16,687
2026-07-09 16:26:00+00:00,2026-07-09,IWM,297.14,297.14,297.07,297.07,795
2026-07-09 16:27:00+00:00,2026-07-09,IWM,297.13,297.13,297.12,297.12,172
2026-07-09 16:28:00+00:00,2026-07-09,IWM,297.15,297.15,297.105,297.125,386
2026-07-09 16:29:00+00:00,2026-07-09,IWM,297.17,297.17,297.13,297.13,390
2026-07-09 16:30:00+00:00,2026-07-09,IWM,297.2,297.29,297.19,297.29,2292
2026-07-09 16:31:00+00:00,2026-07-09,IWM,297.3,297.32,297.24,297.24,2012
2026-07-09 16:32:00+00:00,2026-07-09,IWM,297.275,297.31,297.27,297.3,1201
2026-07-09 16:33:00+00:00,2026-07-09,IWM,297.32,297.32,297.23,297.24,1841
2026-07-09 16:34:00+00:00,2026-07-09,IWM,297.25,297.25,297.165,297.24,1293
2026-07-09 16:35:00+00:00,2026-07-09,IWM,297.2,297.2,297.125,297.13,1543
2026-07-09 16:36:00+00:00,2026-07-09,IWM,297.14,297.14,297.1,297.11,200
2026-07-09 16:37:00+00:00,2026-07-09,IWM,297.07,297.15,297.07,297.15,1404
2026-07-09 16:38:00+00:00,2026-07-09,IWM,297.1,297.155,297.1,297.12,1927
2026-07-09 16:39:00+00:00,2026-07-09,IWM,297.16,297.235,297.15,297.22,863
2026-07-09 16:40:00+00:00,2026-07-09,IWM,297.24,297.3,297.2,297.29,1949
2026-07-09 16:41:00+00:00,2026-07-09,IWM,297.24,297.24,297.155,297.16,195
2026-07-09 16:42:00+00:00,2026-07-09,IWM,297.11,297.12,297.06,297.06,789
2026-07-09 16:43:00+00:00,2026-07-09,IWM,297.07,297.2,297.07,297.19,1751
2026-07-09 16:44:00+00:00,2026-07-09,IWM,297.15,297.23,297.13,297.21,2196
2026-07-09 16:45:00+00:00,2026-07-09,IWM,297.21,297.27,297.21,297.21,1966
2026-07-09 16:46:00+00:00,2026-07-09,IWM,297.215,297.22,297.14,297.14,335
2026-07-09 16:47:00+00:00,2026-07-09,IWM,297.12,297.18,297.06,297.07,1952
2026-07-09 16:48:00+00:00,2026-07-09,IWM,297.12,297.16,297.11,297.14,1169
2026-07-09 16:49:00+00:00,2026-07-09,IWM,297.11,297.21,297.11,297.195,1457
2026-07-09 16:50:00+00:00,2026-07-09,IWM,297.175,297.22,297.16,297.21,1007
2026-07-09 16:51:00+00:00,2026-07-09,IWM,297.23,297.24,297.21,297.24,1181
2026-07-09 16:52:00+00:00,2026-07-09,IWM,297.24,297.24,297.15,297.24,1017
2026-07-09 16:53:00+00:00,2026-07-09,IWM,297.23,297.26,297.215,297.22,635
2026-07-09 16:54:00+00:00,2026-07-09,IWM,297.19,297.26,297.19,297.215,273
2026-07-09 16:55:00+00:00,2026-07-09,IWM,297.19,297.2,297.16,297.16,170
2026-07-09 16:56:00+00:00,2026-07-09,IWM,297.2,297.27,297.2,297.25,210
2026-07-09 16:57:00+00:00,2026-07-09,IWM,297.22,297.22,297.13,297.15,586
2026-07-09 16:58:00+00:00,2026-07-09,IWM,297.15,297.24,297.12,297.23,1650
2026-07-09 16:59:00+00:00,2026-07-09,IWM,297.2,297.2,297.2,297.2,8
2026-07-09 17:00:00+00:00,2026-07-09,IWM,297.21,297.31,297.21,297.31,47
2026-07-09 17:01:00+00:00,2026-07-09,IWM,297.33,297.38,297.32,297.33,235
2026-07-09 17:02:00+00:00,2026-07-09,IWM,297.3,297.3,297.23,297.3,156
2026-07-09 17:03:00+00:00,2026-07-09,IWM,297.3,297.31,297.285,297.31,408
2026-07-09 17:04:00+00:00,2026-07-09,IWM,297.29,297.29,297.24,297.24,212
2026-07-09 17:05:00+00:00,2026-07-09,IWM,297.25,297.26,297.24,297.24,178
2026-07-09 17:06:00+00:00,2026-07-09,IWM,297.24,297.34,297.24,297.34,403
2026-07-09 17:07:00+00:00,2026-07-09,IWM,297.39,297.45,297.39,297.45,1058
2026-07-09 17:08:00+00:00,2026-07-09,IWM,297.46,297.46,297.39,297.44,1969
2026-07-09 17:09:00+00:00,2026-07-09,IWM,297.46,297.47,297.44,297.44,205
2026-07-09 17:10:00+00:00,2026-07-09,IWM,297.47,297.48,297.42,297.42,3919
2026-07-09 17:11:00+00:00,2026-07-09,IWM,297.46,297.46,297.38,297.39,380
2026-07-09 17:12:00+00:00,2026-07-09,IWM,297.38,297.4,297.38,297.39,2655
2026-07-09 17:13:00+00:00,2026-07-09,IWM,297.4,297.4,297.365,297.37,86
2026-07-09 17:14:00+00:00,2026-07-09,IWM,297.41,297.43,297.38,297.43,110
2026-07-09 17:15:00+00:00,2026-07-09,IWM,297.43,297.46,297.42,297.46,629
2026-07-09 17:16:00+00:00,2026-07-09,IWM,297.46,297.48,297.42,297.43,625
2026-07-09 17:17:00+00:00,2026-07-09,IWM,297.44,297.57,297.44,297.57,480
2026-07-09 17:18:00+00:00,2026-07-09,IWM,297.54,297.57,297.53,297.53,710
2026-07-09 17:19:00+00:00,2026-07-09,IWM,297.57,297.59,297.56,297.58,2873
2026-07-09 17:20:00+00:00,2026-07-09,IWM,297.6,297.65,297.6,297.6,466
2026-07-09 17:21:00+00:00,2026-07-09,IWM,297.59,297.61,297.56,297.6,3129
2026-07-09 17:22:00+00:00,2026-07-09,IWM,297.59,297.63,297.51,297.6,14069
2026-07-09 17:23:00+00:00,2026-07-09,IWM,297.58,297.59,297.57,297.58,1331
2026-07-09 17:24:00+00:00,2026-07-09,IWM,297.56,297.62,297.56,297.62,160
2026-07-09 17:25:00+00:00,2026-07-09,IWM,297.57,297.64,297.57,297.64,1380
2026-07-09 17:26:00+00:00,2026-07-09,IWM,297.61,297.62,297.59,297.59,1152
2026-07-09 17:27:00+00:00,2026-07-09,IWM,297.6,297.69,297.6,297.69,615
2026-07-09 17:28:00+00:00,2026-07-09,IWM,297.68,297.72,297.655,297.71,598
2026-07-09 17:29:00+00:00,2026-07-09,IWM,297.72,297.77,297.72,297.77,2469
2026-07-09 17:30:00+00:00,2026-07-09,IWM,297.77,297.87,297.76,297.8,2710
2026-07-09 17:31:00+00:00,2026-07-09,IWM,297.8,297.8,297.725,297.74,1547
2026-07-09 17:32:00+00:00,2026-07-09,IWM,297.68,297.68,297.62,297.65,2021
2026-07-09 17:33:00+00:00,2026-07-09,IWM,297.66,297.71,297.66,297.71,362
2026-07-09 17:34:00+00:00,2026-07-09,IWM,297.69,297.69,297.69,297.69,230
2026-07-09 17:35:00+00:00,2026-07-09,IWM,297.69,297.695,297.67,297.69,1096
2026-07-09 17:36:00+00:00,2026-07-09,IWM,297.65,297.69,297.645,297.655,1098
2026-07-09 17:37:00+00:00,2026-07-09,IWM,297.65,297.72,297.65,297.67,558
2026-07-09 17:38:00+00:00,2026-07-09,IWM,297.62,297.64,297.475,297.5,5426
2026-07-09 17:39:00+00:00,2026-07-09,IWM,297.5,297.56,297.5,297.55,744
2026-07-09 17:40:00+00:00,2026-07-09,IWM,297.54,297.545,297.51,297.54,723
2026-07-09 17:41:00+00:00,2026-07-09,IWM,297.6,297.63,297.59,297.62,627
2026-07-09 17:42:00+00:00,2026-07-09,IWM,297.62,297.71,297.6,297.71,1115
2026-07-09 17:43:00+00:00,2026-07-09,IWM,297.73,297.74,297.72,297.72,856
2026-07-09 17:44:00+00:00,2026-07-09,IWM,297.75,297.75,297.72,297.73,794
2026-07-09 17:45:00+00:00,2026-07-09,IWM,297.75,297.75,297.74,297.74,45
2026-07-09 17:46:00+00:00,2026-07-09,IWM,297.735,297.76,297.735,297.76,584
2026-07-09 17:47:00+00:00,2026-07-09,IWM,297.795,297.835,297.795,297.83,796
2026-07-09 17:48:00+00:00,2026-07-09,IWM,297.87,297.87,297.82,297.82,160
2026-07-09 17:49:00+00:00,2026-07-09,IWM,297.83,297.86,297.8,297.8,990
2026-07-09 17:50:00+00:00,2026-07-09,IWM,297.77,297.83,297.765,297.79,1446
2026-07-09 17:51:00+00:00,2026-07-09,IWM,297.79,297.82,297.79,297.81,593
2026-07-09 17:52:00+00:00,2026-07-09,IWM,297.825,297.86,297.79,297.82,4319
2026-07-09 17:53:00+00:00,2026-07-09,IWM,297.84,297.84,297.79,297.8,203
2026-07-09 17:54:00+00:00,2026-07-09,IWM,297.72,297.72,297.67,297.67,383
2026-07-09 17:55:00+00:00,2026-07-09,IWM,297.66,297.76,297.66,297.7,1666
2026-07-09 17:56:00+00:00,2026-07-09,IWM,297.705,297.71,297.705,297.71,163
2026-07-09 17:57:00+00:00,2026-07-09,IWM,297.745,297.75,297.64,297.64,606
2026-07-09 17:58:00+00:00,2026-07-09,IWM,297.63,297.67,297.54,297.58,3005
2026-07-09 17:59:00+00:00,2026-07-09,IWM,297.56,297.635,297.56,297.635,1080
2026-07-09 18:00:00+00:00,2026-07-09,IWM,297.57,297.61,297.57,297.6,313
2026-07-09 18:01:00+00:00,2026-07-09,IWM,297.63,297.7,297.62,297.675,1944
2026-07-09 18:02:00+00:00,2026-07-09,IWM,297.68,297.68,297.57,297.57,433
2026-07-09 18:03:00+00:00,2026-07-09,IWM,297.56,297.59,297.56,297.575,325
2026-07-09 18:04:00+00:00,2026-07-09,IWM,297.47,297.56,297.47,297.56,540
2026-07-09 18:05:00+00:00,2026-07-09,IWM,297.58,297.63,297.56,297.57,7813
2026-07-09 18:06:00+00:00,2026-07-09,IWM,297.64,297.68,297.62,297.68,2161
2026-07-09 18:07:00+00:00,2026-07-09,IWM,297.68,297.73,297.67,297.73,600
2026-07-09 18:08:00+00:00,2026-07-09,IWM,297.74,297.75,297.71,297.735,68
2026-07-09 18:09:00+00:00,2026-07-09,IWM,297.72,297.73,297.7,297.7,194
2026-07-09 18:10:00+00:00,2026-07-09,IWM,297.67,297.74,297.65,297.74,2823
2026-07-09 18:11:00+00:00,2026-07-09,IWM,297.81,297.81,297.81,297.81,80
2026-07-09 18:12:00+00:00,2026-07-09,IWM,297.815,297.87,297.8,297.86,200
2026-07-09 18:13:00+00:00,2026-07-09,IWM,297.83,297.83,297.715,297.715,1404
2026-07-09 18:14:00+00:00,2026-07-09,IWM,297.725,297.8,297.725,297.8,125
2026-07-09 18:15:00+00:00,2026-07-09,IWM,297.78,297.805,297.78,297.805,38
2026-07-09 18:16:00+00:00,2026-07-09,IWM,297.755,297.79,297.7,297.7,730
2026-07-09 18:17:00+00:00,2026-07-09,IWM,297.705,297.72,297.65,297.65,2320
2026-07-09 18:18:00+00:00,2026-07-09,IWM,297.62,297.63,297.58,297.59,1721
2026-07-09 18:19:00+00:00,2026-07-09,IWM,297.635,297.69,297.635,297.69,192
2026-07-09 18:20:00+00:00,2026-07-09,IWM,297.59,297.6,297.49,297.495,5018
2026-07-09 18:21:00+00:00,2026-07-09,IWM,297.51,297.555,297.48,297.53,1916
2026-07-09 18:22:00+00:00,2026-07-09,IWM,297.53,297.54,297.51,297.51,1052
2026-07-09 18:23:00+00:00,2026-07-09,IWM,297.48,297.51,297.46,297.47,746
2026-07-09 18:24:00+00:00,2026-07-09,IWM,297.43,297.52,297.43,297.48,4806
2026-07-09 18:25:00+00:00,2026-07-09,IWM,297.47,297.51,297.42,297.45,3492
2026-07-09 18:26:00+00:00,2026-07-09,IWM,297.44,297.44,297.32,297.33,2322
2026-07-09 18:27:00+00:00,2026-07-09,IWM,297.33,297.41,297.33,297.39,3019
2026-07-09 18:28:00+00:00,2026-07-09,IWM,297.47,297.47,297.35,297.36,848
2026-07-09 18:29:00+00:00,2026-07-09,IWM,297.37,297.44,297.35,297.44,1725
2026-07-09 18:30:00+00:00,2026-07-09,IWM,297.46,297.56,297.46,297.53,7790
2026-07-09 18:31:00+00:00,2026-07-09,IWM,297.53,297.535,297.52,297.525,270
2026-07-09 18:32:00+00:00,2026-07-09,IWM,297.48,297.49,297.43,297.44,374
2026-07-09 18:33:00+00:00,2026-07-09,IWM,297.42,297.51,297.42,297.51,751
2026-07-09 18:34:00+00:00,2026-07-09,IWM,297.51,297.52,297.465,297.465,360
2026-07-09 18:35:00+00:00,2026-07-09,IWM,297.43,297.43,297.39,297.42,2712
2026-07-09 18:36:00+00:00,2026-07-09,IWM,297.39,297.46,297.39,297.46,801
2026-07-09 18:37:00+00:00,2026-07-09,IWM,297.48,297.49,297.42,297.43,1719
2026-07-09 18:38:00+00:00,2026-07-09,IWM,297.41,297.43,297.39,297.42,497
2026-07-09 18:39:00+00:00,2026-07-09,IWM,297.4,297.4,297.36,297.36,461
2026-07-09 18:40:00+00:00,2026-07-09,IWM,297.34,297.455,297.33,297.425,1883
2026-07-09 18:41:00+00:00,2026-07-09,IWM,297.43,297.43,297.395,297.43,622
2026-07-09 18:42:00+00:00,2026-07-09,IWM,297.46,297.555,297.46,297.55,373
2026-07-09 18:43:00+00:00,2026-07-09,IWM,297.52,297.53,297.52,297.525,681
2026-07-09 18:44:00+00:00,2026-07-09,IWM,297.53,297.56,297.53,297.53,229
2026-07-09 18:45:00+00:00,2026-07-09,IWM,297.51,297.525,297.46,297.525,712
2026-07-09 18:46:00+00:00,2026-07-09,IWM,297.52,297.52,297.46,297.51,255
2026-07-09 18:47:00+00:00,2026-07-09,IWM,297.51,297.63,297.51,297.61,573
2026-07-09 18:48:00+00:00,2026-07-09,IWM,297.6,297.68,297.59,297.68,344
2026-07-09 18:49:00+00:00,2026-07-09,IWM,297.67,297.68,297.65,297.655,304
2026-07-09 18:50:00+00:00,2026-07-09,IWM,297.645,297.7,297.645,297.67,563
2026-07-09 18:51:00+00:00,2026-07-09,IWM,297.64,297.645,297.59,297.64,712
2026-07-09 18:52:00+00:00,2026-07-09,IWM,297.67,297.67,297.63,297.63,366
2026-07-09 18:53:00+00:00,2026-07-09,IWM,297.6,297.65,297.6,297.605,258
2026-07-09 18:54:00+00:00,2026-07-09,IWM,297.67,297.7,297.645,297.645,307
2026-07-09 18:55:00+00:00,2026-07-09,IWM,297.61,297.63,297.54,297.54,1682
2026-07-09 18:56:00+00:00,2026-07-09,IWM,297.55,297.62,297.55,297.62,1890
2026-07-09 18:57:00+00:00,2026-07-09,IWM,297.64,297.65,297.605,297.63,3764
2026-07-09 18:58:00+00:00,2026-07-09,IWM,297.63,297.66,297.6,297.63,2047
2026-07-09 18:59:00+00:00,2026-07-09,IWM,297.63,297.72,297.63,297.7,1751
2026-07-09 19:00:00+00:00,2026-07-09,IWM,297.695,297.72,297.62,297.62,1966
2026-07-09 19:01:00+00:00,2026-07-09,IWM,297.6,297.625,297.55,297.625,2085
2026-07-09 19:02:00+00:00,2026-07-09,IWM,297.66,297.7,297.63,297.64,4107
2026-07-09 19:03:00+00:00,2026-07-09,IWM,297.665,297.665,297.55,297.56,5416
2026-07-09 19:04:00+00:00,2026-07-09,IWM,297.54,297.54,297.42,297.48,9810
2026-07-09 19:05:00+00:00,2026-07-09,IWM,297.48,297.485,297.45,297.47,712
2026-07-09 19:06:00+00:00,2026-07-09,IWM,297.48,297.58,297.47,297.56,1824
2026-07-09 19:07:00+00:00,2026-07-09,IWM,297.55,297.55,297.5,297.52,510
2026-07-09 19:08:00+00:00,2026-07-09,IWM,297.51,297.52,297.37,297.42,1581
2026-07-09 19:09:00+00:00,2026-07-09,IWM,297.43,297.46,297.41,297.45,1578
2026-07-09 19:10:00+00:00,2026-07-09,IWM,297.46,297.46,297.39,297.42,1807
2026-07-09 19:11:00+00:00,2026-07-09,IWM,297.44,297.52,297.42,297.52,3941
2026-07-09 19:12:00+00:00,2026-07-09,IWM,297.525,297.595,297.525,297.585,447
2026-07-09 19:13:00+00:00,2026-07-09,IWM,297.615,297.615,297.53,297.54,243
2026-07-09 19:14:00+00:00,2026-07-09,IWM,297.56,297.61,297.54,297.54,1336
2026-07-09 19:15:00+00:00,2026-07-09,IWM,297.535,297.535,297.46,297.48,312
2026-07-09 19:16:00+00:00,2026-07-09,IWM,297.54,297.63,297.54,297.63,2920
2026-07-09 19:17:00+00:00,2026-07-09,IWM,297.6,297.64,297.595,297.64,275
2026-07-09 19:18:00+00:00,2026-07-09,IWM,297.66,297.72,297.64,297.66,2075
2026-07-09 19:19:00+00:00,2026-07-09,IWM,297.68,297.72,297.68,297.705,321
2026-07-09 19:20:00+00:00,2026-07-09,IWM,297.685,297.69,297.6,297.6,373
2026-07-09 19:21:00+00:00,2026-07-09,IWM,297.61,297.745,297.6,297.71,2134
2026-07-09 19:22:00+00:00,2026-07-09,IWM,297.715,297.715,297.66,297.675,1646
2026-07-09 19:23:00+00:00,2026-07-09,IWM,297.65,297.69,297.61,297.69,3664
2026-07-09 19:24:00+00:00,2026-07-09,IWM,297.69,297.71,297.68,297.68,1442
2026-07-09 19:25:00+00:00,2026-07-09,IWM,297.63,297.67,297.63,297.64,552
2026-07-09 19:26:00+00:00,2026-07-09,IWM,297.62,297.655,297.555,297.575,3092
2026-07-09 19:27:00+00:00,2026-07-09,IWM,297.55,297.64,297.55,297.595,649
2026-07-09 19:28:00+00:00,2026-07-09,IWM,297.61,297.61,297.575,297.59,2136
2026-07-09 19:29:00+00:00,2026-07-09,IWM,297.56,297.59,297.54,297.54,1029
2026-07-09 19:30:00+00:00,2026-07-09,IWM,297.52,297.545,297.48,297.49,6181
2026-07-09 19:31:00+00:00,2026-07-09,IWM,297.465,297.52,297.455,297.49,1507
2026-07-09 19:32:00+00:00,2026-07-09,IWM,297.505,297.51,297.46,297.485,1362
2026-07-09 19:33:00+00:00,2026-07-09,IWM,297.45,297.48,297.4,297.41,2057
2026-07-09 19:34:00+00:00,2026-07-09,IWM,297.405,297.46,297.4,297.405,4528
2026-07-09 19:35:00+00:00,2026-07-09,IWM,297.415,297.525,297.395,297.49,6171
2026-07-09 19:36:00+00:00,2026-07-09,IWM,297.495,297.55,297.465,297.47,2865
2026-07-09 19:37:00+00:00,2026-07-09,IWM,297.46,297.46,297.36,297.41,3747
2026-07-09 19:38:00+00:00,2026-07-09,IWM,297.39,297.455,297.39,297.455,5377
2026-07-09 19:39:00+00:00,2026-07-09,IWM,297.43,297.5,297.42,297.5,3600
2026-07-09 19:40:00+00:00,2026-07-09,IWM,297.5,297.565,297.5,297.51,1778
2026-07-09 19:41:00+00:00,2026-07-09,IWM,297.52,297.56,297.495,297.54,4436
2026-07-09 19:42:00+00:00,2026-07-09,IWM,297.555,297.56,297.465,297.465,3016
2026-07-09 19:43:00+00:00,2026-07-09,IWM,297.465,297.485,297.405,297.425,6556
2026-07-09 19:44:00+00:00,2026-07-09,IWM,297.46,297.51,297.46,297.49,1526
2026-07-09 19:45:00+00:00,2026-07-09,IWM,297.47,297.555,297.455,297.46,3549
2026-07-09 19:46:00+00:00,2026-07-09,IWM,297.455,297.48,297.425,297.47,3412
2026-07-09 19:47:00+00:00,2026-07-09,IWM,297.45,297.5,297.45,297.46,4102
2026-07-09 19:48:00+00:00,2026-07-09,IWM,297.445,297.445,297.405,297.42,664
2026-07-09 19:49:00+00:00,2026-07-09,IWM,297.4,297.42,297.365,297.395,3271
2026-07-09 19:50:00+00:00,2026-07-09,IWM,297.36,297.36,297.17,297.185,9645
2026-07-09 19:51:00+00:00,2026-07-09,IWM,297.21,297.22,297.05,297.05,15597
2026-07-09 19:52:00+00:00,2026-07-09,IWM,297.02,297.145,296.99,297.125,12843
2026-07-09 19:53:00+00:00,2026-07-09,IWM,297.13,297.15,297.035,297.085,5308
2026-07-09 19:54:00+00:00,2026-07-09,IWM,297.12,297.14,297.025,297.09,9437
2026-07-09 19:55:00+00:00,2026-07-09,IWM,297.09,297.16,297.03,297.11,8610
2026-07-09 19:56:00+00:00,2026-07-09,IWM,297.09,297.16,297.085,297.1,23639
2026-07-09 19:57:00+00:00,2026-07-09,IWM,297.095,297.22,297.095,297.17,19641
2026-07-09 19:58:00+00:00,2026-07-09,IWM,297.19,297.24,297.175,297.2,17544
2026-07-09 19:59:00+00:00,2026-07-09,IWM,297.19,297.28,297.14,297.21,29512
2026-07-09 20:04:00+00:00,2026-07-09,IWM,297.38,297.38,297.38,297.38,132
2026-07-09 20:05:00+00:00,2026-07-09,IWM,297.41,297.41,297.38,297.38,1000
2026-07-09 20:06:00+00:00,2026-07-09,IWM,297.42,297.42,297.42,297.42,464
2026-07-09 20:07:00+00:00,2026-07-09,IWM,297.4,297.4,297.39,297.39,1000
2026-07-09 20:23:00+00:00,2026-07-09,IWM,297.31,297.31,297.31,297.31,120
2026-07-10 11:29:00+00:00,2026-07-10,IWM,297.2,297.2,297.17,297.17,372
2026-07-10 11:30:00+00:00,2026-07-10,IWM,297.1,297.1,297.1,297.1,120
2026-07-10 12:06:00+00:00,2026-07-10,IWM,297.02,297.02,297.01,297.01,120
2026-07-10 12:23:00+00:00,2026-07-10,IWM,297.55,297.55,297.55,297.55,40
2026-07-10 12:42:00+00:00,2026-07-10,IWM,297.7,297.7,297.7,297.7,7
2026-07-10 12:56:00+00:00,2026-07-10,IWM,297.75,297.75,297.75,297.75,540
2026-07-10 13:01:00+00:00,2026-07-10,IWM,297.8,297.8,297.8,297.8,80
2026-07-10 13:07:00+00:00,2026-07-10,IWM,297.89,297.89,297.89,297.89,40
2026-07-10 13:12:00+00:00,2026-07-10,IWM,297.8,297.8,297.8,297.8,10
2026-07-10 13:16:00+00:00,2026-07-10,IWM,297.74,297.74,297.74,297.74,440
2026-07-10 13:17:00+00:00,2026-07-10,IWM,297.71,297.71,297.71,297.71,120
2026-07-10 13:18:00+00:00,2026-07-10,IWM,297.68,297.68,297.67,297.67,142
2026-07-10 13:19:00+00:00,2026-07-10,IWM,297.66,297.66,297.66,297.66,126
2026-07-10 13:20:00+00:00,2026-07-10,IWM,297.8,297.8,297.8,297.8,560
2026-07-10 13:23:00+00:00,2026-07-10,IWM,297.74,297.74,297.72,297.72,740
2026-07-10 13:24:00+00:00,2026-07-10,IWM,297.7,297.7,297.7,297.7,280
2026-07-10 13:25:00+00:00,2026-07-10,IWM,297.68,297.68,297.63,297.63,1006
2026-07-10 13:29:00+00:00,2026-07-10,IWM,297.69,297.69,297.69,297.69,200
2026-07-10 13:30:00+00:00,2026-07-10,IWM,297.74,298.16,297.47,297.53,9716
2026-07-10 13:31:00+00:00,2026-07-10,IWM,297.53,297.77,297.47,297.65,5150
2026-07-10 13:32:00+00:00,2026-07-10,IWM,297.59,297.59,296.99,296.99,3886
2026-07-10 13:33:00+00:00,2026-07-10,IWM,296.97,296.97,296.645,296.725,7717
2026-07-10 13:34:00+00:00,2026-07-10,IWM,296.705,296.73,296.47,296.49,3699
2026-07-10 13:35:00+00:00,2026-07-10,IWM,296.6,296.65,296.27,296.3,6270
2026-07-10 13:36:00+00:00,2026-07-10,IWM,296.38,296.54,296.285,296.435,3021
2026-07-10 13:37:00+00:00,2026-07-10,IWM,296.39,296.6,296.34,296.34,5620
2026-07-10 13:38:00+00:00,2026-07-10,IWM,296.375,296.48,296.23,296.3,4262
2026-07-10 13:39:00+00:00,2026-07-10,IWM,296.29,296.3,296.1,296.1,4890
2026-07-10 13:40:00+00:00,2026-07-10,IWM,296.09,296.09,295.63,295.655,22470
2026-07-10 13:41:00+00:00,2026-07-10,IWM,295.71,295.91,295.71,295.78,8455
2026-07-10 13:42:00+00:00,2026-07-10,IWM,295.74,295.87,295.71,295.84,6118
2026-07-10 13:43:00+00:00,2026-07-10,IWM,295.76,296.15,295.73,296.135,10870
2026-07-10 13:44:00+00:00,2026-07-10,IWM,296.13,296.135,295.94,296.1,4359
2026-07-10 13:45:00+00:00,2026-07-10,IWM,296.11,296.225,296.02,296.12,10370
2026-07-10 13:46:00+00:00,2026-07-10,IWM,296.23,296.46,296.2,296.4,3380
2026-07-10 13:47:00+00:00,2026-07-10,IWM,296.41,296.605,296.34,296.59,4891
2026-07-10 13:48:00+00:00,2026-07-10,IWM,296.58,296.59,296.42,296.54,6180
2026-07-10 13:49:00+00:00,2026-07-10,IWM,296.56,296.82,296.56,296.715,1511
2026-07-10 13:50:00+00:00,2026-07-10,IWM,296.68,296.69,296.46,296.69,6060
2026-07-10 13:51:00+00:00,2026-07-10,IWM,296.71,296.84,296.67,296.67,3031
2026-07-10 13:52:00+00:00,2026-07-10,IWM,296.66,296.94,296.66,296.885,3412
2026-07-10 13:53:00+00:00,2026-07-10,IWM,296.98,297.045,296.76,296.78,1968
2026-07-10 13:54:00+00:00,2026-07-10,IWM,296.77,296.83,296.51,296.57,4664
2026-07-10 13:55:00+00:00,2026-07-10,IWM,296.55,296.55,296.33,296.38,5104
2026-07-10 13:56:00+00:00,2026-07-10,IWM,296.35,296.395,296.21,296.21,1469
2026-07-10 13:57:00+00:00,2026-07-10,IWM,296.22,296.32,296.09,296.15,2608
2026-07-10 13:58:00+00:00,2026-07-10,IWM,296.25,296.28,296.2,296.2,947
2026-07-10 13:59:00+00:00,2026-07-10,IWM,296.25,296.325,296.21,296.29,3888
2026-07-10 14:00:00+00:00,2026-07-10,IWM,296.28,296.28,295.97,296.015,3211
2026-07-10 14:01:00+00:00,2026-07-10,IWM,295.99,296.46,295.99,296.375,10424
2026-07-10 14:02:00+00:00,2026-07-10,IWM,296.35,296.455,296.35,296.425,2115
2026-07-10 14:03:00+00:00,2026-07-10,IWM,296.185,296.25,296.13,296.18,1669
2026-07-10 14:04:00+00:00,2026-07-10,IWM,296.2,296.2,295.96,296.07,4387
2026-07-10 14:05:00+00:00,2026-07-10,IWM,295.99,296.14,295.99,296.125,5166
2026-07-10 14:06:00+00:00,2026-07-10,IWM,296.19,296.22,296.06,296.07,2427
2026-07-10 14:07:00+00:00,2026-07-10,IWM,295.99,296.11,295.92,296.025,6246
2026-07-10 14:08:00+00:00,2026-07-10,IWM,296.01,296.01,295.795,295.89,1130
2026-07-10 14:09:00+00:00,2026-07-10,IWM,295.93,296.03,295.92,295.945,1870
2026-07-10 14:10:00+00:00,2026-07-10,IWM,295.94,295.94,295.715,295.73,4684
2026-07-10 14:11:00+00:00,2026-07-10,IWM,295.705,295.75,295.53,295.535,1932
2026-07-10 14:12:00+00:00,2026-07-10,IWM,295.54,295.75,295.54,295.73,12243
2026-07-10 14:13:00+00:00,2026-07-10,IWM,295.735,295.735,295.555,295.565,5322
2026-07-10 14:14:00+00:00,2026-07-10,IWM,295.57,295.57,295.37,295.53,6866
2026-07-10 14:15:00+00:00,2026-07-10,IWM,295.39,295.39,295.24,295.29,8361
2026-07-10 14:16:00+00:00,2026-07-10,IWM,295.27,295.475,295.27,295.42,4559
2026-07-10 14:17:00+00:00,2026-07-10,IWM,295.41,295.51,295.36,295.5,12428
2026-07-10 14:18:00+00:00,2026-07-10,IWM,295.51,295.56,295.33,295.33,2427
2026-07-10 14:19:00+00:00,2026-07-10,IWM,295.34,295.42,295.26,295.31,3033
2026-07-10 14:20:00+00:00,2026-07-10,IWM,295.305,295.36,295.16,295.19,4618
2026-07-10 14:21:00+00:00,2026-07-10,IWM,295.14,295.22,295.01,295.08,4340
2026-07-10 14:22:00+00:00,2026-07-10,IWM,295.11,295.23,295.06,295.23,1859
2026-07-10 14:23:00+00:00,2026-07-10,IWM,295.25,295.37,295.14,295.32,1975
2026-07-10 14:24:00+00:00,2026-07-10,IWM,295.41,295.48,295.28,295.28,4376
2026-07-10 14:25:00+00:00,2026-07-10,IWM,295.18,295.32,295.1,295.22,17329
2026-07-10 14:26:00+00:00,2026-07-10,IWM,295.22,295.56,295.18,295.54,21527
2026-07-10 14:27:00+00:00,2026-07-10,IWM,295.59,295.76,295.52,295.7,13490
2026-07-10 14:28:00+00:00,2026-07-10,IWM,295.68,295.89,295.65,295.89,3276
2026-07-10 14:29:00+00:00,2026-07-10,IWM,295.9,295.9,295.77,295.77,2599
2026-07-10 14:30:00+00:00,2026-07-10,IWM,295.83,295.88,295.72,295.86,4820
2026-07-10 14:31:00+00:00,2026-07-10,IWM,295.85,295.97,295.815,295.97,2066
2026-07-10 14:32:00+00:00,2026-07-10,IWM,295.98,296.13,294.25,294.25,26474
2026-07-10 14:33:00+00:00,2026-07-10,IWM,294.34,294.93,293.63,294.775,31006
2026-07-10 14:34:00+00:00,2026-07-10,IWM,294.78,295.04,294.67,294.93,10997
2026-07-10 14:35:00+00:00,2026-07-10,IWM,295.08,295.23,294.77,294.77,5896
2026-07-10 14:36:00+00:00,2026-07-10,IWM,294.79,295.35,294.7,295.35,5239
2026-07-10 14:37:00+00:00,2026-07-10,IWM,295.33,295.57,295.33,295.5,2612
2026-07-10 14:38:00+00:00,2026-07-10,IWM,295.6,295.8,295.5,295.67,4776
2026-07-10 14:39:00+00:00,2026-07-10,IWM,295.6,295.6,295.34,295.47,9575
2026-07-10 14:40:00+00:00,2026-07-10,IWM,295.49,295.51,295.31,295.51,8696
2026-07-10 14:41:00+00:00,2026-07-10,IWM,295.31,295.31,295.145,295.19,3190
2026-07-10 14:42:00+00:00,2026-07-10,IWM,295.2,295.46,295.2,295.46,1886
2026-07-10 14:43:00+00:00,2026-07-10,IWM,295.34,295.52,295.34,295.48,2754
2026-07-10 14:44:00+00:00,2026-07-10,IWM,295.4,295.74,295.4,295.64,1232
2026-07-10 14:45:00+00:00,2026-07-10,IWM,295.665,295.74,295.645,295.74,2689
2026-07-10 14:46:00+00:00,2026-07-10,IWM,295.71,295.76,295.67,295.75,1066
2026-07-10 14:47:00+00:00,2026-07-10,IWM,295.73,295.76,295.61,295.62,506
2026-07-10 14:48:00+00:00,2026-07-10,IWM,295.63,295.75,295.52,295.52,2342
2026-07-10 14:49:00+00:00,2026-07-10,IWM,295.63,295.84,295.58,295.77,2364
2026-07-10 14:50:00+00:00,2026-07-10,IWM,295.73,295.79,295.69,295.69,2381
2026-07-10 14:51:00+00:00,2026-07-10,IWM,295.63,295.8,295.63,295.76,698
2026-07-10 14:52:00+00:00,2026-07-10,IWM,295.56,295.635,295.33,295.46,10673
2026-07-10 14:53:00+00:00,2026-07-10,IWM,295.42,295.425,295.19,295.35,10499
2026-07-10 14:54:00+00:00,2026-07-10,IWM,295.3,295.3,295.17,295.19,3836
2026-07-10 14:55:00+00:00,2026-07-10,IWM,295.14,295.17,294.95,294.95,2742
2026-07-10 14:56:00+00:00,2026-07-10,IWM,294.86,294.93,294.82,294.91,2517
2026-07-10 14:57:00+00:00,2026-07-10,IWM,294.94,295.03,294.93,294.985,1526
2026-07-10 14:58:00+00:00,2026-07-10,IWM,294.96,294.97,294.72,294.775,2001
2026-07-10 14:59:00+00:00,2026-07-10,IWM,294.79,294.85,294.745,294.83,2060
2026-07-10 15:00:00+00:00,2026-07-10,IWM,294.91,294.92,294.71,294.92,1180
2026-07-10 15:01:00+00:00,2026-07-10,IWM,294.88,294.94,294.69,294.7,3965
2026-07-10 15:02:00+00:00,2026-07-10,IWM,294.71,294.8,294.62,294.71,1800
2026-07-10 15:03:00+00:00,2026-07-10,IWM,294.69,294.86,294.65,294.86,1463
2026-07-10 15:04:00+00:00,2026-07-10,IWM,294.78,294.83,294.63,294.65,1782
2026-07-10 15:05:00+00:00,2026-07-10,IWM,294.67,294.8,294.55,294.75,9214
2026-07-10 15:06:00+00:00,2026-07-10,IWM,294.68,294.74,294.6,294.71,5255
2026-07-10 15:07:00+00:00,2026-07-10,IWM,294.72,294.965,294.72,294.96,2998
2026-07-10 15:08:00+00:00,2026-07-10,IWM,294.965,295.05,294.96,294.97,6322
2026-07-10 15:09:00+00:00,2026-07-10,IWM,295.01,295.02,294.88,294.91,1182
2026-07-10 15:10:00+00:00,2026-07-10,IWM,294.9,295.05,294.9,295.005,1362
2026-07-10 15:11:00+00:00,2026-07-10,IWM,295.01,295.01,294.84,294.85,2717
2026-07-10 15:12:00+00:00,2026-07-10,IWM,294.91,294.91,294.74,294.79,2896
2026-07-10 15:13:00+00:00,2026-07-10,IWM,294.75,294.94,294.75,294.91,2836
2026-07-10 15:14:00+00:00,2026-07-10,IWM,294.97,295.06,294.97,295.06,2133
2026-07-10 15:15:00+00:00,2026-07-10,IWM,295.06,295.32,295.0,295.28,6225
2026-07-10 15:16:00+00:00,2026-07-10,IWM,295.315,295.49,295.29,295.47,3538
2026-07-10 15:17:00+00:00,2026-07-10,IWM,295.3,295.4,295.3,295.37,1859
2026-07-10 15:18:00+00:00,2026-07-10,IWM,295.405,295.49,295.38,295.38,2776
2026-07-10 15:19:00+00:00,2026-07-10,IWM,295.42,295.42,295.16,295.24,5265
2026-07-10 15:20:00+00:00,2026-07-10,IWM,295.28,295.45,295.18,295.45,939
2026-07-10 15:21:00+00:00,2026-07-10,IWM,295.45,295.53,295.3,295.3,4004
2026-07-10 15:22:00+00:00,2026-07-10,IWM,295.3,295.33,295.185,295.22,3268
2026-07-10 15:23:00+00:00,2026-07-10,IWM,295.23,295.39,295.14,295.375,5768
2026-07-10 15:24:00+00:00,2026-07-10,IWM,295.4,295.4,295.31,295.34,785
2026-07-10 15:25:00+00:00,2026-07-10,IWM,295.39,295.59,295.39,295.53,1833
2026-07-10 15:26:00+00:00,2026-07-10,IWM,295.58,295.615,295.51,295.51,488
2026-07-10 15:27:00+00:00,2026-07-10,IWM,295.45,295.59,295.425,295.53,656
2026-07-10 15:28:00+00:00,2026-07-10,IWM,295.55,295.55,295.505,295.51,209
2026-07-10 15:29:00+00:00,2026-07-10,IWM,295.58,295.58,295.47,295.52,648
2026-07-10 15:30:00+00:00,2026-07-10,IWM,295.54,295.56,295.395,295.395,1332
2026-07-10 15:31:00+00:00,2026-07-10,IWM,295.38,295.38,295.29,295.32,1014
2026-07-10 15:32:00+00:00,2026-07-10,IWM,295.35,295.38,295.31,295.37,2815
2026-07-10 15:33:00+00:00,2026-07-10,IWM,295.31,295.4,295.29,295.33,2940
2026-07-10 15:34:00+00:00,2026-07-10,IWM,295.31,295.335,295.17,295.23,18881
2026-07-10 15:35:00+00:00,2026-07-10,IWM,295.22,295.22,294.96,294.965,3920
2026-07-10 15:36:00+00:00,2026-07-10,IWM,294.945,295.03,294.87,295.01,3077
2026-07-10 15:37:00+00:00,2026-07-10,IWM,295.02,295.08,295.01,295.08,1755
2026-07-10 15:38:00+00:00,2026-07-10,IWM,295.07,295.08,294.99,295.0,4259
2026-07-10 15:39:00+00:00,2026-07-10,IWM,295.04,295.04,294.79,294.82,5165
2026-07-10 15:40:00+00:00,2026-07-10,IWM,294.78,294.89,294.76,294.89,1197
2026-07-10 15:41:00+00:00,2026-07-10,IWM,294.84,294.91,294.75,294.91,1688
2026-07-10 15:42:00+00:00,2026-07-10,IWM,294.87,294.87,294.77,294.805,2693
2026-07-10 15:43:00+00:00,2026-07-10,IWM,294.82,294.96,294.81,294.96,2123
2026-07-10 15:44:00+00:00,2026-07-10,IWM,295.045,295.105,295.0,295.01,3513
2026-07-10 15:45:00+00:00,2026-07-10,IWM,294.99,295.05,294.9,294.96,1045
2026-07-10 15:46:00+00:00,2026-07-10,IWM,294.97,295.03,294.92,294.95,329
2026-07-10 15:47:00+00:00,2026-07-10,IWM,294.91,294.99,294.84,294.98,401
2026-07-10 15:48:00+00:00,2026-07-10,IWM,294.995,295.02,294.93,294.95,1283
2026-07-10 15:49:00+00:00,2026-07-10,IWM,294.95,295.02,294.95,295.0,1134
2026-07-10 15:50:00+00:00,2026-07-10,IWM,294.97,294.99,294.95,294.99,317
2026-07-10 15:51:00+00:00,2026-07-10,IWM,295.02,295.03,294.86,294.86,1190
2026-07-10 15:52:00+00:00,2026-07-10,IWM,294.87,295.06,294.87,295.06,1824
2026-07-10 15:53:00+00:00,2026-07-10,IWM,295.005,295.11,295.0,295.11,572
2026-07-10 15:54:00+00:00,2026-07-10,IWM,295.12,295.21,295.12,295.21,2661
2026-07-10 15:55:00+00:00,2026-07-10,IWM,295.23,295.28,295.18,295.18,2864
2026-07-10 15:56:00+00:00,2026-07-10,IWM,295.17,295.265,295.17,295.22,468
2026-07-10 15:57:00+00:00,2026-07-10,IWM,295.205,295.235,295.11,295.23,805
2026-07-10 15:58:00+00:00,2026-07-10,IWM,295.235,295.24,295.175,295.24,629
2026-07-10 15:59:00+00:00,2026-07-10,IWM,295.23,295.275,295.22,295.22,654
2026-07-10 16:00:00+00:00,2026-07-10,IWM,295.26,295.405,295.255,295.4,2731
2026-07-10 16:01:00+00:00,2026-07-10,IWM,295.415,295.51,295.3,295.3,6758
2026-07-10 16:02:00+00:00,2026-07-10,IWM,295.3,295.3,295.24,295.275,202
2026-07-10 16:03:00+00:00,2026-07-10,IWM,295.21,295.22,295.11,295.11,1473
2026-07-10 16:04:00+00:00,2026-07-10,IWM,295.11,295.195,295.09,295.18,946
2026-07-10 16:05:00+00:00,2026-07-10,IWM,295.17,295.17,295.02,295.05,569
2026-07-10 16:06:00+00:00,2026-07-10,IWM,295.03,295.13,294.975,294.98,3198
2026-07-10 16:07:00+00:00,2026-07-10,IWM,294.98,295.02,294.97,295.0,1552
2026-07-10 16:08:00+00:00,2026-07-10,IWM,295.0,295.04,294.98,294.98,1091
2026-07-10 16:09:00+00:00,2026-07-10,IWM,295.02,295.07,295.02,295.04,1930
2026-07-10 16:10:00+00:00,2026-07-10,IWM,295.01,295.14,295.01,295.14,1241
2026-07-10 16:11:00+00:00,2026-07-10,IWM,295.235,295.235,295.07,295.14,2438
2026-07-10 16:12:00+00:00,2026-07-10,IWM,295.13,295.17,295.12,295.16,1651
2026-07-10 16:13:00+00:00,2026-07-10,IWM,295.23,295.29,295.23,295.25,261
2026-07-10 16:14:00+00:00,2026-07-10,IWM,295.25,295.28,295.25,295.27,121
2026-07-10 16:15:00+00:00,2026-07-10,IWM,295.36,295.36,295.32,295.35,121
2026-07-10 16:16:00+00:00,2026-07-10,IWM,295.43,295.47,295.41,295.445,4567
2026-07-10 16:17:00+00:00,2026-07-10,IWM,295.43,295.45,295.38,295.4,4030
2026-07-10 16:18:00+00:00,2026-07-10,IWM,295.4,295.43,295.32,295.345,1186
2026-07-10 16:19:00+00:00,2026-07-10,IWM,295.3,295.36,295.27,295.31,2957
2026-07-10 16:20:00+00:00,2026-07-10,IWM,295.32,295.32,295.195,295.195,2840
2026-07-10 16:21:00+00:00,2026-07-10,IWM,295.185,295.21,295.12,295.13,684
2026-07-10 16:22:00+00:00,2026-07-10,IWM,295.12,295.25,295.1,295.24,1662
2026-07-10 16:23:00+00:00,2026-07-10,IWM,295.16,295.16,295.13,295.13,776
2026-07-10 16:24:00+00:00,2026-07-10,IWM,295.12,295.21,295.1,295.13,4994
2026-07-10 16:25:00+00:00,2026-07-10,IWM,295.18,295.18,295.04,295.05,5660
2026-07-10 16:26:00+00:00,2026-07-10,IWM,295.03,295.08,294.98,295.04,6934
2026-07-10 16:27:00+00:00,2026-07-10,IWM,295.12,295.17,295.12,295.17,15
2026-07-10 16:28:00+00:00,2026-07-10,IWM,295.18,295.22,295.12,295.15,685
2026-07-10 16:29:00+00:00,2026-07-10,IWM,295.12,295.2,295.12,295.195,448
2026-07-10 16:30:00+00:00,2026-07-10,IWM,295.21,295.285,295.21,295.265,295
2026-07-10 16:31:00+00:00,2026-07-10,IWM,295.245,295.295,295.24,295.295,1337
2026-07-10 16:32:00+00:00,2026-07-10,IWM,295.295,295.37,295.295,295.37,248
2026-07-10 16:33:00+00:00,2026-07-10,IWM,295.42,295.42,295.355,295.38,144
2026-07-10 16:34:00+00:00,2026-07-10,IWM,295.4,295.41,295.315,295.32,285
2026-07-10 16:35:00+00:00,2026-07-10,IWM,295.3,295.345,295.3,295.345,367
2026-07-10 16:36:00+00:00,2026-07-10,IWM,295.32,295.32,295.23,295.23,870
2026-07-10 16:37:00+00:00,2026-07-10,IWM,295.17,295.19,295.12,295.165,2359
2026-07-10 16:38:00+00:00,2026-07-10,IWM,295.17,295.2,295.16,295.18,653
2026-07-10 16:39:00+00:00,2026-07-10,IWM,295.17,295.24,295.16,295.21,886
2026-07-10 16:40:00+00:00,2026-07-10,IWM,295.21,295.39,295.2,295.39,3426
2026-07-10 16:41:00+00:00,2026-07-10,IWM,295.395,295.4,295.36,295.36,341
2026-07-10 16:42:00+00:00,2026-07-10,IWM,295.34,295.36,295.315,295.36,887
2026-07-10 16:43:00+00:00,2026-07-10,IWM,295.42,295.49,295.42,295.475,535
2026-07-10 16:44:00+00:00,2026-07-10,IWM,295.43,295.47,295.43,295.47,349
2026-07-10 16:45:00+00:00,2026-07-10,IWM,295.485,295.56,295.485,295.545,902
2026-07-10 16:46:00+00:00,2026-07-10,IWM,295.57,295.63,295.57,295.61,3343
2026-07-10 16:47:00+00:00,2026-07-10,IWM,295.595,295.6,295.58,295.585,354
2026-07-10 16:48:00+00:00,2026-07-10,IWM,295.63,295.63,295.58,295.58,543
2026-07-10 16:49:00+00:00,2026-07-10,IWM,295.55,295.55,295.515,295.545,83
2026-07-10 16:50:00+00:00,2026-07-10,IWM,295.62,295.69,295.615,295.67,1810
2026-07-10 16:51:00+00:00,2026-07-10,IWM,295.69,295.72,295.65,295.66,4862
2026-07-10 16:52:00+00:00,2026-07-10,IWM,295.68,295.7,295.67,295.67,507
2026-07-10 16:53:00+00:00,2026-07-10,IWM,295.67,295.67,295.65,295.66,82
2026-07-10 16:54:00+00:00,2026-07-10,IWM,295.615,295.65,295.6,295.65,250
2026-07-10 16:55:00+00:00,2026-07-10,IWM,295.67,295.67,295.59,295.64,467
2026-07-10 16:56:00+00:00,2026-07-10,IWM,295.65,295.66,295.62,295.65,1373
2026-07-10 16:57:00+00:00,2026-07-10,IWM,295.63,295.67,295.62,295.67,647
2026-07-10 16:58:00+00:00,2026-07-10,IWM,295.7,295.81,295.69,295.79,2698
2026-07-10 16:59:00+00:00,2026-07-10,IWM,295.8,295.8,295.75,295.785,1510
2026-07-10 17:00:00+00:00,2026-07-10,IWM,295.785,295.88,295.755,295.87,4516
2026-07-10 17:01:00+00:00,2026-07-10,IWM,295.855,295.87,295.78,295.79,5639
2026-07-10 17:02:00+00:00,2026-07-10,IWM,295.77,295.82,295.76,295.76,2476
2026-07-10 17:03:00+00:00,2026-07-10,IWM,295.75,295.75,295.72,295.73,258
2026-07-10 17:04:00+00:00,2026-07-10,IWM,295.72,295.78,295.72,295.78,414
2026-07-10 17:05:00+00:00,2026-07-10,IWM,295.78,295.78,295.65,295.65,156
2026-07-10 17:06:00+00:00,2026-07-10,IWM,295.66,295.77,295.66,295.77,166
2026-07-10 17:07:00+00:00,2026-07-10,IWM,295.75,295.75,295.68,295.68,1162
2026-07-10 17:08:00+00:00,2026-07-10,IWM,295.69,295.73,295.69,295.73,77
2026-07-10 17:09:00+00:00,2026-07-10,IWM,295.72,295.72,295.62,295.62,221
2026-07-10 17:10:00+00:00,2026-07-10,IWM,295.57,295.65,295.55,295.64,2801
2026-07-10 17:11:00+00:00,2026-07-10,IWM,295.64,295.645,295.62,295.625,645
2026-07-10 17:12:00+00:00,2026-07-10,IWM,295.63,295.63,295.59,295.6,1347
2026-07-10 17:13:00+00:00,2026-07-10,IWM,295.63,295.65,295.6,295.6,2753
2026-07-10 17:14:00+00:00,2026-07-10,IWM,295.625,295.77,295.625,295.77,271
2026-07-10 17:15:00+00:00,2026-07-10,IWM,295.79,295.83,295.77,295.83,852
2026-07-10 17:16:00+00:00,2026-07-10,IWM,295.84,295.92,295.82,295.9,4010
2026-07-10 17:17:00+00:00,2026-07-10,IWM,295.9,295.92,295.87,295.92,718
2026-07-10 17:18:00+00:00,2026-07-10,IWM,295.93,295.93,295.86,295.86,521
2026-07-10 17:19:00+00:00,2026-07-10,IWM,295.85,295.86,295.805,295.805,338
2026-07-10 17:20:00+00:00,2026-07-10,IWM,295.76,295.83,295.76,295.82,747
2026-07-10 17:21:00+00:00,2026-07-10,IWM,295.87,295.875,295.84,295.86,1385
2026-07-10 17:22:00+00:00,2026-07-10,IWM,295.915,295.99,295.915,295.98,459
2026-07-10 17:23:00+00:00,2026-07-10,IWM,295.985,295.985,295.965,295.965,1956
2026-07-10 17:24:00+00:00,2026-07-10,IWM,295.95,295.96,295.93,295.95,340
2026-07-10 17:25:00+00:00,2026-07-10,IWM,295.93,295.935,295.93,295.935,43
2026-07-10 17:26:00+00:00,2026-07-10,IWM,295.945,295.945,295.89,295.89,60
2026-07-10 17:27:00+00:00,2026-07-10,IWM,295.9,295.9,295.83,295.83,514
2026-07-10 17:28:00+00:00,2026-07-10,IWM,295.87,295.93,295.87,295.93,12
2026-07-10 17:29:00+00:00,2026-07-10,IWM,295.91,295.94,295.91,295.94,118
2026-07-10 17:30:00+00:00,2026-07-10,IWM,295.935,295.975,295.93,295.975,333
2026-07-10 17:31:00+00:00,2026-07-10,IWM,295.965,296.03,295.965,296.0,446
2026-07-10 17:32:00+00:00,2026-07-10,IWM,295.985,296.015,295.985,295.99,48
2026-07-10 17:33:00+00:00,2026-07-10,IWM,295.99,295.99,295.96,295.98,1539
2026-07-10 17:34:00+00:00,2026-07-10,IWM,295.95,295.985,295.94,295.985,280
2026-07-10 17:35:00+00:00,2026-07-10,IWM,295.98,296.05,295.98,296.04,1949
2026-07-10 17:36:00+00:00,2026-07-10,IWM,296.09,296.17,296.09,296.16,522
2026-07-10 17:37:00+00:00,2026-07-10,IWM,296.165,296.25,296.15,296.215,300
2026-07-10 17:38:00+00:00,2026-07-10,IWM,296.215,296.23,296.2,296.2,1355
2026-07-10 17:39:00+00:00,2026-07-10,IWM,296.17,296.17,296.12,296.12,1330
2026-07-10 17:40:00+00:00,2026-07-10,IWM,296.16,296.25,296.16,296.21,788
2026-07-10 17:41:00+00:00,2026-07-10,IWM,296.19,296.19,296.15,296.16,1080
2026-07-10 17:42:00+00:00,2026-07-10,IWM,296.12,296.135,296.12,296.13,984
2026-07-10 17:43:00+00:00,2026-07-10,IWM,296.15,296.22,296.15,296.22,167
2026-07-10 17:44:00+00:00,2026-07-10,IWM,296.26,296.29,296.26,296.27,167
2026-07-10 17:45:00+00:00,2026-07-10,IWM,296.28,296.35,296.28,296.35,1258
2026-07-10 17:46:00+00:00,2026-07-10,IWM,296.33,296.34,296.29,296.31,2032
2026-07-10 17:47:00+00:00,2026-07-10,IWM,296.35,296.38,296.33,296.355,972
2026-07-10 17:48:00+00:00,2026-07-10,IWM,296.405,296.405,296.38,296.38,426
2026-07-10 17:49:00+00:00,2026-07-10,IWM,296.36,296.375,296.34,296.34,2044
2026-07-10 17:50:00+00:00,2026-07-10,IWM,296.345,296.41,296.345,296.405,5969
2026-07-10 17:51:00+00:00,2026-07-10,IWM,296.4,296.4,296.33,296.34,1432
2026-07-10 17:52:00+00:00,2026-07-10,IWM,296.355,296.41,296.355,296.39,933
2026-07-10 17:53:00+00:00,2026-07-10,IWM,296.41,296.42,296.35,296.35,1301
2026-07-10 17:54:00+00:00,2026-07-10,IWM,296.35,296.39,296.35,296.39,314
2026-07-10 17:55:00+00:00,2026-07-10,IWM,296.37,296.38,296.35,296.35,300
2026-07-10 17:56:00+00:00,2026-07-10,IWM,296.38,296.39,296.33,296.34,256
2026-07-10 17:57:00+00:00,2026-07-10,IWM,296.35,296.35,296.21,296.23,859
2026-07-10 17:58:00+00:00,2026-07-10,IWM,296.21,296.21,296.08,296.08,434
2026-07-10 17:59:00+00:00,2026-07-10,IWM,296.095,296.17,296.08,296.15,3747
2026-07-10 18:00:00+00:00,2026-07-10,IWM,296.14,296.18,296.11,296.17,737
2026-07-10 18:01:00+00:00,2026-07-10,IWM,296.195,296.235,296.19,296.21,285
2026-07-10 18:02:00+00:00,2026-07-10,IWM,296.19,296.215,296.185,296.2,183
2026-07-10 18:03:00+00:00,2026-07-10,IWM,296.215,296.23,296.175,296.175,207
2026-07-10 18:04:00+00:00,2026-07-10,IWM,296.14,296.16,296.12,296.12,51
2026-07-10 18:05:00+00:00,2026-07-10,IWM,296.105,296.21,296.105,296.21,1185
2026-07-10 18:06:00+00:00,2026-07-10,IWM,296.225,296.25,296.17,296.22,1384
2026-07-10 18:07:00+00:00,2026-07-10,IWM,296.2,296.24,296.16,296.17,4065
2026-07-10 18:08:00+00:00,2026-07-10,IWM,296.185,296.22,296.185,296.185,678
2026-07-10 18:09:00+00:00,2026-07-10,IWM,296.19,296.28,296.19,296.26,97
2026-07-10 18:10:00+00:00,2026-07-10,IWM,296.32,296.45,296.3,296.38,8716
2026-07-10 18:11:00+00:00,2026-07-10,IWM,296.37,296.38,296.26,296.315,2928
2026-07-10 18:12:00+00:00,2026-07-10,IWM,296.34,296.34,296.31,296.31,67
2026-07-10 18:13:00+00:00,2026-07-10,IWM,296.28,296.28,296.21,296.22,2063
2026-07-10 18:14:00+00:00,2026-07-10,IWM,296.22,296.22,296.21,296.21,1020
2026-07-10 18:15:00+00:00,2026-07-10,IWM,296.205,296.24,296.18,296.21,1222
2026-07-10 18:16:00+00:00,2026-07-10,IWM,296.125,296.16,296.11,296.14,233
2026-07-10 18:17:00+00:00,2026-07-10,IWM,296.14,296.15,296.08,296.09,271
2026-07-10 18:18:00+00:00,2026-07-10,IWM,296.12,296.12,295.98,296.0,1048
2026-07-10 18:19:00+00:00,2026-07-10,IWM,296.0,296.01,295.97,295.98,365
2026-07-10 18:20:00+00:00,2026-07-10,IWM,296.0,296.05,296.0,296.05,665
2026-07-10 18:21:00+00:00,2026-07-10,IWM,296.04,296.06,295.985,295.985,536
2026-07-10 18:22:00+00:00,2026-07-10,IWM,296.025,296.04,296.0,296.04,941
2026-07-10 18:23:00+00:00,2026-07-10,IWM,296.06,296.06,296.02,296.02,550
2026-07-10 18:24:00+00:00,2026-07-10,IWM,296.035,296.115,296.035,296.05,3694
2026-07-10 18:25:00+00:00,2026-07-10,IWM,296.06,296.18,296.0,296.01,8885
2026-07-10 18:26:00+00:00,2026-07-10,IWM,296.01,296.04,296.0,296.0,788
2026-07-10 18:27:00+00:00,2026-07-10,IWM,295.99,295.995,295.95,295.995,330
2026-07-10 18:28:00+00:00,2026-07-10,IWM,295.995,296.02,295.97,295.99,1221
2026-07-10 18:29:00+00:00,2026-07-10,IWM,295.97,296.0,295.97,295.98,626
2026-07-10 18:30:00+00:00,2026-07-10,IWM,296.06,296.155,296.06,296.155,2182
2026-07-10 18:31:00+00:00,2026-07-10,IWM,296.18,296.21,296.14,296.2,1614
2026-07-10 18:32:00+00:00,2026-07-10,IWM,296.2,296.22,296.11,296.115,220
2026-07-10 18:33:00+00:00,2026-07-10,IWM,296.125,296.135,296.12,296.13,475
2026-07-10 18:34:00+00:00,2026-07-10,IWM,296.14,296.18,296.14,296.18,340
2026-07-10 18:35:00+00:00,2026-07-10,IWM,296.16,296.16,296.14,296.14,213
2026-07-10 18:36:00+00:00,2026-07-10,IWM,296.145,296.145,296.1,296.11,522
2026-07-10 18:37:00+00:00,2026-07-10,IWM,296.12,296.12,296.04,296.04,237
2026-07-10 18:38:00+00:00,2026-07-10,IWM,296.03,296.03,295.94,295.94,1645
2026-07-10 18:39:00+00:00,2026-07-10,IWM,295.945,296.03,295.945,295.99,1344
2026-07-10 18:40:00+00:00,2026-07-10,IWM,296.0,296.09,295.96,296.09,854
2026-07-10 18:41:00+00:00,2026-07-10,IWM,296.08,296.08,296.01,296.065,624
2026-07-10 18:42:00+00:00,2026-07-10,IWM,296.06,296.06,295.98,296.02,189
2026-07-10 18:43:00+00:00,2026-07-10,IWM,296.07,296.07,296.01,296.01,623
2026-07-10 18:44:00+00:00,2026-07-10,IWM,295.985,296.005,295.975,295.985,148
2026-07-10 18:45:00+00:00,2026-07-10,IWM,295.97,295.97,295.905,295.905,125
2026-07-10 18:46:00+00:00,2026-07-10,IWM,295.895,295.93,295.895,295.93,139
2026-07-10 18:47:00+00:00,2026-07-10,IWM,295.95,295.95,295.895,295.895,619
2026-07-10 18:48:00+00:00,2026-07-10,IWM,295.89,295.9,295.87,295.87,227
2026-07-10 18:49:00+00:00,2026-07-10,IWM,295.86,295.86,295.825,295.85,628
2026-07-10 18:50:00+00:00,2026-07-10,IWM,295.81,295.81,295.81,295.81,304
2026-07-10 18:51:00+00:00,2026-07-10,IWM,295.8,295.815,295.79,295.815,609
2026-07-10 18:52:00+00:00,2026-07-10,IWM,295.855,295.86,295.805,295.86,622
2026-07-10 18:53:00+00:00,2026-07-10,IWM,295.87,295.95,295.87,295.92,962
2026-07-10 18:54:00+00:00,2026-07-10,IWM,295.88,295.89,295.865,295.865,340
2026-07-10 18:55:00+00:00,2026-07-10,IWM,295.84,295.86,295.795,295.86,173
2026-07-10 18:56:00+00:00,2026-07-10,IWM,295.89,295.94,295.875,295.89,1363
2026-07-10 18:57:00+00:00,2026-07-10,IWM,295.85,295.85,295.82,295.82,199
2026-07-10 18:58:00+00:00,2026-07-10,IWM,295.84,295.865,295.83,295.85,1101
2026-07-10 18:59:00+00:00,2026-07-10,IWM,295.85,295.91,295.85,295.88,1390
2026-07-10 19:00:00+00:00,2026-07-10,IWM,295.885,295.95,295.82,295.95,2393
2026-07-10 19:01:00+00:00,2026-07-10,IWM,295.99,296.02,295.96,295.985,685
2026-07-10 19:02:00+00:00,2026-07-10,IWM,295.985,295.985,295.95,295.95,702
2026-07-10 19:03:00+00:00,2026-07-10,IWM,295.95,296.1,295.94,296.09,1204
2026-07-10 19:04:00+00:00,2026-07-10,IWM,296.04,296.16,296.02,296.16,22196
2026-07-10 19:05:00+00:00,2026-07-10,IWM,296.165,296.23,296.15,296.23,701
2026-07-10 19:06:00+00:00,2026-07-10,IWM,296.21,296.25,296.14,296.17,3670
2026-07-10 19:07:00+00:00,2026-07-10,IWM,296.19,296.23,296.185,296.185,2136
2026-07-10 19:08:00+00:00,2026-07-10,IWM,296.18,296.19,296.15,296.15,939
2026-07-10 19:09:00+00:00,2026-07-10,IWM,296.16,296.195,296.16,296.18,1620
2026-07-10 19:10:00+00:00,2026-07-10,IWM,296.18,296.24,296.165,296.22,2394
2026-07-10 19:11:00+00:00,2026-07-10,IWM,296.25,296.25,296.21,296.24,1671
2026-07-10 19:12:00+00:00,2026-07-10,IWM,296.23,296.23,296.18,296.18,214
2026-07-10 19:13:00+00:00,2026-07-10,IWM,296.16,296.19,296.145,296.19,536
2026-07-10 19:14:00+00:00,2026-07-10,IWM,296.225,296.24,296.22,296.23,826
2026-07-10 19:15:00+00:00,2026-07-10,IWM,296.22,296.22,296.14,296.14,3698
2026-07-10 19:16:00+00:00,2026-07-10,IWM,296.16,296.22,296.15,296.19,6261
2026-07-10 19:17:00+00:00,2026-07-10,IWM,296.125,296.125,296.05,296.085,730
2026-07-10 19:18:00+00:00,2026-07-10,IWM,296.07,296.1,296.065,296.07,1513
2026-07-10 19:19:00+00:00,2026-07-10,IWM,296.015,296.02,295.995,296.02,133
2026-07-10 19:20:00+00:00,2026-07-10,IWM,295.98,295.98,295.87,295.93,6526
2026-07-10 19:21:00+00:00,2026-07-10,IWM,295.9,295.905,295.87,295.875,830
2026-07-10 19:22:00+00:00,2026-07-10,IWM,295.9,295.94,295.88,295.9,4583
2026-07-10 19:23:00+00:00,2026-07-10,IWM,295.86,295.89,295.845,295.85,1304
2026-07-10 19:24:00+00:00,2026-07-10,IWM,295.85,295.935,295.85,295.93,2809
2026-07-10 19:25:00+00:00,2026-07-10,IWM,295.92,295.93,295.88,295.88,1463
2026-07-10 19:26:00+00:00,2026-07-10,IWM,295.9,296.01,295.9,296.0,1765
2026-07-10 19:27:00+00:00,2026-07-10,IWM,296.0,296.01,295.97,295.97,1535
2026-07-10 19:28:00+00:00,2026-07-10,IWM,295.94,295.96,295.94,295.96,450
2026-07-10 19:29:00+00:00,2026-07-10,IWM,296.0,296.05,295.97,295.975,2886
2026-07-10 19:30:00+00:00,2026-07-10,IWM,295.975,296.05,295.96,295.96,2270
2026-07-10 19:31:00+00:00,2026-07-10,IWM,295.93,295.99,295.92,295.92,1100
2026-07-10 19:32:00+00:00,2026-07-10,IWM,295.88,296.05,295.88,295.89,5486
2026-07-10 19:33:00+00:00,2026-07-10,IWM,295.895,295.91,295.87,295.905,2474
2026-07-10 19:34:00+00:00,2026-07-10,IWM,295.895,295.895,295.855,295.855,1037
2026-07-10 19:35:00+00:00,2026-07-10,IWM,295.85,295.85,295.75,295.75,852
2026-07-10 19:36:00+00:00,2026-07-10,IWM,295.78,295.82,295.76,295.82,1977
2026-07-10 19:37:00+00:00,2026-07-10,IWM,295.81,295.84,295.765,295.82,2920
2026-07-10 19:38:00+00:00,2026-07-10,IWM,295.81,295.85,295.81,295.845,3335
2026-07-10 19:39:00+00:00,2026-07-10,IWM,295.825,295.84,295.81,295.84,2897
2026-07-10 19:40:00+00:00,2026-07-10,IWM,295.8,295.93,295.79,295.93,3234
2026-07-10 19:41:00+00:00,2026-07-10,IWM,295.94,296.05,295.93,296.04,3276
2026-07-10 19:42:00+00:00,2026-07-10,IWM,296.045,296.18,296.045,296.105,7314
2026-07-10 19:43:00+00:00,2026-07-10,IWM,296.105,296.155,296.08,296.12,2680
2026-07-10 19:44:00+00:00,2026-07-10,IWM,296.12,296.12,296.04,296.08,1984
2026-07-10 19:45:00+00:00,2026-07-10,IWM,296.07,296.11,296.025,296.025,2835
2026-07-10 19:46:00+00:00,2026-07-10,IWM,296.02,296.05,295.98,295.98,2464
2026-07-10 19:47:00+00:00,2026-07-10,IWM,295.975,296.03,295.975,296.02,4754
2026-07-10 19:48:00+00:00,2026-07-10,IWM,296.0,296.0,295.905,295.97,3027
2026-07-10 19:49:00+00:00,2026-07-10,IWM,295.96,296.01,295.94,295.94,2109
2026-07-10 19:50:00+00:00,2026-07-10,IWM,295.945,296.13,295.945,296.13,10959
2026-07-10 19:51:00+00:00,2026-07-10,IWM,296.13,296.13,296.055,296.07,3506
2026-07-10 19:52:00+00:00,2026-07-10,IWM,296.09,296.19,296.08,296.11,4106
2026-07-10 19:53:00+00:00,2026-07-10,IWM,296.1,296.13,296.05,296.05,1954
2026-07-10 19:54:00+00:00,2026-07-10,IWM,296.04,296.105,295.985,296.06,6679
2026-07-10 19:55:00+00:00,2026-07-10,IWM,296.03,296.045,295.95,295.97,8937
2026-07-10 19:56:00+00:00,2026-07-10,IWM,295.95,296.0,295.915,295.925,4970
2026-07-10 19:57:00+00:00,2026-07-10,IWM,295.93,295.99,295.91,295.92,10321
2026-07-10 19:58:00+00:00,2026-07-10,IWM,295.92,295.98,295.85,295.87,14447
2026-07-10 19:59:00+00:00,2026-07-10,IWM,295.86,295.96,295.76,295.93,24483
2026-07-10 20:00:00+00:00,2026-07-10,IWM,295.89,295.91,295.82,295.91,1000
2026-07-10 20:03:00+00:00,2026-07-10,IWM,295.97,295.97,295.97,295.97,15941
2026-07-10 20:04:00+00:00,2026-07-10,IWM,295.96,295.96,295.9,295.9,2858
2026-07-10 20:20:00+00:00,2026-07-10,IWM,296.12,296.12,296.1,296.1,10295
2026-07-10 20:21:00+00:00,2026-07-10,IWM,296.06,296.06,296.03,296.03,12250
2026-07-10 20:22:00+00:00,2026-07-10,IWM,296.03,296.03,296.03,296.03,108
2026-07-10 20:23:00+00:00,2026-07-10,IWM,296.03,296.03,296.03,296.03,160
2026-07-10 20:32:00+00:00,2026-07-10,IWM,296.09,296.09,296.09,296.09,27
2026-07-10 20:47:00+00:00,2026-07-10,IWM,296.15,296.15,296.15,296.15,27
2026-07-08 08:00:00+00:00,2026-07-08,QQQ,709.12,709.12,709.12,709.12,39
2026-07-08 08:12:00+00:00,2026-07-08,QQQ,709.67,709.67,709.67,709.67,200
2026-07-08 08:15:00+00:00,2026-07-08,QQQ,709.97,709.97,709.72,709.72,264
2026-07-08 08:17:00+00:00,2026-07-08,QQQ,707.0,707.0,707.0,707.0,13
2026-07-08 08:18:00+00:00,2026-07-08,QQQ,706.3,707.27,706.3,707.27,324
2026-07-08 08:19:00+00:00,2026-07-08,QQQ,706.47,706.47,706.47,706.47,200
2026-07-08 08:20:00+00:00,2026-07-08,QQQ,706.37,706.37,706.37,706.37,23
2026-07-08 08:22:00+00:00,2026-07-08,QQQ,705.5,705.5,705.5,705.5,200
2026-07-08 08:23:00+00:00,2026-07-08,QQQ,704.99,704.99,704.99,704.99,200
2026-07-08 08:24:00+00:00,2026-07-08,QQQ,704.0,704.0,704.0,704.0,2
2026-07-08 08:25:00+00:00,2026-07-08,QQQ,702.71,702.71,702.71,702.71,200
2026-07-08 08:26:00+00:00,2026-07-08,QQQ,702.97,702.97,702.87,702.87,223
2026-07-08 08:28:00+00:00,2026-07-08,QQQ,702.23,702.23,702.23,702.23,200
2026-07-08 08:30:00+00:00,2026-07-08,QQQ,701.3,701.3,701.29,701.29,163
2026-07-08 08:31:00+00:00,2026-07-08,QQQ,701.37,701.37,701.0,701.0,140
2026-07-08 08:32:00+00:00,2026-07-08,QQQ,701.76,701.76,701.76,701.76,200
2026-07-08 08:36:00+00:00,2026-07-08,QQQ,700.52,700.52,700.52,700.52,40
2026-07-08 08:38:00+00:00,2026-07-08,QQQ,700.0,700.0,699.99,699.99,102
2026-07-08 08:39:00+00:00,2026-07-08,QQQ,699.8,699.8,699.54,699.54,23
2026-07-08 08:41:00+00:00,2026-07-08,QQQ,699.85,699.85,699.38,699.48,434
2026-07-08 08:42:00+00:00,2026-07-08,QQQ,699.57,699.57,699.57,699.57,50
2026-07-08 08:44:00+00:00,2026-07-08,QQQ,700.6,700.6,700.6,700.6,1
2026-07-08 08:46:00+00:00,2026-07-08,QQQ,700.76,700.76,700.42,700.42,60
2026-07-08 08:47:00+00:00,2026-07-08,QQQ,700.52,700.52,700.52,700.52,200
2026-07-08 08:48:00+00:00,2026-07-08,QQQ,701.24,701.24,701.24,701.24,200
2026-07-08 08:54:00+00:00,2026-07-08,QQQ,701.51,701.51,701.51,701.51,200
2026-07-08 08:56:00+00:00,2026-07-08,QQQ,701.48,701.48,701.48,701.48,40
2026-07-08 09:01:00+00:00,2026-07-08,QQQ,700.49,700.49,700.49,700.49,200
2026-07-08 09:04:00+00:00,2026-07-08,QQQ,699.71,699.71,699.71,699.71,2
2026-07-08 09:14:00+00:00,2026-07-08,QQQ,698.67,698.67,698.0,698.0,246
2026-07-08 09:34:00+00:00,2026-07-08,QQQ,699.75,699.75,699.75,699.75,1
2026-07-08 09:58:00+00:00,2026-07-08,QQQ,699.0,699.0,699.0,699.0,4
2026-07-08 11:12:00+00:00,2026-07-08,QQQ,700.0,700.0,700.0,700.0,1
2026-07-08 11:16:00+00:00,2026-07-08,QQQ,700.08,700.08,700.08,700.08,200
2026-07-08 11:17:00+00:00,2026-07-08,QQQ,699.75,699.75,699.75,699.75,48
2026-07-08 11:24:00+00:00,2026-07-08,QQQ,699.5,699.5,699.5,699.5,3
2026-07-08 11:33:00+00:00,2026-07-08,QQQ,700.25,700.25,700.25,700.25,40
2026-07-08 11:38:00+00:00,2026-07-08,QQQ,700.48,700.48,700.48,700.48,200
2026-07-08 11:43:00+00:00,2026-07-08,QQQ,700.64,702.43,700.64,702.43,1973
2026-07-08 11:44:00+00:00,2026-07-08,QQQ,702.19,702.41,702.01,702.2,760
2026-07-08 11:45:00+00:00,2026-07-08,QQQ,701.93,701.93,701.89,701.9,640
2026-07-08 11:46:00+00:00,2026-07-08,QQQ,701.78,701.78,701.78,701.78,200
2026-07-08 11:47:00+00:00,2026-07-08,QQQ,701.89,701.89,701.89,701.89,200
2026-07-08 11:48:00+00:00,2026-07-08,QQQ,701.86,701.86,701.86,701.86,200
2026-07-08 11:49:00+00:00,2026-07-08,QQQ,702.47,702.5,702.47,702.5,600
2026-07-08 11:50:00+00:00,2026-07-08,QQQ,701.6,701.6,701.53,701.53,320
2026-07-08 11:51:00+00:00,2026-07-08,QQQ,701.99,701.99,701.99,701.99,200
2026-07-08 11:52:00+00:00,2026-07-08,QQQ,702.04,702.04,702.04,702.04,111
2026-07-08 11:53:00+00:00,2026-07-08,QQQ,701.95,701.95,701.95,701.95,99
2026-07-08 11:59:00+00:00,2026-07-08,QQQ,702.18,702.18,702.18,702.18,500
2026-07-08 12:04:00+00:00,2026-07-08,QQQ,702.68,702.68,702.68,702.68,27
2026-07-08 12:07:00+00:00,2026-07-08,QQQ,703.93,703.93,703.93,703.93,200
2026-07-08 12:08:00+00:00,2026-07-08,QQQ,704.2,704.2,704.2,704.2,5
2026-07-08 12:09:00+00:00,2026-07-08,QQQ,704.07,704.07,704.07,704.07,13
2026-07-08 12:10:00+00:00,2026-07-08,QQQ,704.33,704.33,704.33,704.33,200
2026-07-08 12:11:00+00:00,2026-07-08,QQQ,704.25,704.25,704.02,704.02,240
2026-07-08 12:14:00+00:00,2026-07-08,QQQ,703.81,703.81,703.6,703.6,223
2026-07-08 12:17:00+00:00,2026-07-08,QQQ,703.45,703.45,703.45,703.45,40
2026-07-08 12:18:00+00:00,2026-07-08,QQQ,703.67,703.69,703.67,703.69,180
2026-07-08 12:21:00+00:00,2026-07-08,QQQ,703.63,703.63,703.63,703.63,40
2026-07-08 12:23:00+00:00,2026-07-08,QQQ,703.09,703.09,703.09,703.09,80
2026-07-08 12:26:00+00:00,2026-07-08,QQQ,703.09,703.4,703.09,703.4,400
2026-07-08 12:29:00+00:00,2026-07-08,QQQ,703.87,703.87,703.87,703.87,120
2026-07-08 12:30:00+00:00,2026-07-08,QQQ,704.5,704.5,704.25,704.25,320
2026-07-08 12:33:00+00:00,2026-07-08,QQQ,703.86,703.86,703.84,703.84,455
2026-07-08 12:36:00+00:00,2026-07-08,QQQ,704.02,704.02,704.02,704.02,200
2026-07-08 12:45:00+00:00,2026-07-08,QQQ,704.48,704.72,704.48,704.67,184
2026-07-08 12:48:00+00:00,2026-07-08,QQQ,704.57,704.57,704.57,704.57,40
2026-07-08 12:51:00+00:00,2026-07-08,QQQ,704.6,704.6,704.6,704.6,80
2026-07-08 12:54:00+00:00,2026-07-08,QQQ,705.16,705.16,705.16,705.16,100
2026-07-08 12:55:00+00:00,2026-07-08,QQQ,705.2,705.25,705.2,705.25,160
2026-07-08 12:56:00+00:00,2026-07-08,QQQ,705.04,705.63,704.75,704.75,327
2026-07-08 12:57:00+00:00,2026-07-08,QQQ,704.1,704.1,704.1,704.1,233
2026-07-08 12:59:00+00:00,2026-07-08,QQQ,703.78,703.78,703.78,703.78,80
2026-07-08 13:02:00+00:00,2026-07-08,QQQ,704.11,704.38,704.11,704.38,55
2026-07-08 13:03:00+00:00,2026-07-08,QQQ,704.5,704.5,704.5,704.5,7
2026-07-08 13:07:00+00:00,2026-07-08,QQQ,704.27,704.27,704.27,704.27,75
2026-07-08 13:10:00+00:00,2026-07-08,QQQ,704.23,704.23,704.23,704.23,80
2026-07-08 13:11:00+00:00,2026-07-08,QQQ,704.16,704.18,704.16,704.18,220
2026-07-08 13:12:00+00:00,2026-07-08,QQQ,704.26,704.26,704.26,704.26,1
2026-07-08 13:13:00+00:00,2026-07-08,QQQ,705.14,705.14,704.88,704.88,300
2026-07-08 13:15:00+00:00,2026-07-08,QQQ,705.07,705.07,704.95,704.95,218
2026-07-08 13:16:00+00:00,2026-07-08,QQQ,704.83,704.85,704.83,704.85,553
2026-07-08 13:17:00+00:00,2026-07-08,QQQ,704.87,704.87,704.87,704.87,100
2026-07-08 13:20:00+00:00,2026-07-08,QQQ,705.0,705.0,705.0,705.0,1
2026-07-08 13:24:00+00:00,2026-07-08,QQQ,704.21,704.21,704.18,704.18,101
2026-07-08 13:25:00+00:00,2026-07-08,QQQ,704.0,704.0,703.81,703.81,15
2026-07-08 13:27:00+00:00,2026-07-08,QQQ,704.4,704.42,704.18,704.42,300
2026-07-08 13:28:00+00:00,2026-07-08,QQQ,705.33,705.33,705.29,705.3,638
2026-07-08 13:29:00+00:00,2026-07-08,QQQ,704.96,704.96,704.4,704.78,865
2026-07-08 13:30:00+00:00,2026-07-08,QQQ,704.97,706.61,704.94,706.09,12344
2026-07-08 13:31:00+00:00,2026-07-08,QQQ,706.12,707.2,705.43,707.14,7810
2026-07-08 13:32:00+00:00,2026-07-08,QQQ,707.16,707.8,707.0,707.8,7159
2026-07-08 13:33:00+00:00,2026-07-08,QQQ,707.8,707.8,706.92,707.2,4117
2026-07-08 13:34:00+00:00,2026-07-08,QQQ,707.47,707.67,707.15,707.38,4612
2026-07-08 13:35:00+00:00,2026-07-08,QQQ,707.18,708.01,706.86,707.44,4018
2026-07-08 13:36:00+00:00,2026-07-08,QQQ,707.47,708.09,706.75,707.3,3391
2026-07-08 13:37:00+00:00,2026-07-08,QQQ,707.24,707.64,706.47,707.43,3491
2026-07-08 13:38:00+00:00,2026-07-08,QQQ,707.07,707.07,706.27,706.62,2622
2026-07-08 13:39:00+00:00,2026-07-08,QQQ,706.6,707.94,706.6,707.81,2529
2026-07-08 13:40:00+00:00,2026-07-08,QQQ,707.79,709.25,707.67,709.25,3081
2026-07-08 13:41:00+00:00,2026-07-08,QQQ,709.09,709.25,708.7,709.0,3687
2026-07-08 13:42:00+00:00,2026-07-08,QQQ,708.9,709.03,708.13,708.34,2350
2026-07-08 13:43:00+00:00,2026-07-08,QQQ,708.39,708.77,708.16,708.5,3303
2026-07-08 13:44:00+00:00,2026-07-08,QQQ,708.41,708.97,708.34,708.54,2758
2026-07-08 13:45:00+00:00,2026-07-08,QQQ,708.56,709.55,708.44,709.18,3895
2026-07-08 13:46:00+00:00,2026-07-08,QQQ,709.38,709.69,709.17,709.56,2513
2026-07-08 13:47:00+00:00,2026-07-08,QQQ,709.52,709.76,708.83,708.83,2762
2026-07-08 13:48:00+00:00,2026-07-08,QQQ,708.92,709.24,708.57,708.57,5579
2026-07-08 13:49:00+00:00,2026-07-08,QQQ,708.45,708.45,707.47,707.48,5099
2026-07-08 13:50:00+00:00,2026-07-08,QQQ,707.43,708.0,707.2,707.93,2695
2026-07-08 13:51:00+00:00,2026-07-08,QQQ,708.1,709.06,708.1,708.54,2832
2026-07-08 13:52:00+00:00,2026-07-08,QQQ,708.12,708.41,707.64,708.13,2322
2026-07-08 13:53:00+00:00,2026-07-08,QQQ,708.0,708.78,708.0,708.32,2417
2026-07-08 13:54:00+00:00,2026-07-08,QQQ,708.145,708.38,707.96,708.015,1040
2026-07-08 13:55:00+00:00,2026-07-08,QQQ,707.84,707.845,707.14,707.5,1190
2026-07-08 13:56:00+00:00,2026-07-08,QQQ,707.72,707.865,707.27,707.37,1047
2026-07-08 13:57:00+00:00,2026-07-08,QQQ,708.02,708.56,708.02,708.29,771
2026-07-08 13:58:00+00:00,2026-07-08,QQQ,708.16,709.19,708.16,709.14,4795
2026-07-08 13:59:00+00:00,2026-07-08,QQQ,709.32,709.54,709.0,709.02,1840
2026-07-08 14:00:00+00:00,2026-07-08,QQQ,709.0,709.28,708.25,708.99,4321
2026-07-08 14:01:00+00:00,2026-07-08,QQQ,708.81,709.12,708.35,708.37,1816
2026-07-08 14:02:00+00:00,2026-07-08,QQQ,708.31,708.31,707.6,707.83,1183
2026-07-08 14:03:00+00:00,2026-07-08,QQQ,707.84,707.84,707.32,707.74,1744
2026-07-08 14:04:00+00:00,2026-07-08,QQQ,707.76,708.14,707.61,707.79,757
2026-07-08 14:05:00+00:00,2026-07-08,QQQ,707.71,708.36,707.7,708.22,1810
2026-07-08 14:06:00+00:00,2026-07-08,QQQ,708.33,708.47,707.83,707.87,1468
2026-07-08 14:07:00+00:00,2026-07-08,QQQ,707.88,708.01,707.55,707.62,1667
2026-07-08 14:08:00+00:00,2026-07-08,QQQ,707.655,708.41,707.54,708.39,1148
2026-07-08 14:09:00+00:00,2026-07-08,QQQ,707.91,708.08,707.48,707.94,1513
2026-07-08 14:10:00+00:00,2026-07-08,QQQ,707.9,707.99,707.05,707.05,675
2026-07-08 14:11:00+00:00,2026-07-08,QQQ,707.07,707.07,706.5,706.54,2687
2026-07-08 14:12:00+00:00,2026-07-08,QQQ,706.58,706.68,706.0,706.03,2674
2026-07-08 14:13:00+00:00,2026-07-08,QQQ,706.51,707.27,706.34,706.53,1614
2026-07-08 14:14:00+00:00,2026-07-08,QQQ,706.63,706.93,706.59,706.71,1144
2026-07-08 14:15:00+00:00,2026-07-08,QQQ,706.6,706.6,705.81,706.05,1918
2026-07-08 14:16:00+00:00,2026-07-08,QQQ,705.96,706.75,705.96,706.27,1127
2026-07-08 14:17:00+00:00,2026-07-08,QQQ,706.28,707.4,706.12,707.35,1663
2026-07-08 14:18:00+00:00,2026-07-08,QQQ,707.21,707.66,706.72,706.99,2788
2026-07-08 14:19:00+00:00,2026-07-08,QQQ,706.97,707.02,706.34,707.02,1652
2026-07-08 14:20:00+00:00,2026-07-08,QQQ,706.89,707.84,706.64,707.445,4323
2026-07-08 14:21:00+00:00,2026-07-08,QQQ,707.59,708.94,707.59,708.94,2656
2026-07-08 14:22:00+00:00,2026-07-08,QQQ,708.91,708.92,708.25,708.77,1380
2026-07-08 14:23:00+00:00,2026-07-08,QQQ,708.7,708.87,708.27,708.36,587
2026-07-08 14:24:00+00:00,2026-07-08,QQQ,708.41,708.47,707.62,707.795,1040
2026-07-08 14:25:00+00:00,2026-07-08,QQQ,707.74,708.41,707.74,708.41,1834
2026-07-08 14:26:00+00:00,2026-07-08,QQQ,708.37,708.63,708.03,708.08,2701
2026-07-08 14:27:00+00:00,2026-07-08,QQQ,707.76,707.87,706.28,707.87,3075
2026-07-08 14:28:00+00:00,2026-07-08,QQQ,707.76,707.76,706.96,707.16,1620
2026-07-08 14:29:00+00:00,2026-07-08,QQQ,707.2,707.735,707.2,707.37,1221
2026-07-08 14:30:00+00:00,2026-07-08,QQQ,707.09,707.65,707.04,707.61,1098
2026-07-08 14:31:00+00:00,2026-07-08,QQQ,707.22,707.54,706.875,707.53,4990
2026-07-08 14:32:00+00:00,2026-07-08,QQQ,707.55,707.55,707.115,707.24,790
2026-07-08 14:33:00+00:00,2026-07-08,QQQ,707.33,707.7,706.55,707.7,3259
2026-07-08 14:34:00+00:00,2026-07-08,QQQ,707.61,708.17,707.4,707.73,1774
2026-07-08 14:35:00+00:00,2026-07-08,QQQ,707.32,707.49,706.56,706.56,1869
2026-07-08 14:36:00+00:00,2026-07-08,QQQ,706.64,706.92,706.06,706.19,2228
2026-07-08 14:37:00+00:00,2026-07-08,QQQ,706.13,707.47,706.13,707.25,4618
2026-07-08 14:38:00+00:00,2026-07-08,QQQ,707.13,707.13,706.48,706.48,462
2026-07-08 14:39:00+00:00,2026-07-08,QQQ,706.69,706.69,706.2,706.22,1228
2026-07-08 14:40:00+00:00,2026-07-08,QQQ,706.1,706.53,706.1,706.49,1543
2026-07-08 14:41:00+00:00,2026-07-08,QQQ,706.44,706.84,706.11,706.84,880
2026-07-08 14:42:00+00:00,2026-07-08,QQQ,706.61,706.73,705.97,706.01,3453
2026-07-08 14:43:00+00:00,2026-07-08,QQQ,705.95,706.0,705.17,705.66,4915
2026-07-08 14:44:00+00:00,2026-07-08,QQQ,705.65,706.325,705.53,706.2,1403
2026-07-08 14:45:00+00:00,2026-07-08,QQQ,706.19,706.28,705.24,705.36,1947
2026-07-08 14:46:00+00:00,2026-07-08,QQQ,705.45,705.86,705.1,705.29,963
2026-07-08 14:47:00+00:00,2026-07-08,QQQ,705.0,705.05,704.44,704.58,4643
2026-07-08 14:48:00+00:00,2026-07-08,QQQ,704.465,705.07,704.465,704.77,4827
2026-07-08 14:49:00+00:00,2026-07-08,QQQ,704.81,704.82,704.315,704.35,1974
2026-07-08 14:50:00+00:00,2026-07-08,QQQ,704.23,704.69,703.84,704.37,2803
2026-07-08 14:51:00+00:00,2026-07-08,QQQ,704.32,704.84,704.24,704.8,1760
2026-07-08 14:52:00+00:00,2026-07-08,QQQ,704.88,705.9,704.85,705.85,1708
2026-07-08 14:53:00+00:00,2026-07-08,QQQ,705.72,707.19,705.23,706.49,3390
2026-07-08 14:54:00+00:00,2026-07-08,QQQ,706.5,706.59,705.88,706.29,2055
2026-07-08 14:55:00+00:00,2026-07-08,QQQ,705.86,706.4,705.65,706.29,5448
2026-07-08 14:56:00+00:00,2026-07-08,QQQ,706.55,707.04,706.32,706.32,1764
2026-07-08 14:57:00+00:00,2026-07-08,QQQ,706.27,706.27,705.46,705.85,1258
2026-07-08 14:58:00+00:00,2026-07-08,QQQ,705.52,705.52,704.88,705.03,2665
2026-07-08 14:59:00+00:00,2026-07-08,QQQ,704.87,705.28,704.87,705.21,2495
2026-07-08 15:00:00+00:00,2026-07-08,QQQ,705.31,705.47,704.95,705.36,3417
2026-07-08 15:01:00+00:00,2026-07-08,QQQ,704.91,704.95,704.79,704.95,579
2026-07-08 15:02:00+00:00,2026-07-08,QQQ,704.83,705.12,704.64,705.12,2737
2026-07-08 15:03:00+00:00,2026-07-08,QQQ,704.79,705.15,704.65,705.0,3857
2026-07-08 15:04:00+00:00,2026-07-08,QQQ,704.88,705.08,704.46,704.66,3084
2026-07-08 15:05:00+00:00,2026-07-08,QQQ,704.51,705.36,704.5,705.36,3004
2026-07-08 15:06:00+00:00,2026-07-08,QQQ,705.35,705.38,704.56,704.62,2211
2026-07-08 15:07:00+00:00,2026-07-08,QQQ,704.54,704.81,704.54,704.81,786
2026-07-08 15:08:00+00:00,2026-07-08,QQQ,704.98,705.22,704.73,705.13,1005
2026-07-08 15:09:00+00:00,2026-07-08,QQQ,704.96,705.23,704.73,704.74,1647
2026-07-08 15:10:00+00:00,2026-07-08,QQQ,704.5,705.12,704.5,705.12,1152
2026-07-08 15:11:00+00:00,2026-07-08,QQQ,705.03,705.05,704.64,704.64,1221
2026-07-08 15:12:00+00:00,2026-07-08,QQQ,704.35,704.8,703.98,704.8,1505
2026-07-08 15:13:00+00:00,2026-07-08,QQQ,704.8,704.8,703.96,704.06,2121
2026-07-08 15:14:00+00:00,2026-07-08,QQQ,703.87,703.93,703.29,703.45,1018
2026-07-08 15:15:00+00:00,2026-07-08,QQQ,703.57,703.9,703.35,703.42,2928
2026-07-08 15:16:00+00:00,2026-07-08,QQQ,703.33,703.36,702.74,702.74,13120
2026-07-08 15:17:00+00:00,2026-07-08,QQQ,702.785,702.87,702.42,702.55,2331
2026-07-08 15:18:00+00:00,2026-07-08,QQQ,702.59,702.92,702.55,702.92,1446
2026-07-08 15:19:00+00:00,2026-07-08,QQQ,703.02,703.91,702.98,703.55,2209
2026-07-08 15:20:00+00:00,2026-07-08,QQQ,703.5,703.71,703.07,703.5,1895
2026-07-08 15:21:00+00:00,2026-07-08,QQQ,703.32,703.35,702.88,703.08,1014
2026-07-08 15:22:00+00:00,2026-07-08,QQQ,702.98,702.98,702.2,702.27,1056
2026-07-08 15:23:00+00:00,2026-07-08,QQQ,702.23,702.24,701.67,701.69,6772
2026-07-08 15:24:00+00:00,2026-07-08,QQQ,701.68,701.92,701.485,701.69,4317
2026-07-08 15:25:00+00:00,2026-07-08,QQQ,701.56,701.8,701.19,701.33,4951
2026-07-08 15:26:00+00:00,2026-07-08,QQQ,701.37,701.76,700.98,701.255,5641
2026-07-08 15:27:00+00:00,2026-07-08,QQQ,701.25,701.54,701.125,701.15,3072
2026-07-08 15:28:00+00:00,2026-07-08,QQQ,701.18,701.74,701.18,701.31,2243
2026-07-08 15:29:00+00:00,2026-07-08,QQQ,701.39,701.82,701.39,701.535,796
2026-07-08 15:30:00+00:00,2026-07-08,QQQ,701.88,701.88,701.01,701.13,1525
2026-07-08 15:31:00+00:00,2026-07-08,QQQ,701.395,701.54,701.29,701.54,582
2026-07-08 15:32:00+00:00,2026-07-08,QQQ,701.64,702.15,701.57,702.03,2082
2026-07-08 15:33:00+00:00,2026-07-08,QQQ,702.01,702.64,701.98,702.24,2771
2026-07-08 15:34:00+00:00,2026-07-08,QQQ,702.28,702.57,702.16,702.57,2005
2026-07-08 15:35:00+00:00,2026-07-08,QQQ,702.56,703.03,702.22,703.03,1300
2026-07-08 15:36:00+00:00,2026-07-08,QQQ,702.96,703.5,702.7,703.5,1553
2026-07-08 15:37:00+00:00,2026-07-08,QQQ,703.5,703.59,703.26,703.55,1380
2026-07-08 15:38:00+00:00,2026-07-08,QQQ,703.52,703.565,702.88,703.17,5475
2026-07-08 15:39:00+00:00,2026-07-08,QQQ,703.21,703.215,702.52,702.68,1082
2026-07-08 15:40:00+00:00,2026-07-08,QQQ,702.64,703.49,702.64,703.49,943
2026-07-08 15:41:00+00:00,2026-07-08,QQQ,703.45,703.49,703.29,703.4,904
2026-07-08 15:42:00+00:00,2026-07-08,QQQ,703.38,703.38,702.6,702.6,299
2026-07-08 15:43:00+00:00,2026-07-08,QQQ,703.01,703.15,702.78,702.87,612
2026-07-08 15:44:00+00:00,2026-07-08,QQQ,702.82,702.89,702.67,702.79,440
2026-07-08 15:45:00+00:00,2026-07-08,QQQ,702.61,702.78,702.09,702.78,1614
2026-07-08 15:46:00+00:00,2026-07-08,QQQ,702.79,703.17,702.67,702.67,920
2026-07-08 15:47:00+00:00,2026-07-08,QQQ,702.665,702.665,702.14,702.38,1237
2026-07-08 15:48:00+00:00,2026-07-08,QQQ,702.5,702.5,702.23,702.4,381
2026-07-08 15:49:00+00:00,2026-07-08,QQQ,702.09,702.49,702.09,702.395,1841
2026-07-08 15:50:00+00:00,2026-07-08,QQQ,702.21,702.37,701.9,702.09,3163
2026-07-08 15:51:00+00:00,2026-07-08,QQQ,702.195,702.195,701.73,701.86,1747
2026-07-08 15:52:00+00:00,2026-07-08,QQQ,701.96,702.03,701.59,701.65,2037
2026-07-08 15:53:00+00:00,2026-07-08,QQQ,701.6,701.89,701.35,701.89,2700
2026-07-08 15:54:00+00:00,2026-07-08,QQQ,701.81,701.81,701.56,701.805,579
2026-07-08 15:55:00+00:00,2026-07-08,QQQ,702.16,702.43,702.16,702.33,1259
2026-07-08 15:56:00+00:00,2026-07-08,QQQ,702.28,702.28,701.66,701.75,985
2026-07-08 15:57:00+00:00,2026-07-08,QQQ,701.72,701.77,701.62,701.62,942
2026-07-08 15:58:00+00:00,2026-07-08,QQQ,701.98,702.17,701.79,702.17,619
2026-07-08 15:59:00+00:00,2026-07-08,QQQ,702.1,702.69,702.1,702.49,1044
2026-07-08 16:00:00+00:00,2026-07-08,QQQ,702.55,703.46,702.38,703.43,1215
2026-07-08 16:01:00+00:00,2026-07-08,QQQ,703.14,703.36,703.04,703.11,618
2026-07-08 16:02:00+00:00,2026-07-08,QQQ,703.19,703.38,703.1,703.22,920
2026-07-08 16:03:00+00:00,2026-07-08,QQQ,702.97,703.35,702.85,703.35,496
2026-07-08 16:04:00+00:00,2026-07-08,QQQ,703.0,703.45,703.0,703.42,1218
2026-07-08 16:05:00+00:00,2026-07-08,QQQ,703.36,703.97,703.36,703.71,1147
2026-07-08 16:06:00+00:00,2026-07-08,QQQ,703.725,703.77,703.45,703.71,467
2026-07-08 16:07:00+00:00,2026-07-08,QQQ,703.49,703.86,703.47,703.7,562
2026-07-08 16:08:00+00:00,2026-07-08,QQQ,703.62,703.685,703.15,703.51,1092
2026-07-08 16:09:00+00:00,2026-07-08,QQQ,703.56,704.29,703.5,704.22,1697
2026-07-08 16:10:00+00:00,2026-07-08,QQQ,704.28,704.87,704.28,704.73,1482
2026-07-08 16:11:00+00:00,2026-07-08,QQQ,704.7,705.05,704.62,704.8,3372
2026-07-08 16:12:00+00:00,2026-07-08,QQQ,705.0,705.115,704.92,705.065,1684
2026-07-08 16:13:00+00:00,2026-07-08,QQQ,705.0,705.3,704.86,705.04,1101
2026-07-08 16:14:00+00:00,2026-07-08,QQQ,705.1,705.41,705.1,705.35,967
2026-07-08 16:15:00+00:00,2026-07-08,QQQ,705.21,705.41,704.94,704.94,347
2026-07-08 16:16:00+00:00,2026-07-08,QQQ,704.99,705.15,704.81,705.15,2271
2026-07-08 16:17:00+00:00,2026-07-08,QQQ,705.29,705.79,705.24,705.79,523
2026-07-08 16:18:00+00:00,2026-07-08,QQQ,705.745,705.86,705.54,705.58,1207
2026-07-08 16:19:00+00:00,2026-07-08,QQQ,705.52,705.82,705.52,705.82,230
2026-07-08 16:20:00+00:00,2026-07-08,QQQ,705.84,706.35,705.84,706.35,1184
2026-07-08 16:21:00+00:00,2026-07-08,QQQ,706.37,706.97,706.24,706.8,3556
2026-07-08 16:22:00+00:00,2026-07-08,QQQ,706.93,707.23,706.75,706.75,3641
2026-07-08 16:23:00+00:00,2026-07-08,QQQ,706.86,707.13,706.86,706.88,1993
2026-07-08 16:24:00+00:00,2026-07-08,QQQ,706.88,706.88,706.15,706.28,2602
2026-07-08 16:25:00+00:00,2026-07-08,QQQ,706.31,706.6,706.28,706.6,900
2026-07-08 16:26:00+00:00,2026-07-08,QQQ,706.56,707.02,706.56,706.7,1378
2026-07-08 16:27:00+00:00,2026-07-08,QQQ,706.7,707.31,706.7,706.915,1906
2026-07-08 16:28:00+00:00,2026-07-08,QQQ,706.89,707.16,706.89,707.16,706
2026-07-08 16:29:00+00:00,2026-07-08,QQQ,706.98,706.98,706.78,706.79,843
2026-07-08 16:30:00+00:00,2026-07-08,QQQ,706.64,707.61,706.64,707.61,1787
2026-07-08 16:31:00+00:00,2026-07-08,QQQ,707.6,708.02,707.46,707.46,2096
2026-07-08 16:32:00+00:00,2026-07-08,QQQ,707.32,707.41,707.08,707.36,640
2026-07-08 16:33:00+00:00,2026-07-08,QQQ,707.29,707.39,707.16,707.28,1115
2026-07-08 16:34:00+00:00,2026-07-08,QQQ,707.16,707.36,706.65,706.65,1306
2026-07-08 16:35:00+00:00,2026-07-08,QQQ,706.69,707.53,706.64,706.84,2422
2026-07-08 16:36:00+00:00,2026-07-08,QQQ,706.8,706.83,706.37,706.43,1489
2026-07-08 16:37:00+00:00,2026-07-08,QQQ,706.43,706.43,706.1,706.31,696
2026-07-08 16:38:00+00:00,2026-07-08,QQQ,706.33,706.33,706.11,706.275,146
2026-07-08 16:39:00+00:00,2026-07-08,QQQ,706.38,707.25,706.1,707.2,1831
2026-07-08 16:40:00+00:00,2026-07-08,QQQ,707.16,708.44,706.84,708.17,2031
2026-07-08 16:41:00+00:00,2026-07-08,QQQ,707.78,707.79,707.59,707.79,1067
2026-07-08 16:42:00+00:00,2026-07-08,QQQ,707.69,707.95,707.65,707.84,1101
2026-07-08 16:43:00+00:00,2026-07-08,QQQ,707.59,708.22,707.59,708.035,713
2026-07-08 16:44:00+00:00,2026-07-08,QQQ,708.28,708.47,708.03,708.14,1124
2026-07-08 16:45:00+00:00,2026-07-08,QQQ,708.1,708.1,707.56,707.63,723
2026-07-08 16:46:00+00:00,2026-07-08,QQQ,707.875,708.24,707.84,708.2,746
2026-07-08 16:47:00+00:00,2026-07-08,QQQ,708.14,708.19,708.01,708.01,341
2026-07-08 16:48:00+00:00,2026-07-08,QQQ,708.125,708.21,708.04,708.04,429
2026-07-08 16:49:00+00:00,2026-07-08,QQQ,708.11,708.5,708.11,708.48,2324
2026-07-08 16:50:00+00:00,2026-07-08,QQQ,708.44,708.75,708.27,708.61,2815
2026-07-08 16:51:00+00:00,2026-07-08,QQQ,708.58,708.63,708.12,708.59,998
2026-07-08 16:52:00+00:00,2026-07-08,QQQ,708.62,708.96,708.62,708.94,108
2026-07-08 16:53:00+00:00,2026-07-08,QQQ,708.92,709.03,708.58,708.88,1411
2026-07-08 16:54:00+00:00,2026-07-08,QQQ,708.92,708.95,708.66,708.69,1646
2026-07-08 16:55:00+00:00,2026-07-08,QQQ,708.68,708.99,708.44,708.63,802
2026-07-08 16:56:00+00:00,2026-07-08,QQQ,708.69,708.8,708.56,708.8,596
2026-07-08 16:57:00+00:00,2026-07-08,QQQ,708.81,709.08,708.76,709.05,1589
2026-07-08 16:58:00+00:00,2026-07-08,QQQ,709.02,709.11,708.9,709.07,839
2026-07-08 16:59:00+00:00,2026-07-08,QQQ,709.11,709.16,709.0,709.16,2836
2026-07-08 17:00:00+00:00,2026-07-08,QQQ,708.88,708.89,708.45,708.68,1213
2026-07-08 17:01:00+00:00,2026-07-08,QQQ,708.655,708.78,708.55,708.57,1127
2026-07-08 17:02:00+00:00,2026-07-08,QQQ,708.7,708.87,708.4,708.54,697
2026-07-08 17:03:00+00:00,2026-07-08,QQQ,708.565,708.64,708.39,708.39,574
2026-07-08 17:04:00+00:00,2026-07-08,QQQ,708.48,708.67,708.46,708.63,267
2026-07-08 17:05:00+00:00,2026-07-08,QQQ,708.53,708.57,708.47,708.54,1003
2026-07-08 17:06:00+00:00,2026-07-08,QQQ,708.77,709.25,708.77,709.16,1203
2026-07-08 17:07:00+00:00,2026-07-08,QQQ,709.09,709.42,708.93,709.33,777
2026-07-08 17:08:00+00:00,2026-07-08,QQQ,709.45,709.46,709.05,709.16,602
2026-07-08 17:09:00+00:00,2026-07-08,QQQ,709.14,709.14,708.75,708.78,1087
2026-07-08 17:10:00+00:00,2026-07-08,QQQ,708.78,708.86,708.53,708.59,2049
2026-07-08 17:11:00+00:00,2026-07-08,QQQ,708.48,708.59,708.23,708.59,766
2026-07-08 17:12:00+00:00,2026-07-08,QQQ,708.65,708.78,708.49,708.7,849
2026-07-08 17:13:00+00:00,2026-07-08,QQQ,708.62,708.79,708.62,708.76,876
2026-07-08 17:14:00+00:00,2026-07-08,QQQ,708.75,708.76,708.27,708.27,982
2026-07-08 17:15:00+00:00,2026-07-08,QQQ,708.235,708.485,708.215,708.41,915
2026-07-08 17:16:00+00:00,2026-07-08,QQQ,708.57,708.77,708.53,708.77,589
2026-07-08 17:17:00+00:00,2026-07-08,QQQ,708.68,708.83,708.6,708.74,169
2026-07-08 17:18:00+00:00,2026-07-08,QQQ,708.595,708.69,708.56,708.56,548
2026-07-08 17:19:00+00:00,2026-07-08,QQQ,709.11,709.28,709.06,709.2,939
2026-07-08 17:20:00+00:00,2026-07-08,QQQ,709.27,709.45,708.98,709.205,1065
2026-07-08 17:21:00+00:00,2026-07-08,QQQ,709.35,709.81,709.35,709.71,4645
2026-07-08 17:22:00+00:00,2026-07-08,QQQ,709.65,709.805,709.6,709.6,765
2026-07-08 17:23:00+00:00,2026-07-08,QQQ,709.69,710.05,709.69,710.02,1345
2026-07-08 17:24:00+00:00,2026-07-08,QQQ,710.02,710.2,709.985,710.2,1567
2026-07-08 17:25:00+00:00,2026-07-08,QQQ,710.46,710.7,710.39,710.475,1291
2026-07-08 17:26:00+00:00,2026-07-08,QQQ,710.4,710.44,710.12,710.31,786
2026-07-08 17:27:00+00:00,2026-07-08,QQQ,710.39,710.44,710.15,710.195,2846
2026-07-08 17:28:00+00:00,2026-07-08,QQQ,710.31,710.55,710.27,710.53,228
2026-07-08 17:29:00+00:00,2026-07-08,QQQ,710.67,710.83,710.64,710.72,811
2026-07-08 17:30:00+00:00,2026-07-08,QQQ,710.74,710.93,710.65,710.93,601
2026-07-08 17:31:00+00:00,2026-07-08,QQQ,711.0,711.11,710.7,710.7,2127
2026-07-08 17:32:00+00:00,2026-07-08,QQQ,710.82,710.92,710.705,710.71,2865
2026-07-08 17:33:00+00:00,2026-07-08,QQQ,710.73,710.82,710.64,710.81,791
2026-07-08 17:34:00+00:00,2026-07-08,QQQ,710.77,710.94,710.57,710.57,2074
2026-07-08 17:35:00+00:00,2026-07-08,QQQ,710.49,710.84,710.39,710.715,999
2026-07-08 17:36:00+00:00,2026-07-08,QQQ,710.87,710.87,710.63,710.73,332
2026-07-08 17:37:00+00:00,2026-07-08,QQQ,710.75,710.78,710.59,710.63,1134
2026-07-08 17:38:00+00:00,2026-07-08,QQQ,710.61,710.7,710.35,710.4,1801
2026-07-08 17:39:00+00:00,2026-07-08,QQQ,710.39,710.49,710.3,710.3,609
2026-07-08 17:40:00+00:00,2026-07-08,QQQ,710.32,710.32,710.05,710.16,392
2026-07-08 17:41:00+00:00,2026-07-08,QQQ,710.09,710.14,709.63,709.63,908
2026-07-08 17:42:00+00:00,2026-07-08,QQQ,709.62,709.87,709.52,709.87,1321
2026-07-08 17:43:00+00:00,2026-07-08,QQQ,709.86,709.86,709.61,709.61,370
2026-07-08 17:44:00+00:00,2026-07-08,QQQ,709.51,709.53,709.34,709.445,486
2026-07-08 17:45:00+00:00,2026-07-08,QQQ,709.445,709.445,708.695,708.87,1507
2026-07-08 17:46:00+00:00,2026-07-08,QQQ,708.91,709.085,708.74,709.08,1342
2026-07-08 17:47:00+00:00,2026-07-08,QQQ,709.1,709.11,708.86,708.86,961
2026-07-08 17:48:00+00:00,2026-07-08,QQQ,708.88,708.88,708.56,708.57,479
2026-07-08 17:49:00+00:00,2026-07-08,QQQ,708.74,708.74,708.45,708.555,1408
2026-07-08 17:50:00+00:00,2026-07-08,QQQ,708.6,709.2,708.52,709.18,1160
2026-07-08 17:51:00+00:00,2026-07-08,QQQ,709.095,709.13,708.83,708.99,864
2026-07-08 17:52:00+00:00,2026-07-08,QQQ,709.14,709.47,709.09,709.47,363
2026-07-08 17:53:00+00:00,2026-07-08,QQQ,709.35,709.35,709.045,709.06,332
2026-07-08 17:54:00+00:00,2026-07-08,QQQ,708.83,708.88,708.73,708.83,274
2026-07-08 17:55:00+00:00,2026-07-08,QQQ,708.46,708.49,708.12,708.23,515
2026-07-08 17:56:00+00:00,2026-07-08,QQQ,708.28,708.28,707.9,707.9,156
2026-07-08 17:57:00+00:00,2026-07-08,QQQ,708.02,708.18,707.95,708.18,648
2026-07-08 17:58:00+00:00,2026-07-08,QQQ,708.315,708.57,708.23,708.445,642
2026-07-08 17:59:00+00:00,2026-07-08,QQQ,708.48,708.59,708.45,708.59,306
2026-07-08 18:00:00+00:00,2026-07-08,QQQ,708.515,709.46,708.12,709.17,1335
2026-07-08 18:01:00+00:00,2026-07-08,QQQ,709.14,709.73,709.02,709.67,1075
2026-07-08 18:02:00+00:00,2026-07-08,QQQ,709.91,709.91,709.61,709.61,327
2026-07-08 18:03:00+00:00,2026-07-08,QQQ,709.75,710.05,709.7,709.86,784
2026-07-08 18:04:00+00:00,2026-07-08,QQQ,710.08,710.15,709.83,709.83,445
2026-07-08 18:05:00+00:00,2026-07-08,QQQ,709.92,709.92,709.23,709.53,222
2026-07-08 18:06:00+00:00,2026-07-08,QQQ,709.59,709.63,709.53,709.63,211
2026-07-08 18:07:00+00:00,2026-07-08,QQQ,709.66,709.89,709.58,709.63,388
2026-07-08 18:08:00+00:00,2026-07-08,QQQ,709.64,710.0,709.64,710.0,887
2026-07-08 18:09:00+00:00,2026-07-08,QQQ,710.05,710.05,709.89,710.05,1191
2026-07-08 18:10:00+00:00,2026-07-08,QQQ,710.01,710.07,709.76,710.07,1648
2026-07-08 18:11:00+00:00,2026-07-08,QQQ,710.1,710.11,710.025,710.11,200
2026-07-08 18:12:00+00:00,2026-07-08,QQQ,710.11,710.11,709.98,710.02,260
2026-07-08 18:13:00+00:00,2026-07-08,QQQ,709.77,709.955,709.74,709.94,361
2026-07-08 18:14:00+00:00,2026-07-08,QQQ,710.09,710.39,709.935,709.935,604
2026-07-08 18:15:00+00:00,2026-07-08,QQQ,709.92,710.15,709.84,710.05,467
2026-07-08 18:16:00+00:00,2026-07-08,QQQ,709.97,710.01,709.44,709.51,1624
2026-07-08 18:17:00+00:00,2026-07-08,QQQ,709.47,709.71,709.35,709.71,696
2026-07-08 18:18:00+00:00,2026-07-08,QQQ,709.64,709.78,709.45,709.51,1177
2026-07-08 18:19:00+00:00,2026-07-08,QQQ,709.65,710.005,709.65,709.97,395
2026-07-08 18:20:00+00:00,2026-07-08,QQQ,709.92,709.92,709.61,709.61,563
2026-07-08 18:21:00+00:00,2026-07-08,QQQ,709.59,709.765,709.55,709.59,1174
2026-07-08 18:22:00+00:00,2026-07-08,QQQ,709.71,709.94,709.7,709.77,301
2026-07-08 18:23:00+00:00,2026-07-08,QQQ,709.78,709.8,709.5,709.51,477
2026-07-08 18:24:00+00:00,2026-07-08,QQQ,709.56,709.65,709.34,709.34,499
2026-07-08 18:25:00+00:00,2026-07-08,QQQ,709.38,709.59,709.26,709.46,549
2026-07-08 18:26:00+00:00,2026-07-08,QQQ,709.41,709.6,709.38,709.58,299
2026-07-08 18:27:00+00:00,2026-07-08,QQQ,709.61,709.83,709.56,709.73,1144
2026-07-08 18:28:00+00:00,2026-07-08,QQQ,709.73,709.81,709.32,709.32,493
2026-07-08 18:29:00+00:00,2026-07-08,QQQ,709.31,709.32,709.065,709.065,363
2026-07-08 18:30:00+00:00,2026-07-08,QQQ,709.05,709.125,708.65,708.65,1078
2026-07-08 18:31:00+00:00,2026-07-08,QQQ,708.64,708.98,708.56,708.98,530
2026-07-08 18:32:00+00:00,2026-07-08,QQQ,708.97,709.27,708.94,709.18,535
2026-07-08 18:33:00+00:00,2026-07-08,QQQ,708.74,708.755,708.58,708.7,591
2026-07-08 18:34:00+00:00,2026-07-08,QQQ,708.76,708.82,708.68,708.76,980
2026-07-08 18:35:00+00:00,2026-07-08,QQQ,708.91,708.91,708.76,708.78,572
2026-07-08 18:36:00+00:00,2026-07-08,QQQ,708.83,709.44,708.83,709.4,987
2026-07-08 18:37:00+00:00,2026-07-08,QQQ,709.36,709.77,709.36,709.77,465
2026-07-08 18:38:00+00:00,2026-07-08,QQQ,709.82,710.02,709.77,709.91,581
2026-07-08 18:39:00+00:00,2026-07-08,QQQ,709.72,710.01,709.72,710.01,1766
2026-07-08 18:40:00+00:00,2026-07-08,QQQ,710.02,710.12,709.77,709.78,1073
2026-07-08 18:41:00+00:00,2026-07-08,QQQ,709.74,709.74,709.31,709.32,1077
2026-07-08 18:42:00+00:00,2026-07-08,QQQ,709.38,709.44,709.18,709.185,351
2026-07-08 18:43:00+00:00,2026-07-08,QQQ,709.36,709.36,709.36,709.36,70
2026-07-08 18:44:00+00:00,2026-07-08,QQQ,709.71,709.79,709.68,709.78,281
2026-07-08 18:45:00+00:00,2026-07-08,QQQ,709.84,709.86,709.55,709.745,1650
2026-07-08 18:46:00+00:00,2026-07-08,QQQ,709.67,709.695,709.61,709.64,929
2026-07-08 18:47:00+00:00,2026-07-08,QQQ,709.75,709.81,709.75,709.75,512
2026-07-08 18:48:00+00:00,2026-07-08,QQQ,709.445,709.71,709.315,709.71,478
2026-07-08 18:49:00+00:00,2026-07-08,QQQ,709.75,709.88,709.73,709.87,285
2026-07-08 18:50:00+00:00,2026-07-08,QQQ,709.71,709.98,709.71,709.95,831
2026-07-08 18:51:00+00:00,2026-07-08,QQQ,709.88,710.04,709.88,709.94,230
2026-07-08 18:52:00+00:00,2026-07-08,QQQ,710.07,710.32,709.81,709.81,1559
2026-07-08 18:53:00+00:00,2026-07-08,QQQ,709.93,710.11,709.72,709.72,868
2026-07-08 18:54:00+00:00,2026-07-08,QQQ,709.765,709.97,709.765,709.85,483
2026-07-08 18:55:00+00:00,2026-07-08,QQQ,709.875,709.875,709.56,709.75,760
2026-07-08 18:56:00+00:00,2026-07-08,QQQ,709.62,709.66,709.38,709.54,1027
2026-07-08 18:57:00+00:00,2026-07-08,QQQ,709.495,709.73,709.495,709.73,473
2026-07-08 18:58:00+00:00,2026-07-08,QQQ,709.665,709.67,709.57,709.58,242
2026-07-08 18:59:00+00:00,2026-07-08,QQQ,709.63,709.95,709.525,709.89,1022
2026-07-08 19:00:00+00:00,2026-07-08,QQQ,709.94,710.5,709.87,710.31,2359
2026-07-08 19:01:00+00:00,2026-07-08,QQQ,710.36,710.36,709.86,709.88,1154
2026-07-08 19:02:00+00:00,2026-07-08,QQQ,709.86,709.9,709.73,709.78,1113
2026-07-08 19:03:00+00:00,2026-07-08,QQQ,709.69,709.86,709.64,709.71,835
2026-07-08 19:04:00+00:00,2026-07-08,QQQ,709.71,709.82,709.7,709.745,366
2026-07-08 19:05:00+00:00,2026-07-08,QQQ,709.795,709.98,709.58,709.67,817
2026-07-08 19:06:00+00:00,2026-07-08,QQQ,709.28,709.6,709.27,709.55,1065
2026-07-08 19:07:00+00:00,2026-07-08,QQQ,709.735,709.97,709.735,709.84,2223
2026-07-08 19:08:00+00:00,2026-07-08,QQQ,709.715,710.085,709.63,710.085,301
2026-07-08 19:09:00+00:00,2026-07-08,QQQ,710.07,710.13,709.78,710.025,1140
2026-07-08 19:10:00+00:00,2026-07-08,QQQ,709.95,709.96,709.77,709.785,979
2026-07-08 19:11:00+00:00,2026-07-08,QQQ,709.89,709.99,709.7,709.73,691
2026-07-08 19:12:00+00:00,2026-07-08,QQQ,709.86,709.86,709.56,709.81,377
2026-07-08 19:13:00+00:00,2026-07-08,QQQ,709.84,709.85,709.64,709.64,613
2026-07-08 19:14:00+00:00,2026-07-08,QQQ,709.64,709.83,709.57,709.71,850
2026-07-08 19:15:00+00:00,2026-07-08,QQQ,709.71,709.775,709.53,709.58,498
2026-07-08 19:16:00+00:00,2026-07-08,QQQ,709.605,709.605,709.415,709.52,650
2026-07-08 19:17:00+00:00,2026-07-08,QQQ,709.45,709.57,709.37,709.57,3699
2026-07-08 19:18:00+00:00,2026-07-08,QQQ,709.585,709.84,709.58,709.695,1742
2026-07-08 19:19:00+00:00,2026-07-08,QQQ,709.76,709.76,709.55,709.56,1030
2026-07-08 19:20:00+00:00,2026-07-08,QQQ,709.59,709.83,709.51,709.82,789
2026-07-08 19:21:00+00:00,2026-07-08,QQQ,709.85,710.25,709.725,710.14,2527
2026-07-08 19:22:00+00:00,2026-07-08,QQQ,710.09,710.18,709.84,709.84,1523
2026-07-08 19:23:00+00:00,2026-07-08,QQQ,709.84,710.03,709.795,709.865,1310
2026-07-08 19:24:00+00:00,2026-07-08,QQQ,709.92,710.01,709.905,709.97,1098
2026-07-08 19:25:00+00:00,2026-07-08,QQQ,710.02,710.17,710.02,710.13,656
2026-07-08 19:26:00+00:00,2026-07-08,QQQ,710.15,710.17,709.95,710.03,693
2026-07-08 19:27:00+00:00,2026-07-08,QQQ,709.97,710.27,709.97,710.17,1237
2026-07-08 19:28:00+00:00,2026-07-08,QQQ,710.17,710.27,710.0,710.09,468
2026-07-08 19:29:00+00:00,2026-07-08,QQQ,710.105,710.73,710.1,710.44,1138
2026-07-08 19:30:00+00:00,2026-07-08,QQQ,710.43,710.525,709.98,709.98,1808
2026-07-08 19:31:00+00:00,2026-07-08,QQQ,709.84,709.91,709.55,709.9,1569
2026-07-08 19:32:00+00:00,2026-07-08,QQQ,709.93,710.02,709.76,709.86,975
2026-07-08 19:33:00+00:00,2026-07-08,QQQ,709.96,709.97,709.72,709.78,454
2026-07-08 19:34:00+00:00,2026-07-08,QQQ,709.77,709.87,709.65,709.68,502
2026-07-08 19:35:00+00:00,2026-07-08,QQQ,709.78,709.89,709.62,709.83,2773
2026-07-08 19:36:00+00:00,2026-07-08,QQQ,709.93,710.3,709.93,710.3,978
2026-07-08 19:37:00+00:00,2026-07-08,QQQ,710.34,710.4,710.25,710.38,2054
2026-07-08 19:38:00+00:00,2026-07-08,QQQ,710.41,710.43,710.165,710.17,4108
2026-07-08 19:39:00+00:00,2026-07-08,QQQ,710.15,710.27,710.07,710.19,731
2026-07-08 19:40:00+00:00,2026-07-08,QQQ,710.17,710.17,709.94,710.0,1629
2026-07-08 19:41:00+00:00,2026-07-08,QQQ,709.92,709.96,709.72,709.905,1000
2026-07-08 19:42:00+00:00,2026-07-08,QQQ,709.845,709.89,709.75,709.825,1412
2026-07-08 19:43:00+00:00,2026-07-08,QQQ,709.88,710.14,709.85,710.14,929
2026-07-08 19:44:00+00:00,2026-07-08,QQQ,710.16,710.25,710.055,710.24,2050
2026-07-08 19:45:00+00:00,2026-07-08,QQQ,710.24,710.39,709.94,710.14,1667
2026-07-08 19:46:00+00:00,2026-07-08,QQQ,710.14,710.355,709.955,710.005,1546
2026-07-08 19:47:00+00:00,2026-07-08,QQQ,709.835,709.86,709.48,709.54,1100
2026-07-08 19:48:00+00:00,2026-07-08,QQQ,709.61,710.06,709.555,709.86,1618
2026-07-08 19:49:00+00:00,2026-07-08,QQQ,709.86,710.1,709.86,709.96,3313
2026-07-08 19:50:00+00:00,2026-07-08,QQQ,709.92,710.51,709.56,710.33,4504
2026-07-08 19:51:00+00:00,2026-07-08,QQQ,710.35,711.05,710.25,710.71,4107
2026-07-08 19:52:00+00:00,2026-07-08,QQQ,710.68,710.79,710.51,710.73,3135
2026-07-08 19:53:00+00:00,2026-07-08,QQQ,710.74,710.985,710.74,710.86,4514
2026-07-08 19:54:00+00:00,2026-07-08,QQQ,711.01,711.36,711.0,711.36,5770
2026-07-08 19:55:00+00:00,2026-07-08,QQQ,711.37,711.58,711.15,711.465,4880
2026-07-08 19:56:00+00:00,2026-07-08,QQQ,711.43,711.6,711.29,711.6,5686
2026-07-08 19:57:00+00:00,2026-07-08,QQQ,711.55,712.2,711.55,712.01,5595
2026-07-08 19:58:00+00:00,2026-07-08,QQQ,711.99,712.2,711.8,712.0,11658
2026-07-08 19:59:00+00:00,2026-07-08,QQQ,711.98,712.235,711.29,711.31,25526
2026-07-08 20:00:00+00:00,2026-07-08,QQQ,711.12,711.12,711.01,711.01,133
2026-07-08 20:01:00+00:00,2026-07-08,QQQ,710.7,711.05,710.7,711.05,65
2026-07-08 20:06:00+00:00,2026-07-08,QQQ,710.78,710.78,710.78,710.78,30
2026-07-08 20:11:00+00:00,2026-07-08,QQQ,710.03,710.03,710.03,710.03,10
2026-07-08 20:16:00+00:00,2026-07-08,QQQ,709.77,709.77,709.6,709.6,51
2026-07-08 20:30:00+00:00,2026-07-08,QQQ,709.66,709.66,709.66,709.66,20
2026-07-08 20:32:00+00:00,2026-07-08,QQQ,709.39,709.39,709.39,709.39,50
2026-07-08 20:35:00+00:00,2026-07-08,QQQ,709.24,709.29,709.19,709.21,361
2026-07-08 20:36:00+00:00,2026-07-08,QQQ,708.97,708.97,708.97,708.97,74
2026-07-08 20:38:00+00:00,2026-07-08,QQQ,709.14,709.14,709.14,709.14,69
2026-07-08 20:39:00+00:00,2026-07-08,QQQ,709.37,709.37,709.37,709.37,1
2026-07-08 20:47:00+00:00,2026-07-08,QQQ,709.54,709.54,709.54,709.54,30
2026-07-08 20:57:00+00:00,2026-07-08,QQQ,709.61,709.61,709.61,709.61,30
2026-07-08 21:24:00+00:00,2026-07-08,QQQ,709.81,709.81,709.81,709.81,44
2026-07-08 23:46:00+00:00,2026-07-08,QQQ,711.88,711.88,711.88,711.88,1
2026-07-09 08:00:00+00:00,2026-07-09,QQQ,716.55,716.55,716.55,716.55,16
2026-07-09 08:01:00+00:00,2026-07-09,QQQ,716.39,716.39,716.39,716.39,160
2026-07-09 08:06:00+00:00,2026-07-09,QQQ,717.74,717.74,717.74,717.74,200
2026-07-09 08:10:00+00:00,2026-07-09,QQQ,717.62,717.62,717.62,717.62,200
2026-07-09 08:13:00+00:00,2026-07-09,QQQ,717.5,717.5,717.5,717.5,40
2026-07-09 08:19:00+00:00,2026-07-09,QQQ,717.2,717.2,717.2,717.2,40
2026-07-09 08:38:00+00:00,2026-07-09,QQQ,716.48,716.48,716.48,716.48,200
2026-07-09 08:40:00+00:00,2026-07-09,QQQ,716.38,716.38,716.38,716.38,200
2026-07-09 08:56:00+00:00,2026-07-09,QQQ,716.34,716.34,716.21,716.21,201
2026-07-09 09:07:00+00:00,2026-07-09,QQQ,715.84,715.84,715.84,715.84,200
2026-07-09 09:16:00+00:00,2026-07-09,QQQ,715.74,715.74,715.74,715.74,200
2026-07-09 09:18:00+00:00,2026-07-09,QQQ,715.99,715.99,715.99,715.99,200
2026-07-09 09:29:00+00:00,2026-07-09,QQQ,716.01,716.01,716.01,716.01,200
2026-07-09 09:38:00+00:00,2026-07-09,QQQ,715.56,715.56,715.56,715.56,70
2026-07-09 09:41:00+00:00,2026-07-09,QQQ,715.19,715.19,715.19,715.19,200
2026-07-09 10:45:00+00:00,2026-07-09,QQQ,715.66,715.66,715.65,715.65,276
2026-07-09 10:48:00+00:00,2026-07-09,QQQ,715.09,715.09,715.09,715.09,200
2026-07-09 10:52:00+00:00,2026-07-09,QQQ,714.27,714.27,714.27,714.27,200
2026-07-09 10:54:00+00:00,2026-07-09,QQQ,714.0,714.0,714.0,714.0,200
2026-07-09 10:56:00+00:00,2026-07-09,QQQ,713.94,713.94,713.94,713.94,72
2026-07-09 10:57:00+00:00,2026-07-09,QQQ,714.3,714.3,714.3,714.3,25
2026-07-09 11:00:00+00:00,2026-07-09,QQQ,715.02,715.02,715.02,715.02,200
2026-07-09 11:02:00+00:00,2026-07-09,QQQ,715.31,715.31,715.31,715.31,14
2026-07-09 11:03:00+00:00,2026-07-09,QQQ,715.31,715.31,715.31,715.31,200
2026-07-09 11:06:00+00:00,2026-07-09,QQQ,715.04,715.04,715.04,715.04,40
2026-07-09 11:12:00+00:00,2026-07-09,QQQ,714.82,714.82,714.82,714.82,13
2026-07-09 11:13:00+00:00,2026-07-09,QQQ,715.01,715.01,715.0,715.0,240
2026-07-09 11:18:00+00:00,2026-07-09,QQQ,714.94,714.94,714.94,714.94,32
2026-07-09 11:20:00+00:00,2026-07-09,QQQ,715.0,715.56,715.0,715.56,1047
2026-07-09 11:23:00+00:00,2026-07-09,QQQ,715.12,715.12,715.12,715.12,200
2026-07-09 11:29:00+00:00,2026-07-09,QQQ,715.76,715.76,715.76,715.76,78
2026-07-09 11:30:00+00:00,2026-07-09,QQQ,715.65,715.65,715.65,715.65,200
2026-07-09 11:32:00+00:00,2026-07-09,QQQ,716.07,716.07,716.07,716.07,200
2026-07-09 11:33:00+00:00,2026-07-09,QQQ,716.38,716.38,716.38,716.38,200
2026-07-09 11:34:00+00:00,2026-07-09,QQQ,716.35,716.35,716.35,716.35,1
2026-07-09 11:36:00+00:00,2026-07-09,QQQ,716.43,716.43,716.43,716.43,200
2026-07-09 11:41:00+00:00,2026-07-09,QQQ,716.33,716.34,716.15,716.15,501
2026-07-09 11:43:00+00:00,2026-07-09,QQQ,716.44,716.54,716.44,716.54,300
2026-07-09 11:45:00+00:00,2026-07-09,QQQ,716.68,716.68,716.68,716.68,159
2026-07-09 11:46:00+00:00,2026-07-09,QQQ,717.11,717.11,717.11,717.11,200
2026-07-09 11:49:00+00:00,2026-07-09,QQQ,716.78,717.3,716.78,717.3,698
2026-07-09 11:50:00+00:00,2026-07-09,QQQ,717.21,717.21,717.21,717.21,100
2026-07-09 11:54:00+00:00,2026-07-09,QQQ,717.34,717.34,717.28,717.28,199
2026-07-09 12:00:00+00:00,2026-07-09,QQQ,716.95,716.95,716.95,716.95,119
2026-07-09 12:05:00+00:00,2026-07-09,QQQ,717.03,717.03,716.86,716.86,450
2026-07-09 12:08:00+00:00,2026-07-09,QQQ,717.38,717.72,717.38,717.72,291
2026-07-09 12:10:00+00:00,2026-07-09,QQQ,717.74,717.74,717.62,717.62,208
2026-07-09 12:11:00+00:00,2026-07-09,QQQ,717.86,717.86,717.78,717.78,48
2026-07-09 12:13:00+00:00,2026-07-09,QQQ,717.67,717.67,717.67,717.67,6
2026-07-09 12:14:00+00:00,2026-07-09,QQQ,717.56,717.56,717.56,717.56,111
2026-07-09 12:17:00+00:00,2026-07-09,QQQ,717.57,717.57,717.41,717.41,347
2026-07-09 12:18:00+00:00,2026-07-09,QQQ,717.35,717.36,717.35,717.36,160
2026-07-09 12:19:00+00:00,2026-07-09,QQQ,717.43,717.43,717.43,717.43,40
2026-07-09 12:23:00+00:00,2026-07-09,QQQ,717.8,717.95,717.8,717.95,9
2026-07-09 12:24:00+00:00,2026-07-09,QQQ,718.0,718.05,718.0,718.05,105
2026-07-09 12:25:00+00:00,2026-07-09,QQQ,718.12,718.17,718.12,718.15,296
2026-07-09 12:26:00+00:00,2026-07-09,QQQ,718.03,718.03,717.96,717.96,430
2026-07-09 12:27:00+00:00,2026-07-09,QQQ,718.13,718.29,718.13,718.25,275
2026-07-09 12:28:00+00:00,2026-07-09,QQQ,718.35,718.36,718.35,718.36,375
2026-07-09 12:30:00+00:00,2026-07-09,QQQ,718.2,718.36,718.17,718.25,1040
2026-07-09 12:31:00+00:00,2026-07-09,QQQ,718.41,718.42,718.29,718.29,480
2026-07-09 12:32:00+00:00,2026-07-09,QQQ,718.53,718.88,718.53,718.88,280
2026-07-09 12:33:00+00:00,2026-07-09,QQQ,718.81,718.81,718.71,718.71,440
2026-07-09 12:35:00+00:00,2026-07-09,QQQ,718.83,718.88,718.81,718.88,361
2026-07-09 12:39:00+00:00,2026-07-09,QQQ,718.97,719.03,718.97,719.03,80
2026-07-09 12:40:00+00:00,2026-07-09,QQQ,719.08,719.11,719.08,719.1,240
2026-07-09 12:41:00+00:00,2026-07-09,QQQ,718.86,718.86,718.86,718.86,40
2026-07-09 12:47:00+00:00,2026-07-09,QQQ,717.81,717.81,717.81,717.81,100
2026-07-09 12:49:00+00:00,2026-07-09,QQQ,717.94,717.94,717.94,717.94,80
2026-07-09 12:51:00+00:00,2026-07-09,QQQ,718.1,718.1,718.1,718.1,100
2026-07-09 12:54:00+00:00,2026-07-09,QQQ,718.07,718.07,718.07,718.07,100
2026-07-09 12:56:00+00:00,2026-07-09,QQQ,718.06,718.06,718.06,718.06,60
2026-07-09 12:57:00+00:00,2026-07-09,QQQ,718.09,718.09,718.09,718.09,100
2026-07-09 12:58:00+00:00,2026-07-09,QQQ,717.93,717.93,717.93,717.93,100
2026-07-09 12:59:00+00:00,2026-07-09,QQQ,718.07,718.07,718.07,718.07,100
2026-07-09 13:03:00+00:00,2026-07-09,QQQ,718.21,718.21,718.21,718.21,23
2026-07-09 13:07:00+00:00,2026-07-09,QQQ,718.13,718.13,718.13,718.13,40
2026-07-09 13:12:00+00:00,2026-07-09,QQQ,718.21,718.21,718.21,718.21,100
2026-07-09 13:14:00+00:00,2026-07-09,QQQ,718.56,718.56,718.56,718.56,100
2026-07-09 13:15:00+00:00,2026-07-09,QQQ,718.45,718.45,718.45,718.45,100
2026-07-09 13:17:00+00:00,2026-07-09,QQQ,718.52,718.52,718.52,718.52,1
2026-07-09 13:19:00+00:00,2026-07-09,QQQ,718.1,718.1,718.1,718.1,100
2026-07-09 13:23:00+00:00,2026-07-09,QQQ,717.85,717.85,717.85,717.85,83
2026-07-09 13:26:00+00:00,2026-07-09,QQQ,718.07,718.21,718.03,718.21,358
2026-07-09 13:27:00+00:00,2026-07-09,QQQ,718.29,718.29,718.01,718.01,190
2026-07-09 13:29:00+00:00,2026-07-09,QQQ,717.97,718.01,717.97,718.01,116
2026-07-09 13:30:00+00:00,2026-07-09,QQQ,718.33,718.455,716.78,717.14,12186
2026-07-09 13:31:00+00:00,2026-07-09,QQQ,717.04,717.91,716.92,717.04,4519
2026-07-09 13:32:00+00:00,2026-07-09,QQQ,717.04,717.24,716.56,717.05,1893
2026-07-09 13:33:00+00:00,2026-07-09,QQQ,717.09,718.05,717.06,717.92,897
2026-07-09 13:34:00+00:00,2026-07-09,QQQ,718.0,719.16,718.0,719.09,4110
2026-07-09 13:35:00+00:00,2026-07-09,QQQ,719.1,720.01,718.84,719.79,6153
2026-07-09 13:36:00+00:00,2026-07-09,QQQ,719.76,720.04,719.51,719.62,5010
2026-07-09 13:37:00+00:00,2026-07-09,QQQ,719.7,720.465,719.7,720.41,3902
2026-07-09 13:38:00+00:00,2026-07-09,QQQ,720.395,721.05,720.33,720.75,6901
2026-07-09 13:39:00+00:00,2026-07-09,QQQ,720.67,720.97,720.65,720.82,3069
2026-07-09 13:40:00+00:00,2026-07-09,QQQ,720.97,720.99,719.97,720.05,4482
2026-07-09 13:41:00+00:00,2026-07-09,QQQ,719.98,720.41,719.98,720.32,2728
2026-07-09 13:42:00+00:00,2026-07-09,QQQ,720.5,721.25,720.48,721.12,4088
2026-07-09 13:43:00+00:00,2026-07-09,QQQ,721.2,721.21,720.83,720.97,2460
2026-07-09 13:44:00+00:00,2026-07-09,QQQ,720.99,721.27,720.71,720.89,1899
2026-07-09 13:45:00+00:00,2026-07-09,QQQ,721.005,721.61,720.99,721.57,4103
2026-07-09 13:46:00+00:00,2026-07-09,QQQ,721.59,721.67,721.31,721.51,2175
2026-07-09 13:47:00+00:00,2026-07-09,QQQ,721.43,721.57,721.27,721.39,4143
2026-07-09 13:48:00+00:00,2026-07-09,QQQ,721.32,721.32,720.05,720.15,4250
2026-07-09 13:49:00+00:00,2026-07-09,QQQ,720.21,720.62,719.81,720.61,3040
2026-07-09 13:50:00+00:00,2026-07-09,QQQ,720.485,720.485,720.04,720.39,1917
2026-07-09 13:51:00+00:00,2026-07-09,QQQ,720.5,721.85,720.37,721.8,2311
2026-07-09 13:52:00+00:00,2026-07-09,QQQ,721.89,722.15,721.75,721.77,1859
2026-07-09 13:53:00+00:00,2026-07-09,QQQ,721.84,722.25,721.6,722.2,2429
2026-07-09 13:54:00+00:00,2026-07-09,QQQ,722.16,722.37,721.97,721.98,1927
2026-07-09 13:55:00+00:00,2026-07-09,QQQ,721.98,722.59,721.96,722.46,2184
2026-07-09 13:56:00+00:00,2026-07-09,QQQ,722.58,722.61,722.35,722.45,1565
2026-07-09 13:57:00+00:00,2026-07-09,QQQ,722.4,722.65,722.2,722.615,1607
2026-07-09 13:58:00+00:00,2026-07-09,QQQ,722.57,722.72,722.43,722.53,2580
2026-07-09 13:59:00+00:00,2026-07-09,QQQ,722.46,722.49,722.09,722.22,2404
2026-07-09 14:00:00+00:00,2026-07-09,QQQ,722.28,722.46,721.77,722.035,2861
2026-07-09 14:01:00+00:00,2026-07-09,QQQ,722.03,722.44,722.03,722.26,2520
2026-07-09 14:02:00+00:00,2026-07-09,QQQ,722.24,722.31,722.0,722.0,1700
2026-07-09 14:03:00+00:00,2026-07-09,QQQ,722.03,722.35,721.81,722.35,2382
2026-07-09 14:04:00+00:00,2026-07-09,QQQ,722.27,722.51,722.27,722.32,2847
2026-07-09 14:05:00+00:00,2026-07-09,QQQ,722.21,722.32,722.08,722.22,1347
2026-07-09 14:06:00+00:00,2026-07-09,QQQ,722.17,722.29,721.6,721.73,2199
2026-07-09 14:07:00+00:00,2026-07-09,QQQ,721.58,721.69,721.15,721.515,2801
2026-07-09 14:08:00+00:00,2026-07-09,QQQ,721.37,721.63,720.935,721.01,1173
2026-07-09 14:09:00+00:00,2026-07-09,QQQ,721.315,721.4,720.84,720.84,1317
2026-07-09 14:10:00+00:00,2026-07-09,QQQ,720.77,720.77,720.12,720.14,2348
2026-07-09 14:11:00+00:00,2026-07-09,QQQ,720.17,720.43,719.52,719.52,1627
2026-07-09 14:12:00+00:00,2026-07-09,QQQ,719.98,720.0,719.33,719.38,809
2026-07-09 14:13:00+00:00,2026-07-09,QQQ,719.61,719.94,719.49,719.87,905
2026-07-09 14:14:00+00:00,2026-07-09,QQQ,720.01,720.18,719.64,719.76,2141
2026-07-09 14:15:00+00:00,2026-07-09,QQQ,719.34,719.34,717.54,717.54,3135
2026-07-09 14:16:00+00:00,2026-07-09,QQQ,717.56,717.93,716.8,717.93,8279
2026-07-09 14:17:00+00:00,2026-07-09,QQQ,717.94,718.39,717.37,717.37,3112
2026-07-09 14:18:00+00:00,2026-07-09,QQQ,717.32,717.6,716.74,717.53,3458
2026-07-09 14:19:00+00:00,2026-07-09,QQQ,717.64,717.815,716.65,716.94,2625
2026-07-09 14:20:00+00:00,2026-07-09,QQQ,717.05,717.31,715.86,716.31,2129
2026-07-09 14:21:00+00:00,2026-07-09,QQQ,715.81,715.92,715.1,715.565,2868
2026-07-09 14:22:00+00:00,2026-07-09,QQQ,715.79,716.08,715.48,715.99,1952
2026-07-09 14:23:00+00:00,2026-07-09,QQQ,715.92,716.82,715.92,716.55,1861
2026-07-09 14:24:00+00:00,2026-07-09,QQQ,716.5,717.47,716.47,717.47,1912
2026-07-09 14:25:00+00:00,2026-07-09,QQQ,717.485,717.85,717.47,717.68,3027
2026-07-09 14:26:00+00:00,2026-07-09,QQQ,717.37,717.49,717.06,717.31,751
2026-07-09 14:27:00+00:00,2026-07-09,QQQ,717.34,718.81,717.34,718.565,2504
2026-07-09 14:28:00+00:00,2026-07-09,QQQ,718.38,719.12,718.34,719.12,5122
2026-07-09 14:29:00+00:00,2026-07-09,QQQ,718.8,718.83,718.56,718.75,423
2026-07-09 14:30:00+00:00,2026-07-09,QQQ,718.59,718.65,718.23,718.47,643
2026-07-09 14:31:00+00:00,2026-07-09,QQQ,718.46,718.585,717.28,717.48,1016
2026-07-09 14:32:00+00:00,2026-07-09,QQQ,717.505,718.05,717.45,718.05,446
2026-07-09 14:33:00+00:00,2026-07-09,QQQ,718.1,718.46,718.05,718.34,692
2026-07-09 14:34:00+00:00,2026-07-09,QQQ,718.11,718.31,717.83,718.075,1733
2026-07-09 14:35:00+00:00,2026-07-09,QQQ,718.39,719.05,718.12,718.91,2046
2026-07-09 14:36:00+00:00,2026-07-09,QQQ,718.83,718.985,718.78,718.985,612
2026-07-09 14:37:00+00:00,2026-07-09,QQQ,718.95,718.95,717.98,718.47,798
2026-07-09 14:38:00+00:00,2026-07-09,QQQ,718.34,718.65,717.98,718.65,879
2026-07-09 14:39:00+00:00,2026-07-09,QQQ,718.9,719.44,718.83,719.44,376
2026-07-09 14:40:00+00:00,2026-07-09,QQQ,719.36,719.5,719.33,719.45,755
2026-07-09 14:41:00+00:00,2026-07-09,QQQ,719.355,719.37,719.08,719.32,995
2026-07-09 14:42:00+00:00,2026-07-09,QQQ,719.22,719.59,719.2,719.44,1183
2026-07-09 14:43:00+00:00,2026-07-09,QQQ,719.4,719.45,719.16,719.17,459
2026-07-09 14:44:00+00:00,2026-07-09,QQQ,718.9,718.9,718.57,718.8,1744
2026-07-09 14:45:00+00:00,2026-07-09,QQQ,718.8,718.99,718.65,718.65,364
2026-07-09 14:46:00+00:00,2026-07-09,QQQ,719.07,719.72,719.07,719.72,2133
2026-07-09 14:47:00+00:00,2026-07-09,QQQ,719.64,719.75,719.22,719.47,980
2026-07-09 14:48:00+00:00,2026-07-09,QQQ,719.33,719.68,719.33,719.59,1287
2026-07-09 14:49:00+00:00,2026-07-09,QQQ,719.65,719.83,719.65,719.78,297
2026-07-09 14:50:00+00:00,2026-07-09,QQQ,719.25,719.36,718.745,719.36,1493
2026-07-09 14:51:00+00:00,2026-07-09,QQQ,719.35,719.35,718.9,718.94,175
2026-07-09 14:52:00+00:00,2026-07-09,QQQ,718.83,718.83,718.14,718.145,1019
2026-07-09 14:53:00+00:00,2026-07-09,QQQ,718.31,718.31,717.87,718.25,4287
2026-07-09 14:54:00+00:00,2026-07-09,QQQ,718.36,718.65,717.83,718.65,221
2026-07-09 14:55:00+00:00,2026-07-09,QQQ,719.01,719.14,718.8,719.1,824
2026-07-09 14:56:00+00:00,2026-07-09,QQQ,719.0,719.1,718.78,718.78,975
2026-07-09 14:57:00+00:00,2026-07-09,QQQ,718.81,719.16,718.66,719.16,888
2026-07-09 14:58:00+00:00,2026-07-09,QQQ,719.21,720.13,719.21,719.55,5756
2026-07-09 14:59:00+00:00,2026-07-09,QQQ,719.54,719.72,719.25,719.315,3496
2026-07-09 15:00:00+00:00,2026-07-09,QQQ,719.39,719.71,719.39,719.63,1593
2026-07-09 15:01:00+00:00,2026-07-09,QQQ,719.515,719.75,719.47,719.75,489
2026-07-09 15:02:00+00:00,2026-07-09,QQQ,719.74,719.83,719.19,719.19,1547
2026-07-09 15:03:00+00:00,2026-07-09,QQQ,719.16,719.8,719.16,719.74,479
2026-07-09 15:04:00+00:00,2026-07-09,QQQ,719.895,720.17,719.82,720.1,540
2026-07-09 15:05:00+00:00,2026-07-09,QQQ,720.19,720.41,720.19,720.33,742
2026-07-09 15:06:00+00:00,2026-07-09,QQQ,720.41,721.0,720.34,721.0,620
2026-07-09 15:07:00+00:00,2026-07-09,QQQ,720.89,721.0,720.53,720.64,730
2026-07-09 15:08:00+00:00,2026-07-09,QQQ,720.445,720.93,720.42,720.8,1598
2026-07-09 15:09:00+00:00,2026-07-09,QQQ,720.82,721.09,720.76,721.08,574
2026-07-09 15:10:00+00:00,2026-07-09,QQQ,721.06,721.14,720.92,721.02,649
2026-07-09 15:11:00+00:00,2026-07-09,QQQ,720.68,720.79,720.44,720.67,709
2026-07-09 15:12:00+00:00,2026-07-09,QQQ,720.48,720.75,720.48,720.75,399
2026-07-09 15:13:00+00:00,2026-07-09,QQQ,720.71,721.055,720.71,720.9,1083
2026-07-09 15:14:00+00:00,2026-07-09,QQQ,720.89,721.04,720.89,720.93,325
2026-07-09 15:15:00+00:00,2026-07-09,QQQ,720.88,721.46,720.83,721.38,614
2026-07-09 15:16:00+00:00,2026-07-09,QQQ,721.35,721.35,721.1,721.2,871
2026-07-09 15:17:00+00:00,2026-07-09,QQQ,721.2,721.2,720.71,720.9,1473
2026-07-09 15:18:00+00:00,2026-07-09,QQQ,720.76,720.8,720.38,720.58,865
2026-07-09 15:19:00+00:00,2026-07-09,QQQ,720.7,720.7,720.37,720.57,296
2026-07-09 15:20:00+00:00,2026-07-09,QQQ,720.61,720.86,720.59,720.83,711
2026-07-09 15:21:00+00:00,2026-07-09,QQQ,720.74,720.93,720.65,720.715,2047
2026-07-09 15:22:00+00:00,2026-07-09,QQQ,720.7,721.38,720.62,721.32,2865
2026-07-09 15:23:00+00:00,2026-07-09,QQQ,721.24,721.34,721.23,721.24,3194
2026-07-09 15:24:00+00:00,2026-07-09,QQQ,721.29,721.55,721.29,721.47,1717
2026-07-09 15:25:00+00:00,2026-07-09,QQQ,721.5,721.58,721.24,721.37,1621
2026-07-09 15:26:00+00:00,2026-07-09,QQQ,721.46,721.48,721.42,721.44,512
2026-07-09 15:27:00+00:00,2026-07-09,QQQ,721.55,721.61,721.28,721.49,1540
2026-07-09 15:28:00+00:00,2026-07-09,QQQ,721.44,721.54,721.13,721.17,1259
2026-07-09 15:29:00+00:00,2026-07-09,QQQ,721.39,721.4,721.27,721.35,656
2026-07-09 15:30:00+00:00,2026-07-09,QQQ,721.43,721.5,721.33,721.47,1334
2026-07-09 15:31:00+00:00,2026-07-09,QQQ,721.43,721.59,721.42,721.49,1828
2026-07-09 15:32:00+00:00,2026-07-09,QQQ,721.27,721.42,721.09,721.09,902
2026-07-09 15:33:00+00:00,2026-07-09,QQQ,721.165,721.24,721.08,721.18,1281
2026-07-09 15:34:00+00:00,2026-07-09,QQQ,721.145,721.26,720.98,721.13,1931
2026-07-09 15:35:00+00:00,2026-07-09,QQQ,721.12,721.3,721.11,721.16,991
2026-07-09 15:36:00+00:00,2026-07-09,QQQ,721.16,721.37,721.16,721.2,977
2026-07-09 15:37:00+00:00,2026-07-09,QQQ,721.18,721.25,721.12,721.25,669
2026-07-09 15:38:00+00:00,2026-07-09,QQQ,721.2,721.39,721.19,721.375,1600
2026-07-09 15:39:00+00:00,2026-07-09,QQQ,721.32,721.35,721.11,721.33,225
2026-07-09 15:40:00+00:00,2026-07-09,QQQ,721.41,721.61,721.41,721.61,1216
2026-07-09 15:41:00+00:00,2026-07-09,QQQ,721.46,721.74,721.33,721.73,2011
2026-07-09 15:42:00+00:00,2026-07-09,QQQ,721.67,721.85,721.67,721.84,1981
2026-07-09 15:43:00+00:00,2026-07-09,QQQ,721.85,722.0,721.685,721.685,1904
2026-07-09 15:44:00+00:00,2026-07-09,QQQ,721.64,721.87,721.59,721.59,822
2026-07-09 15:45:00+00:00,2026-07-09,QQQ,721.62,721.88,721.62,721.87,1123
2026-07-09 15:46:00+00:00,2026-07-09,QQQ,721.9,721.92,721.595,721.71,1177
2026-07-09 15:47:00+00:00,2026-07-09,QQQ,721.75,721.77,721.64,721.695,592
2026-07-09 15:48:00+00:00,2026-07-09,QQQ,721.69,721.74,721.69,721.74,227
2026-07-09 15:49:00+00:00,2026-07-09,QQQ,721.81,721.95,721.81,721.91,1266
2026-07-09 15:50:00+00:00,2026-07-09,QQQ,721.965,722.03,721.87,721.97,797
2026-07-09 15:51:00+00:00,2026-07-09,QQQ,721.96,722.09,721.96,722.09,983
2026-07-09 15:52:00+00:00,2026-07-09,QQQ,721.96,722.03,721.94,721.94,1174
2026-07-09 15:53:00+00:00,2026-07-09,QQQ,721.92,722.0,721.91,721.91,425
2026-07-09 15:54:00+00:00,2026-07-09,QQQ,721.685,721.77,721.685,721.76,225
2026-07-09 15:55:00+00:00,2026-07-09,QQQ,721.745,721.83,721.63,721.63,659
2026-07-09 15:56:00+00:00,2026-07-09,QQQ,721.52,721.745,721.515,721.72,1120
2026-07-09 15:57:00+00:00,2026-07-09,QQQ,721.75,721.81,721.65,721.68,1148
2026-07-09 15:58:00+00:00,2026-07-09,QQQ,721.68,721.915,721.675,721.87,776
2026-07-09 15:59:00+00:00,2026-07-09,QQQ,721.835,721.94,721.64,721.64,1097
2026-07-09 16:00:00+00:00,2026-07-09,QQQ,721.79,721.98,721.79,721.94,638
2026-07-09 16:01:00+00:00,2026-07-09,QQQ,721.975,722.3,721.975,722.3,2226
2026-07-09 16:02:00+00:00,2026-07-09,QQQ,722.25,722.28,722.17,722.17,968
2026-07-09 16:03:00+00:00,2026-07-09,QQQ,722.2,722.27,722.15,722.15,1197
2026-07-09 16:04:00+00:00,2026-07-09,QQQ,722.17,722.21,722.13,722.16,312
2026-07-09 16:05:00+00:00,2026-07-09,QQQ,722.11,722.39,722.11,722.39,1122
2026-07-09 16:06:00+00:00,2026-07-09,QQQ,722.45,722.56,722.395,722.4,2064
2026-07-09 16:07:00+00:00,2026-07-09,QQQ,722.4,722.41,722.245,722.3,1890
2026-07-09 16:08:00+00:00,2026-07-09,QQQ,722.32,722.37,722.235,722.32,367
2026-07-09 16:09:00+00:00,2026-07-09,QQQ,722.35,722.39,722.23,722.24,830
2026-07-09 16:10:00+00:00,2026-07-09,QQQ,722.29,722.31,722.1,722.11,529
2026-07-09 16:11:00+00:00,2026-07-09,QQQ,722.2,722.27,722.08,722.09,792
2026-07-09 16:12:00+00:00,2026-07-09,QQQ,722.14,722.175,722.08,722.09,509
2026-07-09 16:13:00+00:00,2026-07-09,QQQ,722.15,722.17,722.06,722.07,924
2026-07-09 16:14:00+00:00,2026-07-09,QQQ,722.2,722.2,722.065,722.065,103
2026-07-09 16:15:00+00:00,2026-07-09,QQQ,722.0,722.29,721.94,722.275,679
2026-07-09 16:16:00+00:00,2026-07-09,QQQ,722.33,722.4,722.25,722.335,728
2026-07-09 16:17:00+00:00,2026-07-09,QQQ,722.305,722.305,721.895,722.02,1190
2026-07-09 16:18:00+00:00,2026-07-09,QQQ,722.0,722.06,721.86,721.92,704
2026-07-09 16:19:00+00:00,2026-07-09,QQQ,721.91,722.1,721.91,722.1,780
2026-07-09 16:20:00+00:00,2026-07-09,QQQ,722.16,722.31,722.04,722.06,545
2026-07-09 16:21:00+00:00,2026-07-09,QQQ,721.92,722.19,721.92,722.11,1500
2026-07-09 16:22:00+00:00,2026-07-09,QQQ,722.13,722.13,721.94,722.08,1430
2026-07-09 16:23:00+00:00,2026-07-09,QQQ,722.15,722.18,722.05,722.18,253
2026-07-09 16:24:00+00:00,2026-07-09,QQQ,722.15,722.215,722.11,722.215,340
2026-07-09 16:25:00+00:00,2026-07-09,QQQ,722.13,722.13,722.07,722.08,253
2026-07-09 16:26:00+00:00,2026-07-09,QQQ,721.96,722.01,721.93,721.93,874
2026-07-09 16:27:00+00:00,2026-07-09,QQQ,721.93,722.1,721.89,722.05,480
2026-07-09 16:28:00+00:00,2026-07-09,QQQ,722.09,722.09,721.73,721.73,650
2026-07-09 16:29:00+00:00,2026-07-09,QQQ,721.76,721.76,721.53,721.76,678
2026-07-09 16:30:00+00:00,2026-07-09,QQQ,721.79,721.93,721.79,721.92,380
2026-07-09 16:31:00+00:00,2026-07-09,QQQ,721.94,722.09,721.92,722.07,1160
2026-07-09 16:32:00+00:00,2026-07-09,QQQ,722.08,722.3,722.08,722.12,815
2026-07-09 16:33:00+00:00,2026-07-09,QQQ,722.11,722.11,721.93,721.96,950
2026-07-09 16:34:00+00:00,2026-07-09,QQQ,721.89,721.89,721.6,721.6,1051
2026-07-09 16:35:00+00:00,2026-07-09,QQQ,721.55,721.64,721.35,721.46,1456
2026-07-09 16:36:00+00:00,2026-07-09,QQQ,721.37,721.4,721.13,721.24,750
2026-07-09 16:37:00+00:00,2026-07-09,QQQ,721.25,721.69,721.25,721.46,1555
2026-07-09 16:38:00+00:00,2026-07-09,QQQ,721.5,721.53,721.49,721.53,350
2026-07-09 16:39:00+00:00,2026-07-09,QQQ,721.59,721.71,721.3,721.71,658
2026-07-09 16:40:00+00:00,2026-07-09,QQQ,721.91,722.24,721.89,722.24,2498
2026-07-09 16:41:00+00:00,2026-07-09,QQQ,722.18,722.25,722.14,722.25,606
2026-07-09 16:42:00+00:00,2026-07-09,QQQ,722.225,722.35,722.18,722.24,1305
2026-07-09 16:43:00+00:00,2026-07-09,QQQ,722.255,722.26,722.23,722.26,102
2026-07-09 16:44:00+00:00,2026-07-09,QQQ,722.24,722.32,722.14,722.2,210
2026-07-09 16:45:00+00:00,2026-07-09,QQQ,722.25,722.25,722.155,722.16,472
2026-07-09 16:46:00+00:00,2026-07-09,QQQ,722.14,722.24,721.94,721.94,229
2026-07-09 16:47:00+00:00,2026-07-09,QQQ,721.86,721.95,721.86,721.9,558
2026-07-09 16:48:00+00:00,2026-07-09,QQQ,721.89,722.03,721.87,722.03,513
2026-07-09 16:49:00+00:00,2026-07-09,QQQ,721.8,722.0,721.8,721.89,1148
2026-07-09 16:50:00+00:00,2026-07-09,QQQ,721.96,722.085,721.95,722.085,348
2026-07-09 16:51:00+00:00,2026-07-09,QQQ,722.16,722.205,722.125,722.17,636
2026-07-09 16:52:00+00:00,2026-07-09,QQQ,722.165,722.165,722.105,722.145,283
2026-07-09 16:53:00+00:00,2026-07-09,QQQ,722.17,722.22,722.11,722.18,1317
2026-07-09 16:54:00+00:00,2026-07-09,QQQ,722.1,722.16,722.08,722.08,722
2026-07-09 16:56:00+00:00,2026-07-09,QQQ,722.1,722.15,722.1,722.13,414
2026-07-09 16:57:00+00:00,2026-07-09,QQQ,722.17,722.17,721.72,721.82,848
2026-07-09 16:58:00+00:00,2026-07-09,QQQ,721.82,721.82,721.75,721.78,81
2026-07-09 16:59:00+00:00,2026-07-09,QQQ,721.92,722.06,721.92,722.02,372
2026-07-09 17:00:00+00:00,2026-07-09,QQQ,721.9,722.27,721.9,722.27,258
2026-07-09 17:01:00+00:00,2026-07-09,QQQ,722.38,722.5,722.35,722.38,340
2026-07-09 17:02:00+00:00,2026-07-09,QQQ,722.43,722.5,722.43,722.5,106
2026-07-09 17:03:00+00:00,2026-07-09,QQQ,722.48,722.48,722.36,722.46,823
2026-07-09 17:04:00+00:00,2026-07-09,QQQ,722.48,722.54,722.445,722.495,1592
2026-07-09 17:05:00+00:00,2026-07-09,QQQ,722.46,722.54,722.39,722.54,622
2026-07-09 17:06:00+00:00,2026-07-09,QQQ,722.54,722.89,722.49,722.89,1086
2026-07-09 17:07:00+00:00,2026-07-09,QQQ,722.95,723.14,722.95,723.07,3103
2026-07-09 17:08:00+00:00,2026-07-09,QQQ,723.07,723.12,723.05,723.09,1403
2026-07-09 17:09:00+00:00,2026-07-09,QQQ,723.07,723.2,722.99,723.01,728
2026-07-09 17:10:00+00:00,2026-07-09,QQQ,723.06,723.62,723.06,723.51,1599
2026-07-09 17:11:00+00:00,2026-07-09,QQQ,723.46,723.6,723.46,723.59,1349
2026-07-09 17:12:00+00:00,2026-07-09,QQQ,723.5,723.5,723.38,723.4,1294
2026-07-09 17:13:00+00:00,2026-07-09,QQQ,723.41,723.41,723.26,723.35,604
2026-07-09 17:14:00+00:00,2026-07-09,QQQ,723.41,723.51,723.35,723.35,783
2026-07-09 17:15:00+00:00,2026-07-09,QQQ,723.37,723.59,723.37,723.53,3153
2026-07-09 17:16:00+00:00,2026-07-09,QQQ,723.52,723.66,723.52,723.555,547
2026-07-09 17:17:00+00:00,2026-07-09,QQQ,723.57,723.6,723.5,723.6,1171
2026-07-09 17:18:00+00:00,2026-07-09,QQQ,723.65,723.8,723.65,723.8,1166
2026-07-09 17:19:00+00:00,2026-07-09,QQQ,723.77,724.005,723.77,723.96,2527
2026-07-09 17:20:00+00:00,2026-07-09,QQQ,724.0,724.07,723.94,724.01,1287
2026-07-09 17:21:00+00:00,2026-07-09,QQQ,724.04,724.14,723.91,723.91,3612
2026-07-09 17:22:00+00:00,2026-07-09,QQQ,723.87,723.945,723.77,723.8,2664
2026-07-09 17:23:00+00:00,2026-07-09,QQQ,723.82,723.98,723.82,723.905,1278
2026-07-09 17:24:00+00:00,2026-07-09,QQQ,723.92,724.0,723.92,723.94,2129
2026-07-09 17:25:00+00:00,2026-07-09,QQQ,723.88,723.94,723.865,723.92,1421
2026-07-09 17:26:00+00:00,2026-07-09,QQQ,723.89,723.965,723.86,723.895,1056
2026-07-09 17:27:00+00:00,2026-07-09,QQQ,723.94,724.12,723.94,724.12,1505
2026-07-09 17:28:00+00:00,2026-07-09,QQQ,724.13,724.15,724.07,724.14,1446
2026-07-09 17:29:00+00:00,2026-07-09,QQQ,724.12,724.15,724.03,724.13,1946
2026-07-09 17:30:00+00:00,2026-07-09,QQQ,724.12,724.23,724.01,724.05,1715
2026-07-09 17:31:00+00:00,2026-07-09,QQQ,724.005,724.06,723.655,723.7,5117
2026-07-09 17:32:00+00:00,2026-07-09,QQQ,723.69,723.69,723.56,723.56,2996
2026-07-09 17:33:00+00:00,2026-07-09,QQQ,723.55,723.76,723.55,723.68,1400
2026-07-09 17:34:00+00:00,2026-07-09,QQQ,723.68,723.75,723.56,723.56,573
2026-07-09 17:35:00+00:00,2026-07-09,QQQ,723.58,723.77,723.51,723.75,786
2026-07-09 17:36:00+00:00,2026-07-09,QQQ,723.785,723.98,723.77,723.94,2268
2026-07-09 17:37:00+00:00,2026-07-09,QQQ,723.92,724.06,723.91,723.92,3512
2026-07-09 17:38:00+00:00,2026-07-09,QQQ,723.875,723.89,723.68,723.7,556
2026-07-09 17:39:00+00:00,2026-07-09,QQQ,723.7,723.8,723.69,723.78,1184
2026-07-09 17:40:00+00:00,2026-07-09,QQQ,723.8,723.81,723.65,723.71,3959
2026-07-09 17:41:00+00:00,2026-07-09,QQQ,723.72,723.74,723.62,723.64,1164
2026-07-09 17:42:00+00:00,2026-07-09,QQQ,723.65,723.79,723.65,723.79,688
2026-07-09 17:43:00+00:00,2026-07-09,QQQ,723.82,723.86,723.79,723.8,402
2026-07-09 17:44:00+00:00,2026-07-09,QQQ,723.72,723.79,723.72,723.77,451
2026-07-09 17:45:00+00:00,2026-07-09,QQQ,723.8,723.9,723.79,723.82,432
2026-07-09 17:46:00+00:00,2026-07-09,QQQ,723.83,723.99,723.795,723.99,629
2026-07-09 17:47:00+00:00,2026-07-09,QQQ,724.02,724.155,724.01,724.14,1572
2026-07-09 17:48:00+00:00,2026-07-09,QQQ,724.18,724.19,724.13,724.16,730
2026-07-09 17:49:00+00:00,2026-07-09,QQQ,724.14,724.14,723.94,723.97,850
2026-07-09 17:50:00+00:00,2026-07-09,QQQ,724.02,724.02,723.905,723.905,698
2026-07-09 17:51:00+00:00,2026-07-09,QQQ,723.93,724.04,723.9,724.04,769
2026-07-09 17:52:00+00:00,2026-07-09,QQQ,723.92,724.065,723.885,724.01,553
2026-07-09 17:53:00+00:00,2026-07-09,QQQ,724.0,724.0,723.89,723.93,693
2026-07-09 17:54:00+00:00,2026-07-09,QQQ,723.995,724.0,723.83,723.9,787
2026-07-09 17:55:00+00:00,2026-07-09,QQQ,723.88,723.88,723.83,723.84,445
2026-07-09 17:56:00+00:00,2026-07-09,QQQ,723.89,723.93,723.845,723.85,1154
2026-07-09 17:57:00+00:00,2026-07-09,QQQ,723.82,723.86,723.665,723.73,1167
2026-07-09 17:58:00+00:00,2026-07-09,QQQ,723.77,723.87,723.18,723.57,4704
2026-07-09 17:59:00+00:00,2026-07-09,QQQ,723.58,723.8,723.44,723.79,1430
2026-07-09 18:00:00+00:00,2026-07-09,QQQ,723.77,723.94,723.76,723.87,1092
2026-07-09 18:01:00+00:00,2026-07-09,QQQ,723.88,723.975,723.85,723.86,246
2026-07-09 18:02:00+00:00,2026-07-09,QQQ,723.825,723.83,723.545,723.545,1216
2026-07-09 18:03:00+00:00,2026-07-09,QQQ,723.59,723.68,723.49,723.67,712
2026-07-09 18:04:00+00:00,2026-07-09,QQQ,723.61,723.63,723.54,723.61,736
2026-07-09 18:05:00+00:00,2026-07-09,QQQ,723.62,723.86,723.62,723.75,1185
2026-07-09 18:06:00+00:00,2026-07-09,QQQ,723.88,723.94,723.82,723.88,927
2026-07-09 18:07:00+00:00,2026-07-09,QQQ,723.89,723.94,723.8,723.87,2173
2026-07-09 18:08:00+00:00,2026-07-09,QQQ,723.98,724.02,723.9,723.945,1658
2026-07-09 18:09:00+00:00,2026-07-09,QQQ,723.93,723.98,723.86,723.97,786
2026-07-09 18:10:00+00:00,2026-07-09,QQQ,723.92,723.99,723.92,723.96,643
2026-07-09 18:11:00+00:00,2026-07-09,QQQ,723.97,724.01,723.78,723.78,693
2026-07-09 18:12:00+00:00,2026-07-09,QQQ,723.79,723.91,723.77,723.86,332
2026-07-09 18:13:00+00:00,2026-07-09,QQQ,723.79,723.92,723.765,723.765,1694
2026-07-09 18:14:00+00:00,2026-07-09,QQQ,723.82,723.94,723.82,723.84,884
2026-07-09 18:15:00+00:00,2026-07-09,QQQ,723.875,723.94,723.785,723.785,1477
2026-07-09 18:16:00+00:00,2026-07-09,QQQ,723.84,723.94,723.65,723.67,1058
2026-07-09 18:17:00+00:00,2026-07-09,QQQ,723.7,723.73,723.66,723.665,1183
2026-07-09 18:18:00+00:00,2026-07-09,QQQ,723.7,723.71,723.54,723.63,294
2026-07-09 18:19:00+00:00,2026-07-09,QQQ,723.645,723.79,723.6,723.77,558
2026-07-09 18:20:00+00:00,2026-07-09,QQQ,723.67,723.675,723.48,723.5,226
2026-07-09 18:21:00+00:00,2026-07-09,QQQ,723.48,723.53,723.4,723.5,1034
2026-07-09 18:22:00+00:00,2026-07-09,QQQ,723.51,723.585,723.32,723.33,1046
2026-07-09 18:23:00+00:00,2026-07-09,QQQ,723.32,723.34,723.26,723.26,118
2026-07-09 18:24:00+00:00,2026-07-09,QQQ,723.28,723.4,723.205,723.205,1053
2026-07-09 18:25:00+00:00,2026-07-09,QQQ,723.23,723.31,723.06,723.23,1470
2026-07-09 18:26:00+00:00,2026-07-09,QQQ,723.26,723.305,723.18,723.25,866
2026-07-09 18:27:00+00:00,2026-07-09,QQQ,723.29,723.36,723.25,723.31,545
2026-07-09 18:28:00+00:00,2026-07-09,QQQ,723.43,723.46,723.15,723.18,1194
2026-07-09 18:29:00+00:00,2026-07-09,QQQ,723.14,723.34,723.13,723.34,775
2026-07-09 18:30:00+00:00,2026-07-09,QQQ,723.565,723.565,723.44,723.45,711
2026-07-09 18:31:00+00:00,2026-07-09,QQQ,723.46,723.63,723.43,723.63,762
2026-07-09 18:32:00+00:00,2026-07-09,QQQ,723.65,723.65,723.5,723.53,604
2026-07-09 18:33:00+00:00,2026-07-09,QQQ,723.55,723.63,723.545,723.59,1208
2026-07-09 18:34:00+00:00,2026-07-09,QQQ,723.58,723.6,723.31,723.31,327
2026-07-09 18:35:00+00:00,2026-07-09,QQQ,723.28,723.31,723.14,723.24,1248
2026-07-09 18:36:00+00:00,2026-07-09,QQQ,723.21,723.34,723.21,723.22,809
2026-07-09 18:37:00+00:00,2026-07-09,QQQ,723.3,723.38,723.25,723.3,148
2026-07-09 18:38:00+00:00,2026-07-09,QQQ,723.28,723.41,723.28,723.39,202
2026-07-09 18:39:00+00:00,2026-07-09,QQQ,723.275,723.3,723.14,723.14,690
2026-07-09 18:40:00+00:00,2026-07-09,QQQ,723.16,723.23,722.99,723.18,1158
2026-07-09 18:41:00+00:00,2026-07-09,QQQ,723.17,723.19,723.13,723.18,473
2026-07-09 18:42:00+00:00,2026-07-09,QQQ,723.28,723.47,723.25,723.27,1847
2026-07-09 18:43:00+00:00,2026-07-09,QQQ,723.32,723.35,723.22,723.28,927
2026-07-09 18:44:00+00:00,2026-07-09,QQQ,723.35,723.455,723.305,723.455,746
2026-07-09 18:45:00+00:00,2026-07-09,QQQ,723.41,723.55,723.38,723.53,1504
2026-07-09 18:46:00+00:00,2026-07-09,QQQ,723.52,723.52,723.38,723.43,636
2026-07-09 18:47:00+00:00,2026-07-09,QQQ,723.41,723.55,723.36,723.45,892
2026-07-09 18:48:00+00:00,2026-07-09,QQQ,723.37,723.59,723.37,723.57,2072
2026-07-09 18:49:00+00:00,2026-07-09,QQQ,723.51,723.51,723.37,723.41,1072
2026-07-09 18:50:00+00:00,2026-07-09,QQQ,723.44,723.49,723.38,723.46,891
2026-07-09 18:51:00+00:00,2026-07-09,QQQ,723.41,723.41,723.19,723.3,573
2026-07-09 18:52:00+00:00,2026-07-09,QQQ,723.35,723.37,723.21,723.21,289
2026-07-09 18:53:00+00:00,2026-07-09,QQQ,723.15,723.26,723.15,723.22,325
2026-07-09 18:54:00+00:00,2026-07-09,QQQ,723.26,723.3,723.22,723.22,606
2026-07-09 18:55:00+00:00,2026-07-09,QQQ,723.195,723.195,722.83,722.88,1510
2026-07-09 18:56:00+00:00,2026-07-09,QQQ,722.92,722.99,722.88,722.95,1221
2026-07-09 18:57:00+00:00,2026-07-09,QQQ,722.97,723.015,722.8,722.83,393
2026-07-09 18:58:00+00:00,2026-07-09,QQQ,722.86,722.875,722.75,722.75,473
2026-07-09 18:59:00+00:00,2026-07-09,QQQ,722.76,723.045,722.76,722.975,1866
2026-07-09 19:00:00+00:00,2026-07-09,QQQ,722.96,722.96,722.58,722.58,1821
2026-07-09 19:01:00+00:00,2026-07-09,QQQ,722.52,722.52,722.3,722.49,2259
2026-07-09 19:02:00+00:00,2026-07-09,QQQ,722.56,722.61,722.4,722.5,2820
2026-07-09 19:03:00+00:00,2026-07-09,QQQ,722.5,722.62,722.47,722.47,1053
2026-07-09 19:04:00+00:00,2026-07-09,QQQ,722.445,722.45,722.29,722.33,2464
2026-07-09 19:05:00+00:00,2026-07-09,QQQ,722.36,722.47,722.27,722.4,1295
2026-07-09 19:06:00+00:00,2026-07-09,QQQ,722.49,722.91,722.49,722.745,2217
2026-07-09 19:07:00+00:00,2026-07-09,QQQ,722.78,722.79,722.63,722.77,1192
2026-07-09 19:08:00+00:00,2026-07-09,QQQ,722.76,722.82,722.47,722.63,1629
2026-07-09 19:09:00+00:00,2026-07-09,QQQ,722.66,722.7,722.58,722.61,638
2026-07-09 19:10:00+00:00,2026-07-09,QQQ,722.53,722.56,722.43,722.45,518
2026-07-09 19:11:00+00:00,2026-07-09,QQQ,722.54,722.66,722.48,722.65,759
2026-07-09 19:12:00+00:00,2026-07-09,QQQ,722.73,722.73,722.65,722.68,222
2026-07-09 19:13:00+00:00,2026-07-09,QQQ,722.69,722.69,722.45,722.47,650
2026-07-09 19:14:00+00:00,2026-07-09,QQQ,722.48,722.59,722.475,722.54,252
2026-07-09 19:15:00+00:00,2026-07-09,QQQ,722.47,722.47,722.21,722.285,1554
2026-07-09 19:16:00+00:00,2026-07-09,QQQ,722.35,722.81,722.35,722.81,1410
2026-07-09 19:17:00+00:00,2026-07-09,QQQ,722.735,722.94,722.735,722.85,991
2026-07-09 19:18:00+00:00,2026-07-09,QQQ,722.95,723.3,722.95,723.025,2618
2026-07-09 19:19:00+00:00,2026-07-09,QQQ,723.11,723.23,723.04,723.22,1462
2026-07-09 19:20:00+00:00,2026-07-09,QQQ,723.22,723.28,723.14,723.14,4307
2026-07-09 19:21:00+00:00,2026-07-09,QQQ,723.15,723.4,723.15,723.4,746
2026-07-09 19:22:00+00:00,2026-07-09,QQQ,723.415,723.415,723.195,723.195,1149
2026-07-09 19:23:00+00:00,2026-07-09,QQQ,723.18,723.27,723.05,723.25,882
2026-07-09 19:24:00+00:00,2026-07-09,QQQ,723.22,723.26,723.06,723.06,346
2026-07-09 19:25:00+00:00,2026-07-09,QQQ,723.03,723.05,722.89,722.9,868
2026-07-09 19:26:00+00:00,2026-07-09,QQQ,722.91,722.95,722.76,722.81,1155
2026-07-09 19:27:00+00:00,2026-07-09,QQQ,722.9,723.05,722.9,722.9,1351
2026-07-09 19:28:00+00:00,2026-07-09,QQQ,722.86,722.9,722.77,722.84,2147
2026-07-09 19:29:00+00:00,2026-07-09,QQQ,722.89,722.9,722.79,722.79,975
2026-07-09 19:30:00+00:00,2026-07-09,QQQ,722.74,722.76,722.43,722.43,1771
2026-07-09 19:31:00+00:00,2026-07-09,QQQ,722.37,722.65,722.37,722.65,1648
2026-07-09 19:32:00+00:00,2026-07-09,QQQ,722.67,722.71,722.47,722.47,716
2026-07-09 19:33:00+00:00,2026-07-09,QQQ,722.43,722.51,722.29,722.41,1195
2026-07-09 19:34:00+00:00,2026-07-09,QQQ,722.46,722.57,722.4,722.52,749
2026-07-09 19:35:00+00:00,2026-07-09,QQQ,722.47,722.73,722.47,722.71,1501
2026-07-09 19:36:00+00:00,2026-07-09,QQQ,722.72,723.0,722.72,722.98,1122
2026-07-09 19:37:00+00:00,2026-07-09,QQQ,722.9,722.98,722.83,722.86,493
2026-07-09 19:38:00+00:00,2026-07-09,QQQ,722.81,722.99,722.81,722.99,1557
2026-07-09 19:39:00+00:00,2026-07-09,QQQ,723.0,723.05,722.99,723.03,618
2026-07-09 19:40:00+00:00,2026-07-09,QQQ,723.11,723.17,722.88,722.88,732
2026-07-09 19:41:00+00:00,2026-07-09,QQQ,722.78,722.92,722.71,722.86,2277
2026-07-09 19:42:00+00:00,2026-07-09,QQQ,722.87,722.95,722.81,722.875,758
2026-07-09 19:43:00+00:00,2026-07-09,QQQ,722.95,723.04,722.85,722.85,978
2026-07-09 19:44:00+00:00,2026-07-09,QQQ,722.83,723.14,722.83,723.11,1700
2026-07-09 19:45:00+00:00,2026-07-09,QQQ,723.07,723.22,722.98,722.98,2873
2026-07-09 19:46:00+00:00,2026-07-09,QQQ,723.02,723.1,723.02,723.1,1721
2026-07-09 19:47:00+00:00,2026-07-09,QQQ,723.11,723.24,723.08,723.23,1514
2026-07-09 19:48:00+00:00,2026-07-09,QQQ,723.21,723.22,723.09,723.14,1193
2026-07-09 19:49:00+00:00,2026-07-09,QQQ,723.1,723.21,723.0,723.0,2140
2026-07-09 19:50:00+00:00,2026-07-09,QQQ,722.66,722.66,722.33,722.47,6641
2026-07-09 19:51:00+00:00,2026-07-09,QQQ,722.69,722.76,722.6,722.64,1085
2026-07-09 19:52:00+00:00,2026-07-09,QQQ,722.64,722.66,722.505,722.61,1909
2026-07-09 19:53:00+00:00,2026-07-09,QQQ,722.55,722.56,722.29,722.29,2614
2026-07-09 19:54:00+00:00,2026-07-09,QQQ,722.325,722.46,722.0,722.0,4758
2026-07-09 19:55:00+00:00,2026-07-09,QQQ,722.05,722.92,722.05,722.765,5348
2026-07-09 19:56:00+00:00,2026-07-09,QQQ,722.69,722.85,722.62,722.72,4182
2026-07-09 19:57:00+00:00,2026-07-09,QQQ,722.8,723.31,722.8,723.31,6663
2026-07-09 19:58:00+00:00,2026-07-09,QQQ,723.3,723.34,722.97,722.97,9439
2026-07-09 19:59:00+00:00,2026-07-09,QQQ,722.97,723.21,722.725,723.21,21459
2026-07-09 20:00:00+00:00,2026-07-09,QQQ,723.42,723.42,723.4,723.4,80
2026-07-09 20:03:00+00:00,2026-07-09,QQQ,723.2,723.2,723.2,723.2,300
2026-07-09 20:05:00+00:00,2026-07-09,QQQ,723.37,723.37,723.37,723.37,300
2026-07-09 20:07:00+00:00,2026-07-09,QQQ,723.67,723.75,723.66,723.73,861
2026-07-09 20:10:00+00:00,2026-07-09,QQQ,723.51,723.51,723.51,723.51,359
2026-07-09 20:14:00+00:00,2026-07-09,QQQ,723.73,723.77,723.73,723.75,360
2026-07-09 20:15:00+00:00,2026-07-09,QQQ,723.6,723.72,723.57,723.64,800
2026-07-09 20:20:00+00:00,2026-07-09,QQQ,723.4,723.4,723.4,723.4,20
2026-07-09 20:24:00+00:00,2026-07-09,QQQ,723.35,723.35,723.35,723.35,100
2026-07-09 20:35:00+00:00,2026-07-09,QQQ,723.24,723.24,723.24,723.24,20
2026-07-09 20:44:00+00:00,2026-07-09,QQQ,723.03,723.03,723.03,723.03,120
2026-07-09 20:48:00+00:00,2026-07-09,QQQ,722.95,722.95,722.95,722.95,20
2026-07-09 20:55:00+00:00,2026-07-09,QQQ,723.0,723.0,723.0,723.0,120
2026-07-09 22:05:00+00:00,2026-07-09,QQQ,722.92,722.92,722.92,722.92,1
2026-07-09 22:20:00+00:00,2026-07-09,QQQ,722.37,722.37,722.37,722.37,1
2026-07-10 08:00:00+00:00,2026-07-10,QQQ,719.46,719.46,719.46,719.46,22
2026-07-10 08:01:00+00:00,2026-07-10,QQQ,719.29,719.29,719.29,719.29,150
2026-07-10 08:07:00+00:00,2026-07-10,QQQ,718.79,718.79,718.79,718.79,100
2026-07-10 08:10:00+00:00,2026-07-10,QQQ,719.68,719.68,719.68,719.68,1
2026-07-10 08:31:00+00:00,2026-07-10,QQQ,718.88,718.88,718.88,718.88,200
2026-07-10 08:48:00+00:00,2026-07-10,QQQ,719.69,719.69,719.69,719.69,200
2026-07-10 08:59:00+00:00,2026-07-10,QQQ,719.42,719.42,719.42,719.42,200
2026-07-10 09:01:00+00:00,2026-07-10,QQQ,719.08,719.08,719.08,719.08,1
2026-07-10 10:22:00+00:00,2026-07-10,QQQ,720.29,720.42,720.29,720.42,400
2026-07-10 10:24:00+00:00,2026-07-10,QQQ,720.5,720.5,720.5,720.5,200
2026-07-10 10:27:00+00:00,2026-07-10,QQQ,720.65,720.65,720.65,720.65,200
2026-07-10 12:00:00+00:00,2026-07-10,QQQ,720.27,720.27,720.27,720.27,40
2026-07-10 12:04:00+00:00,2026-07-10,QQQ,719.68,719.68,719.68,719.68,1
2026-07-10 12:05:00+00:00,2026-07-10,QQQ,719.6,719.6,719.6,719.6,96
2026-07-10 12:14:00+00:00,2026-07-10,QQQ,721.5,721.5,720.78,720.78,400
2026-07-10 12:15:00+00:00,2026-07-10,QQQ,720.96,720.98,720.96,720.98,333
2026-07-10 12:17:00+00:00,2026-07-10,QQQ,721.0,721.0,721.0,721.0,200
2026-07-10 12:18:00+00:00,2026-07-10,QQQ,720.72,720.72,720.72,720.72,100
2026-07-10 12:23:00+00:00,2026-07-10,QQQ,720.7,720.7,720.7,720.7,100
2026-07-10 12:28:00+00:00,2026-07-10,QQQ,721.21,721.21,721.21,721.21,1
2026-07-10 12:29:00+00:00,2026-07-10,QQQ,721.17,721.17,721.17,721.17,40
2026-07-10 12:32:00+00:00,2026-07-10,QQQ,720.85,720.86,720.85,720.86,200
2026-07-10 12:35:00+00:00,2026-07-10,QQQ,720.9,720.9,720.75,720.75,346
2026-07-10 12:36:00+00:00,2026-07-10,QQQ,720.72,720.72,720.72,720.72,80
2026-07-10 12:37:00+00:00,2026-07-10,QQQ,720.58,720.58,720.58,720.58,200
2026-07-10 12:38:00+00:00,2026-07-10,QQQ,720.75,720.75,720.75,720.75,6
2026-07-10 12:39:00+00:00,2026-07-10,QQQ,721.1,721.1,721.1,721.1,38
2026-07-10 12:41:00+00:00,2026-07-10,QQQ,720.91,720.91,720.91,720.91,1
2026-07-10 12:43:00+00:00,2026-07-10,QQQ,720.64,720.64,720.64,720.64,80
2026-07-10 12:46:00+00:00,2026-07-10,QQQ,720.53,720.53,720.53,720.53,1
2026-07-10 12:52:00+00:00,2026-07-10,QQQ,720.67,720.71,720.67,720.71,120
2026-07-10 13:02:00+00:00,2026-07-10,QQQ,720.24,720.24,720.24,720.24,80
2026-07-10 13:03:00+00:00,2026-07-10,QQQ,719.94,719.94,719.9,719.9,100
2026-07-10 13:16:00+00:00,2026-07-10,QQQ,720.17,720.17,720.17,720.17,80
2026-07-10 13:19:00+00:00,2026-07-10,QQQ,720.44,720.44,720.41,720.41,680
2026-07-10 13:20:00+00:00,2026-07-10,QQQ,720.42,720.55,720.4,720.55,1842
2026-07-10 13:21:00+00:00,2026-07-10,QQQ,720.54,720.56,720.44,720.44,3277
2026-07-10 13:22:00+00:00,2026-07-10,QQQ,720.44,720.57,720.4,720.57,742
2026-07-10 13:23:00+00:00,2026-07-10,QQQ,720.55,720.71,720.55,720.65,2003
2026-07-10 13:24:00+00:00,2026-07-10,QQQ,720.67,720.67,720.54,720.55,2040
2026-07-10 13:25:00+00:00,2026-07-10,QQQ,720.72,720.9,720.71,720.9,980
2026-07-10 13:26:00+00:00,2026-07-10,QQQ,720.89,721.01,720.89,721.0,620
2026-07-10 13:27:00+00:00,2026-07-10,QQQ,720.75,720.75,720.3,720.36,1810
2026-07-10 13:28:00+00:00,2026-07-10,QQQ,720.54,720.54,720.54,720.54,160
2026-07-10 13:29:00+00:00,2026-07-10,QQQ,720.24,720.55,720.24,720.55,180
2026-07-10 13:30:00+00:00,2026-07-10,QQQ,720.745,721.71,720.27,721.705,5277
2026-07-10 13:31:00+00:00,2026-07-10,QQQ,721.65,722.08,721.295,721.89,3421
2026-07-10 13:32:00+00:00,2026-07-10,QQQ,721.88,722.63,721.68,722.63,840
2026-07-10 13:33:00+00:00,2026-07-10,QQQ,722.63,722.77,722.185,722.51,1614
2026-07-10 13:34:00+00:00,2026-07-10,QQQ,722.35,722.65,722.35,722.57,1370
2026-07-10 13:35:00+00:00,2026-07-10,QQQ,722.29,722.92,722.28,722.28,3052
2026-07-10 13:36:00+00:00,2026-07-10,QQQ,722.255,723.13,721.9,722.84,1415
2026-07-10 13:37:00+00:00,2026-07-10,QQQ,722.98,723.16,722.41,722.41,2612
2026-07-10 13:38:00+00:00,2026-07-10,QQQ,722.12,722.51,722.04,722.16,2378
2026-07-10 13:39:00+00:00,2026-07-10,QQQ,722.225,722.225,721.31,721.67,1962
2026-07-10 13:40:00+00:00,2026-07-10,QQQ,721.52,721.52,719.85,719.995,3025
2026-07-10 13:41:00+00:00,2026-07-10,QQQ,720.015,720.96,720.015,720.58,6267
2026-07-10 13:42:00+00:00,2026-07-10,QQQ,720.56,721.56,720.375,721.56,3117
2026-07-10 13:43:00+00:00,2026-07-10,QQQ,721.03,721.415,720.69,721.415,1490
2026-07-10 13:44:00+00:00,2026-07-10,QQQ,721.67,721.67,721.17,721.25,1274
2026-07-10 13:45:00+00:00,2026-07-10,QQQ,721.31,721.94,721.25,721.7,1739
2026-07-10 13:46:00+00:00,2026-07-10,QQQ,721.68,722.75,721.68,722.75,650
2026-07-10 13:47:00+00:00,2026-07-10,QQQ,722.4,722.56,722.3,722.38,1309
2026-07-10 13:48:00+00:00,2026-07-10,QQQ,722.52,722.52,722.24,722.5,1081
2026-07-10 13:49:00+00:00,2026-07-10,QQQ,723.28,723.5,723.14,723.27,995
2026-07-10 13:50:00+00:00,2026-07-10,QQQ,723.35,723.35,722.65,723.07,1970
2026-07-10 13:51:00+00:00,2026-07-10,QQQ,723.0,723.19,722.93,723.0,1653
2026-07-10 13:52:00+00:00,2026-07-10,QQQ,723.045,724.09,723.045,723.62,2744
2026-07-10 13:53:00+00:00,2026-07-10,QQQ,723.755,723.9,723.45,723.45,1431
2026-07-10 13:54:00+00:00,2026-07-10,QQQ,723.54,723.62,723.2,723.36,1389
2026-07-10 13:55:00+00:00,2026-07-10,QQQ,723.07,723.07,722.51,722.74,1187
2026-07-10 13:56:00+00:00,2026-07-10,QQQ,722.72,723.02,722.66,722.92,556
2026-07-10 13:57:00+00:00,2026-07-10,QQQ,722.84,723.08,722.47,722.82,1512
2026-07-10 13:58:00+00:00,2026-07-10,QQQ,722.89,723.6,722.89,723.26,437
2026-07-10 13:59:00+00:00,2026-07-10,QQQ,723.4,723.4,722.81,722.81,803
2026-07-10 14:00:00+00:00,2026-07-10,QQQ,722.72,723.1,722.69,722.82,1208
2026-07-10 14:01:00+00:00,2026-07-10,QQQ,722.82,723.39,722.6,723.3,638
2026-07-10 14:02:00+00:00,2026-07-10,QQQ,723.32,723.74,723.32,723.6,912
2026-07-10 14:03:00+00:00,2026-07-10,QQQ,723.53,723.55,723.22,723.41,1000
2026-07-10 14:04:00+00:00,2026-07-10,QQQ,723.41,723.51,723.09,723.22,407
2026-07-10 14:05:00+00:00,2026-07-10,QQQ,723.43,723.61,723.29,723.45,416
2026-07-10 14:06:00+00:00,2026-07-10,QQQ,723.45,723.69,723.085,723.095,1130
2026-07-10 14:07:00+00:00,2026-07-10,QQQ,722.85,722.99,722.85,722.96,791
2026-07-10 14:08:00+00:00,2026-07-10,QQQ,722.81,723.315,722.61,723.315,1294
2026-07-10 14:09:00+00:00,2026-07-10,QQQ,723.2,723.83,723.2,723.8,1169
2026-07-10 14:10:00+00:00,2026-07-10,QQQ,723.6,723.83,723.32,723.675,1820
2026-07-10 14:11:00+00:00,2026-07-10,QQQ,723.655,723.655,723.11,723.47,3767
2026-07-10 14:12:00+00:00,2026-07-10,QQQ,723.54,723.87,723.4,723.87,1149
2026-07-10 14:13:00+00:00,2026-07-10,QQQ,723.84,723.84,723.34,723.71,1323
2026-07-10 14:14:00+00:00,2026-07-10,QQQ,723.58,723.59,723.3,723.37,714
2026-07-10 14:15:00+00:00,2026-07-10,QQQ,723.13,723.13,722.66,722.905,1478
2026-07-10 14:16:00+00:00,2026-07-10,QQQ,722.96,723.01,722.56,722.98,398
2026-07-10 14:17:00+00:00,2026-07-10,QQQ,722.99,723.5,722.77,723.47,2265
2026-07-10 14:18:00+00:00,2026-07-10,QQQ,723.35,723.39,722.71,722.71,1001
2026-07-10 14:19:00+00:00,2026-07-10,QQQ,722.72,722.72,722.06,722.36,1592
2026-07-10 14:20:00+00:00,2026-07-10,QQQ,722.54,722.54,722.11,722.13,1275
2026-07-10 14:21:00+00:00,2026-07-10,QQQ,722.05,722.05,721.17,721.22,987
2026-07-10 14:22:00+00:00,2026-07-10,QQQ,721.45,721.87,721.33,721.85,4752
2026-07-10 14:23:00+00:00,2026-07-10,QQQ,721.9,722.3,721.545,722.24,840
2026-07-10 14:24:00+00:00,2026-07-10,QQQ,722.4,722.52,721.97,722.21,855
2026-07-10 14:25:00+00:00,2026-07-10,QQQ,721.7,721.81,721.52,721.81,643
2026-07-10 14:26:00+00:00,2026-07-10,QQQ,721.78,722.3,721.75,722.01,1344
2026-07-10 14:27:00+00:00,2026-07-10,QQQ,722.26,722.84,722.065,722.84,1026
2026-07-10 14:28:00+00:00,2026-07-10,QQQ,722.84,723.2,722.84,723.17,2561
2026-07-10 14:29:00+00:00,2026-07-10,QQQ,723.195,723.195,722.42,722.42,2707
2026-07-10 14:30:00+00:00,2026-07-10,QQQ,722.59,723.0,722.43,722.96,1540
2026-07-10 14:31:00+00:00,2026-07-10,QQQ,722.96,723.005,722.76,722.98,664
2026-07-10 14:32:00+00:00,2026-07-10,QQQ,723.03,723.61,719.0,719.14,11709
2026-07-10 14:33:00+00:00,2026-07-10,QQQ,719.11,720.64,717.04,720.64,10316
2026-07-10 14:34:00+00:00,2026-07-10,QQQ,720.66,721.62,720.66,721.035,6358
2026-07-10 14:35:00+00:00,2026-07-10,QQQ,721.07,721.85,720.58,720.58,9430
2026-07-10 14:36:00+00:00,2026-07-10,QQQ,720.68,721.72,720.4,721.56,4182
2026-07-10 14:37:00+00:00,2026-07-10,QQQ,721.525,721.85,721.31,721.67,3711
2026-07-10 14:38:00+00:00,2026-07-10,QQQ,721.77,722.15,721.42,722.1,2377
2026-07-10 14:39:00+00:00,2026-07-10,QQQ,722.02,722.05,721.58,721.695,1208
2026-07-10 14:40:00+00:00,2026-07-10,QQQ,721.79,721.88,721.44,721.75,1779
2026-07-10 14:41:00+00:00,2026-07-10,QQQ,721.38,721.38,720.9,721.0,1536
2026-07-10 14:42:00+00:00,2026-07-10,QQQ,721.13,721.64,721.09,721.34,1179
2026-07-10 14:43:00+00:00,2026-07-10,QQQ,721.39,721.39,721.17,721.26,650
2026-07-10 14:44:00+00:00,2026-07-10,QQQ,721.21,722.25,721.05,721.91,3930
2026-07-10 14:45:00+00:00,2026-07-10,QQQ,721.89,722.33,721.575,721.945,775
2026-07-10 14:47:00+00:00,2026-07-10,QQQ,721.67,721.73,721.59,721.73,874
2026-07-10 14:48:00+00:00,2026-07-10,QQQ,721.66,721.89,721.43,721.48,1379
2026-07-10 14:49:00+00:00,2026-07-10,QQQ,721.79,722.42,721.72,722.35,1459
2026-07-10 14:50:00+00:00,2026-07-10,QQQ,722.37,722.58,721.85,721.85,2052
2026-07-10 14:51:00+00:00,2026-07-10,QQQ,721.575,722.12,721.575,722.0,1232
2026-07-10 14:52:00+00:00,2026-07-10,QQQ,721.98,722.24,721.76,722.05,1379
2026-07-10 14:53:00+00:00,2026-07-10,QQQ,721.7,721.8,721.17,721.5,660
2026-07-10 14:54:00+00:00,2026-07-10,QQQ,721.3,721.41,721.12,721.12,246
2026-07-10 14:55:00+00:00,2026-07-10,QQQ,721.11,721.32,720.59,720.59,1851
2026-07-10 14:56:00+00:00,2026-07-10,QQQ,720.52,720.52,720.04,720.145,1934
2026-07-10 14:57:00+00:00,2026-07-10,QQQ,720.29,721.045,720.24,720.96,2239
2026-07-10 14:58:00+00:00,2026-07-10,QQQ,720.97,721.085,720.26,720.28,1625
2026-07-10 14:59:00+00:00,2026-07-10,QQQ,720.34,720.49,720.155,720.29,1179
2026-07-10 15:00:00+00:00,2026-07-10,QQQ,720.27,720.5,719.83,719.93,1172
2026-07-10 15:01:00+00:00,2026-07-10,QQQ,720.23,720.23,719.86,720.025,1677
2026-07-10 15:02:00+00:00,2026-07-10,QQQ,720.28,720.41,720.0,720.11,842
2026-07-10 15:03:00+00:00,2026-07-10,QQQ,720.25,720.25,720.03,720.03,422
2026-07-10 15:04:00+00:00,2026-07-10,QQQ,720.51,720.53,719.79,720.0,815
2026-07-10 15:05:00+00:00,2026-07-10,QQQ,719.79,720.09,719.35,719.89,1483
2026-07-10 15:06:00+00:00,2026-07-10,QQQ,719.77,720.01,719.4,720.01,1397
2026-07-10 15:07:00+00:00,2026-07-10,QQQ,720.125,720.95,720.125,720.735,1632
2026-07-10 15:08:00+00:00,2026-07-10,QQQ,720.98,721.24,720.93,721.11,2225
2026-07-10 15:09:00+00:00,2026-07-10,QQQ,721.14,721.33,721.08,721.33,1213
2026-07-10 15:10:00+00:00,2026-07-10,QQQ,721.39,721.78,721.39,721.66,741
2026-07-10 15:11:00+00:00,2026-07-10,QQQ,721.78,721.78,721.29,721.65,1121
2026-07-10 15:12:00+00:00,2026-07-10,QQQ,721.57,721.65,721.46,721.46,652
2026-07-10 15:13:00+00:00,2026-07-10,QQQ,721.68,721.805,721.595,721.65,238
2026-07-10 15:14:00+00:00,2026-07-10,QQQ,721.62,721.7,721.555,721.615,456
2026-07-10 15:15:00+00:00,2026-07-10,QQQ,721.6,722.52,721.6,722.45,1484
2026-07-10 15:16:00+00:00,2026-07-10,QQQ,722.58,723.55,722.58,723.42,4811
2026-07-10 15:17:00+00:00,2026-07-10,QQQ,723.14,723.21,723.04,723.04,1267
2026-07-10 15:18:00+00:00,2026-07-10,QQQ,723.04,723.04,722.74,722.84,1007
2026-07-10 15:19:00+00:00,2026-07-10,QQQ,722.85,722.85,722.35,722.85,961
2026-07-10 15:20:00+00:00,2026-07-10,QQQ,722.87,723.22,722.65,723.22,2432
2026-07-10 15:21:00+00:00,2026-07-10,QQQ,723.25,723.39,723.03,723.24,3779
2026-07-10 15:22:00+00:00,2026-07-10,QQQ,723.17,723.22,723.01,723.01,1574
2026-07-10 15:23:00+00:00,2026-07-10,QQQ,722.98,723.46,722.87,723.3,1500
2026-07-10 15:24:00+00:00,2026-07-10,QQQ,723.32,723.42,723.13,723.23,1690
2026-07-10 15:25:00+00:00,2026-07-10,QQQ,723.48,723.91,723.48,723.62,872
2026-07-10 15:26:00+00:00,2026-07-10,QQQ,723.6,723.94,723.6,723.79,3456
2026-07-10 15:27:00+00:00,2026-07-10,QQQ,723.735,724.28,723.72,724.12,1303
2026-07-10 15:28:00+00:00,2026-07-10,QQQ,724.015,724.06,723.91,724.06,584
2026-07-10 15:29:00+00:00,2026-07-10,QQQ,724.17,724.21,723.8,724.075,4907
2026-07-10 15:30:00+00:00,2026-07-10,QQQ,724.09,724.28,724.08,724.14,2156
2026-07-10 15:31:00+00:00,2026-07-10,QQQ,724.05,724.07,723.75,724.06,623
2026-07-10 15:32:00+00:00,2026-07-10,QQQ,724.09,724.29,724.09,724.24,1360
2026-07-10 15:33:00+00:00,2026-07-10,QQQ,724.22,724.29,724.12,724.15,1920
2026-07-10 15:34:00+00:00,2026-07-10,QQQ,723.99,724.125,723.88,723.89,1290
2026-07-10 15:35:00+00:00,2026-07-10,QQQ,724.08,724.09,723.39,723.39,1571
2026-07-10 15:36:00+00:00,2026-07-10,QQQ,723.38,723.56,723.35,723.38,1267
2026-07-10 15:37:00+00:00,2026-07-10,QQQ,723.4,723.59,723.385,723.59,714
2026-07-10 15:38:00+00:00,2026-07-10,QQQ,723.58,723.59,723.17,723.18,336
2026-07-10 15:39:00+00:00,2026-07-10,QQQ,723.08,723.08,722.47,722.52,1355
2026-07-10 15:40:00+00:00,2026-07-10,QQQ,722.48,722.605,722.3,722.47,1526
2026-07-10 15:41:00+00:00,2026-07-10,QQQ,722.31,722.31,721.38,721.76,1509
2026-07-10 15:42:00+00:00,2026-07-10,QQQ,721.62,721.62,720.65,720.71,2610
2026-07-10 15:43:00+00:00,2026-07-10,QQQ,720.67,721.19,720.67,721.11,2578
2026-07-10 15:44:00+00:00,2026-07-10,QQQ,721.42,721.71,721.42,721.53,460
2026-07-10 15:45:00+00:00,2026-07-10,QQQ,721.51,721.55,720.96,721.16,825
2026-07-10 15:46:00+00:00,2026-07-10,QQQ,721.32,721.86,721.32,721.66,810
2026-07-10 15:47:00+00:00,2026-07-10,QQQ,721.565,722.14,721.56,722.14,358
2026-07-10 15:48:00+00:00,2026-07-10,QQQ,722.17,722.25,721.89,721.89,686
2026-07-10 15:49:00+00:00,2026-07-10,QQQ,721.98,722.66,721.98,722.515,835
2026-07-10 15:50:00+00:00,2026-07-10,QQQ,722.455,722.54,722.38,722.48,681
2026-07-10 15:51:00+00:00,2026-07-10,QQQ,722.63,722.68,722.29,722.29,760
2026-07-10 15:52:00+00:00,2026-07-10,QQQ,722.46,722.915,722.46,722.89,550
2026-07-10 15:53:00+00:00,2026-07-10,QQQ,722.85,723.01,722.81,722.85,1264
2026-07-10 15:54:00+00:00,2026-07-10,QQQ,723.0,723.09,722.81,722.95,347
2026-07-10 15:55:00+00:00,2026-07-10,QQQ,722.92,722.92,722.72,722.88,185
2026-07-10 15:56:00+00:00,2026-07-10,QQQ,722.86,723.15,722.85,722.85,984
2026-07-10 15:57:00+00:00,2026-07-10,QQQ,722.61,723.06,722.61,723.06,1067
2026-07-10 15:58:00+00:00,2026-07-10,QQQ,722.89,723.2,722.88,723.11,904
2026-07-10 15:59:00+00:00,2026-07-10,QQQ,723.08,723.38,723.06,723.25,3526
2026-07-10 16:00:00+00:00,2026-07-10,QQQ,723.36,723.95,723.36,723.885,920
2026-07-10 16:01:00+00:00,2026-07-10,QQQ,723.9,724.1,723.77,723.79,1424
2026-07-10 16:02:00+00:00,2026-07-10,QQQ,723.86,723.94,723.82,723.94,38
2026-07-10 16:03:00+00:00,2026-07-10,QQQ,723.93,723.95,723.77,723.84,770
2026-07-10 16:04:00+00:00,2026-07-10,QQQ,723.785,724.19,723.785,724.15,1377
2026-07-10 16:05:00+00:00,2026-07-10,QQQ,724.0,724.27,723.8,723.8,1782
2026-07-10 16:06:00+00:00,2026-07-10,QQQ,724.02,724.04,723.99,723.99,453
2026-07-10 16:07:00+00:00,2026-07-10,QQQ,724.1,724.1,724.06,724.06,324
2026-07-10 16:08:00+00:00,2026-07-10,QQQ,724.03,724.035,723.8,723.8,1885
2026-07-10 16:09:00+00:00,2026-07-10,QQQ,723.94,723.94,723.77,723.8,1727
2026-07-10 16:10:00+00:00,2026-07-10,QQQ,723.85,724.12,723.85,724.1,564
2026-07-10 16:11:00+00:00,2026-07-10,QQQ,724.16,724.19,723.7,723.86,505
2026-07-10 16:12:00+00:00,2026-07-10,QQQ,723.9,724.02,723.9,724.015,195
2026-07-10 16:13:00+00:00,2026-07-10,QQQ,724.06,724.2,724.02,724.02,845
2026-07-10 16:14:00+00:00,2026-07-10,QQQ,724.15,724.19,724.1,724.14,604
2026-07-10 16:15:00+00:00,2026-07-10,QQQ,724.44,724.465,724.37,724.395,1308
2026-07-10 16:16:00+00:00,2026-07-10,QQQ,724.43,724.95,724.42,724.9,20135
2026-07-10 16:17:00+00:00,2026-07-10,QQQ,724.88,724.95,724.755,724.87,1912
2026-07-10 16:18:00+00:00,2026-07-10,QQQ,724.84,724.96,724.7,724.7,821
2026-07-10 16:19:00+00:00,2026-07-10,QQQ,724.71,725.0,724.71,725.0,390
2026-07-10 16:20:00+00:00,2026-07-10,QQQ,725.0,725.2,724.89,725.03,1728
2026-07-10 16:21:00+00:00,2026-07-10,QQQ,725.02,725.06,724.78,724.78,1346
2026-07-10 16:22:00+00:00,2026-07-10,QQQ,724.65,724.95,724.65,724.95,1307
2026-07-10 16:23:00+00:00,2026-07-10,QQQ,724.86,725.03,724.8,724.98,1076
2026-07-10 16:24:00+00:00,2026-07-10,QQQ,724.95,725.11,724.9,724.95,1704
2026-07-10 16:25:00+00:00,2026-07-10,QQQ,724.88,724.9,724.62,724.62,902
2026-07-10 16:26:00+00:00,2026-07-10,QQQ,724.65,724.99,724.65,724.88,1064
2026-07-10 16:27:00+00:00,2026-07-10,QQQ,725.09,725.24,725.09,725.17,1137
2026-07-10 16:28:00+00:00,2026-07-10,QQQ,725.18,725.26,725.0,725.06,847
2026-07-10 16:29:00+00:00,2026-07-10,QQQ,724.99,724.99,724.84,724.88,904
2026-07-10 16:30:00+00:00,2026-07-10,QQQ,724.93,725.07,724.91,724.94,977
2026-07-10 16:31:00+00:00,2026-07-10,QQQ,724.93,725.02,724.93,724.97,781
2026-07-10 16:32:00+00:00,2026-07-10,QQQ,725.01,725.03,724.99,725.0,768
2026-07-10 16:33:00+00:00,2026-07-10,QQQ,725.09,725.14,725.04,725.13,307
2026-07-10 16:34:00+00:00,2026-07-10,QQQ,725.16,725.2,725.13,725.16,644
2026-07-10 16:35:00+00:00,2026-07-10,QQQ,725.15,725.37,725.14,725.37,996
2026-07-10 16:36:00+00:00,2026-07-10,QQQ,725.19,725.2,725.08,725.08,257
2026-07-10 16:37:00+00:00,2026-07-10,QQQ,725.06,725.06,724.75,724.82,1250
2026-07-10 16:38:00+00:00,2026-07-10,QQQ,724.9,724.9,724.77,724.81,290
2026-07-10 16:39:00+00:00,2026-07-10,QQQ,724.83,724.84,724.83,724.84,288
2026-07-10 16:40:00+00:00,2026-07-10,QQQ,724.84,725.19,724.84,725.19,645
2026-07-10 16:41:00+00:00,2026-07-10,QQQ,725.05,725.09,725.0,725.0,104
2026-07-10 16:42:00+00:00,2026-07-10,QQQ,725.07,725.16,725.0,725.01,657
2026-07-10 16:43:00+00:00,2026-07-10,QQQ,724.98,725.08,724.97,725.0,2060
2026-07-10 16:44:00+00:00,2026-07-10,QQQ,724.96,725.03,724.87,724.99,724
2026-07-10 16:45:00+00:00,2026-07-10,QQQ,725.0,725.28,725.0,725.11,1176
2026-07-10 16:46:00+00:00,2026-07-10,QQQ,725.245,725.37,725.2,725.26,2507
2026-07-10 16:47:00+00:00,2026-07-10,QQQ,725.27,725.27,725.17,725.25,368
2026-07-10 16:48:00+00:00,2026-07-10,QQQ,725.28,725.28,725.15,725.21,941
2026-07-10 16:49:00+00:00,2026-07-10,QQQ,725.16,725.18,725.01,725.18,915
2026-07-10 16:50:00+00:00,2026-07-10,QQQ,725.19,725.48,725.19,725.44,1609
2026-07-10 16:51:00+00:00,2026-07-10,QQQ,725.465,725.505,725.29,725.43,871
2026-07-10 16:52:00+00:00,2026-07-10,QQQ,725.46,725.56,725.46,725.56,1600
2026-07-10 16:53:00+00:00,2026-07-10,QQQ,725.445,725.445,725.24,725.24,743
2026-07-10 16:54:00+00:00,2026-07-10,QQQ,725.24,725.24,725.04,725.04,435
2026-07-10 16:55:00+00:00,2026-07-10,QQQ,725.21,725.21,724.89,724.95,831
2026-07-10 16:56:00+00:00,2026-07-10,QQQ,724.99,725.04,724.89,725.02,1075
2026-07-10 16:57:00+00:00,2026-07-10,QQQ,724.99,725.14,724.96,725.14,1143
2026-07-10 16:58:00+00:00,2026-07-10,QQQ,725.17,725.34,725.15,725.34,1243
2026-07-10 16:59:00+00:00,2026-07-10,QQQ,725.3,725.3,725.18,725.18,537
2026-07-10 17:00:00+00:00,2026-07-10,QQQ,725.2,725.32,725.18,725.19,700
2026-07-10 17:01:00+00:00,2026-07-10,QQQ,725.155,725.155,724.955,724.965,506
2026-07-10 17:02:00+00:00,2026-07-10,QQQ,724.87,724.915,724.8,724.855,710
2026-07-10 17:03:00+00:00,2026-07-10,QQQ,724.85,724.85,724.72,724.72,259
2026-07-10 17:04:00+00:00,2026-07-10,QQQ,724.7,724.77,724.59,724.705,721
2026-07-10 17:05:00+00:00,2026-07-10,QQQ,724.73,724.73,724.64,724.72,649
2026-07-10 17:06:00+00:00,2026-07-10,QQQ,724.795,725.08,724.795,725.04,613
2026-07-10 17:07:00+00:00,2026-07-10,QQQ,724.9,724.95,724.89,724.945,211
2026-07-10 17:08:00+00:00,2026-07-10,QQQ,724.89,725.04,724.89,725.0,316
2026-07-10 17:09:00+00:00,2026-07-10,QQQ,724.94,725.01,724.73,724.73,1225
2026-07-10 17:10:00+00:00,2026-07-10,QQQ,724.8,724.9,724.76,724.86,994
2026-07-10 17:11:00+00:00,2026-07-10,QQQ,724.95,724.97,724.84,724.865,499
2026-07-10 17:12:00+00:00,2026-07-10,QQQ,724.85,724.86,724.77,724.86,706
2026-07-10 17:13:00+00:00,2026-07-10,QQQ,724.82,724.83,724.66,724.66,1075
2026-07-10 17:14:00+00:00,2026-07-10,QQQ,724.63,724.97,724.545,724.97,748
2026-07-10 17:15:00+00:00,2026-07-10,QQQ,724.95,725.28,724.95,725.21,967
2026-07-10 17:16:00+00:00,2026-07-10,QQQ,725.14,725.175,725.06,725.11,788
2026-07-10 17:17:00+00:00,2026-07-10,QQQ,725.0,725.12,725.0,725.09,628
2026-07-10 17:18:00+00:00,2026-07-10,QQQ,725.11,725.11,724.99,724.99,460
2026-07-10 17:19:00+00:00,2026-07-10,QQQ,725.04,725.06,724.86,725.01,542
2026-07-10 17:20:00+00:00,2026-07-10,QQQ,724.88,725.11,724.86,725.11,573
2026-07-10 17:21:00+00:00,2026-07-10,QQQ,725.01,725.15,725.01,725.13,264
2026-07-10 17:22:00+00:00,2026-07-10,QQQ,725.23,725.3,725.18,725.2,554
2026-07-10 17:23:00+00:00,2026-07-10,QQQ,725.215,725.22,725.09,725.15,1091
2026-07-10 17:24:00+00:00,2026-07-10,QQQ,725.22,725.43,725.22,725.42,1302
2026-07-10 17:25:00+00:00,2026-07-10,QQQ,725.45,725.55,725.44,725.44,462
2026-07-10 17:26:00+00:00,2026-07-10,QQQ,725.55,725.7,725.55,725.68,1019
2026-07-10 17:27:00+00:00,2026-07-10,QQQ,725.72,725.72,725.54,725.6,820
2026-07-10 17:28:00+00:00,2026-07-10,QQQ,725.61,725.78,725.61,725.75,410
2026-07-10 17:29:00+00:00,2026-07-10,QQQ,725.74,725.77,725.73,725.77,217
2026-07-10 17:30:00+00:00,2026-07-10,QQQ,725.79,725.93,725.76,725.81,1090
2026-07-10 17:31:00+00:00,2026-07-10,QQQ,725.95,725.95,725.77,725.77,158
2026-07-10 17:32:00+00:00,2026-07-10,QQQ,725.68,725.715,725.6,725.715,660
2026-07-10 17:33:00+00:00,2026-07-10,QQQ,725.65,725.7,725.635,725.65,604
2026-07-10 17:34:00+00:00,2026-07-10,QQQ,725.565,725.67,725.5,725.67,419
2026-07-10 17:35:00+00:00,2026-07-10,QQQ,725.75,725.77,725.565,725.715,601
2026-07-10 17:36:00+00:00,2026-07-10,QQQ,725.9,726.0,725.88,725.91,807
2026-07-10 17:37:00+00:00,2026-07-10,QQQ,725.94,726.13,725.94,726.09,1299
2026-07-10 17:38:00+00:00,2026-07-10,QQQ,726.15,726.15,726.09,726.11,610
2026-07-10 17:39:00+00:00,2026-07-10,QQQ,726.1,726.22,726.1,726.13,1030
2026-07-10 17:40:00+00:00,2026-07-10,QQQ,726.1,726.22,726.08,726.13,532
2026-07-10 17:41:00+00:00,2026-07-10,QQQ,726.13,726.13,726.05,726.07,143
2026-07-10 17:42:00+00:00,2026-07-10,QQQ,725.95,726.1,725.95,726.015,560
2026-07-10 17:43:00+00:00,2026-07-10,QQQ,726.03,726.11,726.005,726.11,513
2026-07-10 17:44:00+00:00,2026-07-10,QQQ,726.11,726.12,726.08,726.095,664
2026-07-10 17:45:00+00:00,2026-07-10,QQQ,726.13,726.22,726.095,726.195,2080
2026-07-10 17:46:00+00:00,2026-07-10,QQQ,726.26,726.26,726.08,726.08,745
2026-07-10 17:47:00+00:00,2026-07-10,QQQ,726.12,726.15,726.12,726.14,284
2026-07-10 17:48:00+00:00,2026-07-10,QQQ,726.09,726.09,726.06,726.06,419
2026-07-10 17:49:00+00:00,2026-07-10,QQQ,726.025,726.11,726.02,726.105,256
2026-07-10 17:50:00+00:00,2026-07-10,QQQ,726.13,726.2,726.13,726.18,319
2026-07-10 17:51:00+00:00,2026-07-10,QQQ,726.12,726.12,725.97,726.02,1301
2026-07-10 17:52:00+00:00,2026-07-10,QQQ,726.055,726.13,726.04,726.05,430
2026-07-10 17:53:00+00:00,2026-07-10,QQQ,726.11,726.11,725.96,725.96,177
2026-07-10 17:54:00+00:00,2026-07-10,QQQ,725.94,725.95,725.78,725.78,1495
2026-07-10 17:55:00+00:00,2026-07-10,QQQ,725.815,725.85,725.74,725.78,159
2026-07-10 17:56:00+00:00,2026-07-10,QQQ,725.825,725.84,725.72,725.735,565
2026-07-10 17:57:00+00:00,2026-07-10,QQQ,725.76,725.76,725.51,725.51,375
2026-07-10 17:58:00+00:00,2026-07-10,QQQ,725.56,725.61,725.38,725.38,712
2026-07-10 17:59:00+00:00,2026-07-10,QQQ,725.34,725.47,725.34,725.41,1130
2026-07-10 18:00:00+00:00,2026-07-10,QQQ,725.43,725.53,725.43,725.53,126
2026-07-10 18:01:00+00:00,2026-07-10,QQQ,725.82,725.82,725.7,725.7,221
2026-07-10 18:02:00+00:00,2026-07-10,QQQ,725.75,725.75,725.71,725.73,1132
2026-07-10 18:03:00+00:00,2026-07-10,QQQ,725.75,725.92,725.745,725.87,260
2026-07-10 18:04:00+00:00,2026-07-10,QQQ,725.77,725.77,725.72,725.76,232
2026-07-10 18:05:00+00:00,2026-07-10,QQQ,725.77,726.0,725.77,726.0,230
2026-07-10 18:06:00+00:00,2026-07-10,QQQ,725.96,726.0,725.88,725.9,297
2026-07-10 18:07:00+00:00,2026-07-10,QQQ,726.05,726.05,725.75,725.75,462
2026-07-10 18:08:00+00:00,2026-07-10,QQQ,725.815,725.86,725.8,725.8,103
2026-07-10 18:09:00+00:00,2026-07-10,QQQ,725.77,725.86,725.71,725.86,178
2026-07-10 18:10:00+00:00,2026-07-10,QQQ,725.835,726.27,725.83,726.01,3349
2026-07-10 18:11:00+00:00,2026-07-10,QQQ,725.98,726.03,725.82,726.02,785
2026-07-10 18:12:00+00:00,2026-07-10,QQQ,726.03,726.15,725.88,725.9,846
2026-07-10 18:13:00+00:00,2026-07-10,QQQ,725.81,725.85,725.74,725.74,243
2026-07-10 18:14:00+00:00,2026-07-10,QQQ,725.79,725.835,725.79,725.8,212
2026-07-10 18:15:00+00:00,2026-07-10,QQQ,725.79,725.79,725.75,725.75,240
2026-07-10 18:16:00+00:00,2026-07-10,QQQ,725.51,725.57,725.49,725.56,277
2026-07-10 18:17:00+00:00,2026-07-10,QQQ,725.6,725.62,725.51,725.525,136
2026-07-10 18:18:00+00:00,2026-07-10,QQQ,725.55,725.62,725.33,725.34,357
2026-07-10 18:19:00+00:00,2026-07-10,QQQ,725.39,725.41,725.27,725.41,645
2026-07-10 18:20:00+00:00,2026-07-10,QQQ,725.445,725.445,725.34,725.34,187
2026-07-10 18:21:00+00:00,2026-07-10,QQQ,725.37,725.37,725.3,725.34,893
2026-07-10 18:22:00+00:00,2026-07-10,QQQ,725.39,725.49,725.16,725.47,917
2026-07-10 18:23:00+00:00,2026-07-10,QQQ,725.43,725.56,725.43,725.56,246
2026-07-10 18:24:00+00:00,2026-07-10,QQQ,725.62,725.8,725.62,725.75,367
2026-07-10 18:25:00+00:00,2026-07-10,QQQ,725.75,726.1,725.73,725.97,1305
2026-07-10 18:26:00+00:00,2026-07-10,QQQ,726.02,726.05,725.895,725.895,314
2026-07-10 18:27:00+00:00,2026-07-10,QQQ,725.81,725.84,725.79,725.82,393
2026-07-10 18:28:00+00:00,2026-07-10,QQQ,725.7,725.73,725.64,725.66,567
2026-07-10 18:29:00+00:00,2026-07-10,QQQ,725.6,725.71,725.585,725.71,285
2026-07-10 18:30:00+00:00,2026-07-10,QQQ,725.7,725.76,725.6,725.76,512
2026-07-10 18:31:00+00:00,2026-07-10,QQQ,725.76,725.82,725.66,725.72,411
2026-07-10 18:32:00+00:00,2026-07-10,QQQ,725.73,725.75,725.54,725.58,214
2026-07-10 18:33:00+00:00,2026-07-10,QQQ,725.83,725.845,725.8,725.845,150
2026-07-10 18:34:00+00:00,2026-07-10,QQQ,725.87,725.95,725.835,725.91,289
2026-07-10 18:35:00+00:00,2026-07-10,QQQ,725.885,725.89,725.73,725.77,361
2026-07-10 18:36:00+00:00,2026-07-10,QQQ,725.77,725.77,725.655,725.66,579
2026-07-10 18:37:00+00:00,2026-07-10,QQQ,725.65,725.65,725.44,725.46,42
2026-07-10 18:38:00+00:00,2026-07-10,QQQ,725.49,725.49,725.35,725.4,366
2026-07-10 18:39:00+00:00,2026-07-10,QQQ,725.48,725.6,725.48,725.53,87
2026-07-10 18:40:00+00:00,2026-07-10,QQQ,725.53,725.71,725.53,725.71,556
2026-07-10 18:41:00+00:00,2026-07-10,QQQ,725.77,725.77,725.54,725.68,844
2026-07-10 18:42:00+00:00,2026-07-10,QQQ,725.59,725.71,725.53,725.71,675
2026-07-10 18:43:00+00:00,2026-07-10,QQQ,725.73,725.75,725.545,725.58,498
2026-07-10 18:44:00+00:00,2026-07-10,QQQ,725.56,725.57,725.49,725.57,652
2026-07-10 18:45:00+00:00,2026-07-10,QQQ,725.52,725.52,725.47,725.5,591
2026-07-10 18:46:00+00:00,2026-07-10,QQQ,725.61,725.61,725.55,725.56,107
2026-07-10 18:47:00+00:00,2026-07-10,QQQ,725.55,725.58,725.44,725.44,562
2026-07-10 18:48:00+00:00,2026-07-10,QQQ,725.42,725.49,725.37,725.37,136
2026-07-10 18:49:00+00:00,2026-07-10,QQQ,725.33,725.41,725.32,725.35,176
2026-07-10 18:50:00+00:00,2026-07-10,QQQ,725.3,725.38,725.3,725.33,1071
2026-07-10 18:51:00+00:00,2026-07-10,QQQ,725.37,725.52,725.37,725.52,331
2026-07-10 18:52:00+00:00,2026-07-10,QQQ,725.58,725.64,725.49,725.64,808
2026-07-10 18:53:00+00:00,2026-07-10,QQQ,725.6,725.63,725.6,725.6,297
2026-07-10 18:54:00+00:00,2026-07-10,QQQ,725.54,725.54,725.47,725.47,172
2026-07-10 18:55:00+00:00,2026-07-10,QQQ,725.445,725.59,725.44,725.59,466
2026-07-10 18:56:00+00:00,2026-07-10,QQQ,725.59,725.69,725.49,725.49,623
2026-07-10 18:57:00+00:00,2026-07-10,QQQ,725.49,725.54,725.48,725.51,959
2026-07-10 18:58:00+00:00,2026-07-10,QQQ,725.51,725.59,725.44,725.59,619
2026-07-10 18:59:00+00:00,2026-07-10,QQQ,725.48,725.55,725.46,725.48,1087
2026-07-10 19:00:00+00:00,2026-07-10,QQQ,725.42,725.49,725.39,725.49,1021
2026-07-10 19:01:00+00:00,2026-07-10,QQQ,725.68,725.785,725.68,725.76,548
2026-07-10 19:02:00+00:00,2026-07-10,QQQ,725.76,725.775,725.73,725.775,69
2026-07-10 19:03:00+00:00,2026-07-10,QQQ,725.78,726.39,725.78,726.34,1121
2026-07-10 19:04:00+00:00,2026-07-10,QQQ,726.28,726.335,726.24,726.24,1643
2026-07-10 19:05:00+00:00,2026-07-10,QQQ,726.255,726.255,726.14,726.17,1464
2026-07-10 19:06:00+00:00,2026-07-10,QQQ,726.16,726.16,725.97,726.04,634
2026-07-10 19:07:00+00:00,2026-07-10,QQQ,726.09,726.09,725.96,725.96,274
2026-07-10 19:08:00+00:00,2026-07-10,QQQ,725.98,725.98,725.81,725.81,580
2026-07-10 19:09:00+00:00,2026-07-10,QQQ,725.85,725.85,725.69,725.69,240
2026-07-10 19:10:00+00:00,2026-07-10,QQQ,725.78,725.79,725.71,725.71,238
2026-07-10 19:11:00+00:00,2026-07-10,QQQ,725.71,725.77,725.655,725.67,264
2026-07-10 19:12:00+00:00,2026-07-10,QQQ,725.66,725.87,725.6,725.81,1205
2026-07-10 19:13:00+00:00,2026-07-10,QQQ,725.775,725.82,725.71,725.82,1422
2026-07-10 19:14:00+00:00,2026-07-10,QQQ,726.0,726.01,725.95,725.96,333
2026-07-10 19:15:00+00:00,2026-07-10,QQQ,725.92,725.97,725.78,725.78,427
2026-07-10 19:16:00+00:00,2026-07-10,QQQ,725.905,725.915,725.71,725.71,234
2026-07-10 19:17:00+00:00,2026-07-10,QQQ,725.73,725.77,725.47,725.66,1145
2026-07-10 19:18:00+00:00,2026-07-10,QQQ,725.65,725.71,725.59,725.71,396
2026-07-10 19:19:00+00:00,2026-07-10,QQQ,725.79,725.79,725.75,725.75,1002
2026-07-10 19:20:00+00:00,2026-07-10,QQQ,725.715,725.715,725.54,725.59,1341
2026-07-10 19:21:00+00:00,2026-07-10,QQQ,725.6,725.77,725.53,725.77,269
2026-07-10 19:22:00+00:00,2026-07-10,QQQ,725.765,725.82,725.61,725.63,722
2026-07-10 19:23:00+00:00,2026-07-10,QQQ,725.67,725.72,725.55,725.55,266
2026-07-10 19:24:00+00:00,2026-07-10,QQQ,725.61,725.61,725.57,725.57,84
2026-07-10 19:25:00+00:00,2026-07-10,QQQ,725.48,725.56,725.48,725.52,170
2026-07-10 19:26:00+00:00,2026-07-10,QQQ,725.52,725.63,725.52,725.63,529
2026-07-10 19:27:00+00:00,2026-07-10,QQQ,725.79,725.83,725.68,725.68,76
2026-07-10 19:28:00+00:00,2026-07-10,QQQ,725.695,725.72,725.63,725.68,1322
2026-07-10 19:29:00+00:00,2026-07-10,QQQ,725.7,725.83,725.67,725.76,1263
2026-07-10 19:30:00+00:00,2026-07-10,QQQ,725.68,726.08,725.68,725.97,4656
2026-07-10 19:31:00+00:00,2026-07-10,QQQ,725.91,725.98,725.81,725.81,1324
2026-07-10 19:32:00+00:00,2026-07-10,QQQ,725.74,726.13,725.74,725.87,1059
2026-07-10 19:33:00+00:00,2026-07-10,QQQ,725.85,725.89,725.835,725.85,298
2026-07-10 19:34:00+00:00,2026-07-10,QQQ,725.84,725.84,725.74,725.8,411
2026-07-10 19:35:00+00:00,2026-07-10,QQQ,725.78,725.85,725.74,725.83,359
2026-07-10 19:36:00+00:00,2026-07-10,QQQ,725.885,725.885,725.8,725.8,29
2026-07-10 19:37:00+00:00,2026-07-10,QQQ,725.915,725.99,725.915,725.99,155
2026-07-10 19:38:00+00:00,2026-07-10,QQQ,725.99,726.17,725.98,726.06,1607
2026-07-10 19:39:00+00:00,2026-07-10,QQQ,726.03,726.08,725.93,725.98,1536
2026-07-10 19:40:00+00:00,2026-07-10,QQQ,725.96,726.13,725.96,726.055,1629
2026-07-10 19:41:00+00:00,2026-07-10,QQQ,726.03,726.03,725.92,726.02,1444
2026-07-10 19:42:00+00:00,2026-07-10,QQQ,725.99,726.17,725.95,726.15,545
2026-07-10 19:43:00+00:00,2026-07-10,QQQ,726.14,726.14,725.99,726.02,1612
2026-07-10 19:44:00+00:00,2026-07-10,QQQ,726.02,726.06,725.86,725.86,823
2026-07-10 19:45:00+00:00,2026-07-10,QQQ,725.8,725.9,725.76,725.765,2636
2026-07-10 19:46:00+00:00,2026-07-10,QQQ,725.8,725.9,725.78,725.87,4074
2026-07-10 19:47:00+00:00,2026-07-10,QQQ,725.85,725.85,725.72,725.75,1406
2026-07-10 19:48:00+00:00,2026-07-10,QQQ,725.69,725.8,725.65,725.74,1378
2026-07-10 19:49:00+00:00,2026-07-10,QQQ,725.72,725.8,725.7,725.725,2329
2026-07-10 19:50:00+00:00,2026-07-10,QQQ,725.95,726.095,725.8,725.91,3199
2026-07-10 19:51:00+00:00,2026-07-10,QQQ,725.93,726.05,725.88,725.9,2668
2026-07-10 19:52:00+00:00,2026-07-10,QQQ,725.92,725.94,725.78,725.78,1312
2026-07-10 19:53:00+00:00,2026-07-10,QQQ,725.74,725.85,725.53,725.53,1742
2026-07-10 19:54:00+00:00,2026-07-10,QQQ,725.55,725.71,725.53,725.66,1655
2026-07-10 19:55:00+00:00,2026-07-10,QQQ,725.59,725.875,725.57,725.72,2086
2026-07-10 19:56:00+00:00,2026-07-10,QQQ,725.69,725.7,725.575,725.68,4825
2026-07-10 19:57:00+00:00,2026-07-10,QQQ,725.67,725.67,725.54,725.61,6357
2026-07-10 19:58:00+00:00,2026-07-10,QQQ,725.595,725.62,725.46,725.46,8416
2026-07-10 19:59:00+00:00,2026-07-10,QQQ,725.44,725.71,725.26,725.595,33135
2026-07-10 20:00:00+00:00,2026-07-10,QQQ,725.55,725.8,725.55,725.8,409
2026-07-10 20:01:00+00:00,2026-07-10,QQQ,725.78,725.78,725.78,725.78,120
2026-07-10 20:02:00+00:00,2026-07-10,QQQ,725.87,725.99,725.87,725.99,80
2026-07-10 20:04:00+00:00,2026-07-10,QQQ,725.88,725.88,725.88,725.88,300
2026-07-10 20:06:00+00:00,2026-07-10,QQQ,725.5,725.5,725.49,725.49,300
2026-07-10 20:08:00+00:00,2026-07-10,QQQ,725.55,725.63,725.55,725.61,380
2026-07-10 20:11:00+00:00,2026-07-10,QQQ,725.85,725.85,725.85,725.85,120
2026-07-10 20:14:00+00:00,2026-07-10,QQQ,725.8,725.8,725.78,725.78,579
2026-07-10 20:17:00+00:00,2026-07-10,QQQ,726.0,726.02,726.0,726.02,320
2026-07-10 20:28:00+00:00,2026-07-10,QQQ,725.98,725.98,725.98,725.98,40
2026-07-10 20:45:00+00:00,2026-07-10,QQQ,726.03,726.03,726.03,726.03,300
2026-07-10 20:51:00+00:00,2026-07-10,QQQ,726.1,726.1,726.09,726.09,12
2026-07-10 20:59:00+00:00,2026-07-10,QQQ,726.27,726.27,726.27,726.27,239
2026-07-08 08:06:00+00:00,2026-07-08,SPY,746.36,746.36,746.36,746.36,126
2026-07-08 08:16:00+00:00,2026-07-08,SPY,746.62,746.62,745.13,745.13,452
2026-07-08 08:30:00+00:00,2026-07-08,SPY,741.41,741.41,741.41,741.41,200
2026-07-08 08:31:00+00:00,2026-07-08,SPY,741.71,741.71,741.71,741.71,80
2026-07-08 08:35:00+00:00,2026-07-08,SPY,741.6,741.6,741.6,741.6,1
2026-07-08 08:45:00+00:00,2026-07-08,SPY,741.07,741.07,741.07,741.07,11
2026-07-08 09:10:00+00:00,2026-07-08,SPY,739.8,739.8,739.8,739.8,126
2026-07-08 09:21:00+00:00,2026-07-08,SPY,740.12,740.12,739.91,739.91,332
2026-07-08 09:32:00+00:00,2026-07-08,SPY,740.14,740.14,740.14,740.14,1
2026-07-08 09:37:00+00:00,2026-07-08,SPY,740.49,740.5,740.49,740.5,126
2026-07-08 09:39:00+00:00,2026-07-08,SPY,740.19,740.19,740.18,740.18,115
2026-07-08 10:00:00+00:00,2026-07-08,SPY,740.1,740.1,740.1,740.1,126
2026-07-08 10:11:00+00:00,2026-07-08,SPY,739.52,739.52,739.52,739.52,1596
2026-07-08 10:20:00+00:00,2026-07-08,SPY,740.41,740.42,740.41,740.42,120
2026-07-08 10:22:00+00:00,2026-07-08,SPY,740.2,740.22,740.2,740.22,246
2026-07-08 10:26:00+00:00,2026-07-08,SPY,740.39,740.4,740.39,740.39,146
2026-07-08 10:28:00+00:00,2026-07-08,SPY,740.47,740.47,740.47,740.47,78
2026-07-08 10:42:00+00:00,2026-07-08,SPY,741.2,741.2,741.2,741.2,126
2026-07-08 10:47:00+00:00,2026-07-08,SPY,741.31,741.31,741.31,741.31,40
2026-07-08 10:48:00+00:00,2026-07-08,SPY,741.11,741.11,741.11,741.11,5
2026-07-08 11:04:00+00:00,2026-07-08,SPY,740.92,740.92,740.82,740.83,350
2026-07-08 11:05:00+00:00,2026-07-08,SPY,740.95,740.95,740.95,740.95,126
2026-07-08 11:16:00+00:00,2026-07-08,SPY,740.91,740.91,740.91,740.91,126
2026-07-08 11:19:00+00:00,2026-07-08,SPY,740.99,741.0,740.99,741.0,20
2026-07-08 11:22:00+00:00,2026-07-08,SPY,740.99,740.99,740.99,740.99,100
2026-07-08 11:24:00+00:00,2026-07-08,SPY,740.65,740.67,740.61,740.67,306
2026-07-08 11:25:00+00:00,2026-07-08,SPY,740.72,740.72,740.72,740.72,126
2026-07-08 11:29:00+00:00,2026-07-08,SPY,740.76,740.76,740.76,740.76,126
2026-07-08 11:37:00+00:00,2026-07-08,SPY,741.34,741.34,741.34,741.34,126
2026-07-08 11:43:00+00:00,2026-07-08,SPY,742.74,743.12,742.68,742.83,580
2026-07-08 11:44:00+00:00,2026-07-08,SPY,742.36,742.46,742.36,742.46,200
2026-07-08 11:45:00+00:00,2026-07-08,SPY,742.04,742.04,742.04,742.04,100
2026-07-08 11:47:00+00:00,2026-07-08,SPY,742.28,742.28,742.25,742.27,326
2026-07-08 11:49:00+00:00,2026-07-08,SPY,742.4,742.4,742.25,742.25,326
2026-07-08 11:52:00+00:00,2026-07-08,SPY,742.25,742.25,742.25,742.25,126
2026-07-08 11:56:00+00:00,2026-07-08,SPY,742.83,742.83,742.83,742.83,126
2026-07-08 12:08:00+00:00,2026-07-08,SPY,743.6,743.61,743.6,743.61,126
2026-07-08 12:11:00+00:00,2026-07-08,SPY,743.65,743.65,743.65,743.65,120
2026-07-08 12:13:00+00:00,2026-07-08,SPY,743.39,743.39,743.33,743.33,440
2026-07-08 12:17:00+00:00,2026-07-08,SPY,743.23,743.23,743.2,743.2,289
2026-07-08 12:21:00+00:00,2026-07-08,SPY,743.31,743.32,743.31,743.32,126
2026-07-08 12:27:00+00:00,2026-07-08,SPY,743.26,743.26,743.26,743.26,126
2026-07-08 12:30:00+00:00,2026-07-08,SPY,743.74,743.74,743.52,743.52,340
2026-07-08 12:33:00+00:00,2026-07-08,SPY,743.56,743.57,743.56,743.57,146
2026-07-08 12:39:00+00:00,2026-07-08,SPY,743.6,743.63,743.6,743.63,498
2026-07-08 12:51:00+00:00,2026-07-08,SPY,743.68,743.68,743.68,743.68,50
2026-07-08 12:52:00+00:00,2026-07-08,SPY,743.84,743.89,743.84,743.89,852
2026-07-08 12:54:00+00:00,2026-07-08,SPY,743.75,743.75,743.75,743.75,160
2026-07-08 12:56:00+00:00,2026-07-08,SPY,743.57,743.59,743.4,743.4,632
2026-07-08 12:58:00+00:00,2026-07-08,SPY,743.45,743.45,743.45,743.45,300
2026-07-08 12:59:00+00:00,2026-07-08,SPY,743.06,743.06,743.01,743.01,292
2026-07-08 13:00:00+00:00,2026-07-08,SPY,743.0,743.0,743.0,743.0,3
2026-07-08 13:01:00+00:00,2026-07-08,SPY,743.01,743.09,743.01,743.09,549
2026-07-08 13:02:00+00:00,2026-07-08,SPY,743.31,743.55,743.31,743.55,1320
2026-07-08 13:03:00+00:00,2026-07-08,SPY,743.51,743.54,743.5,743.54,552
2026-07-08 13:06:00+00:00,2026-07-08,SPY,743.07,743.07,743.0,743.0,296
2026-07-08 13:07:00+00:00,2026-07-08,SPY,743.33,743.37,743.33,743.37,680
2026-07-08 13:23:00+00:00,2026-07-08,SPY,743.13,743.13,743.13,743.13,8
2026-07-08 13:25:00+00:00,2026-07-08,SPY,743.02,743.2,743.01,743.2,860
2026-07-08 13:26:00+00:00,2026-07-08,SPY,743.14,743.14,743.13,743.13,380
2026-07-08 13:30:00+00:00,2026-07-08,SPY,743.15,743.87,742.875,743.12,13259
2026-07-08 13:31:00+00:00,2026-07-08,SPY,743.12,743.57,742.74,743.57,3457
2026-07-08 13:32:00+00:00,2026-07-08,SPY,743.73,744.085,743.25,743.67,2289
2026-07-08 13:33:00+00:00,2026-07-08,SPY,743.8,743.875,743.43,743.44,2645
2026-07-08 13:34:00+00:00,2026-07-08,SPY,743.605,743.71,743.41,743.66,3003
2026-07-08 13:35:00+00:00,2026-07-08,SPY,743.68,743.71,743.09,743.22,3456
2026-07-08 13:36:00+00:00,2026-07-08,SPY,743.255,743.855,743.25,743.37,5391
2026-07-08 13:37:00+00:00,2026-07-08,SPY,743.46,743.915,743.195,743.72,6317
2026-07-08 13:38:00+00:00,2026-07-08,SPY,743.58,743.6,743.2,743.24,2035
2026-07-08 13:39:00+00:00,2026-07-08,SPY,743.28,744.11,743.25,743.99,3522
2026-07-08 13:40:00+00:00,2026-07-08,SPY,743.96,744.705,743.85,744.595,4407
2026-07-08 13:41:00+00:00,2026-07-08,SPY,744.5,744.7,744.34,744.43,5407
2026-07-08 13:42:00+00:00,2026-07-08,SPY,744.46,744.46,743.87,743.99,5302
2026-07-08 13:43:00+00:00,2026-07-08,SPY,744.1,744.2,743.9,744.04,5555
2026-07-08 13:44:00+00:00,2026-07-08,SPY,743.99,744.47,743.93,744.36,2333
2026-07-08 13:45:00+00:00,2026-07-08,SPY,744.32,744.555,744.16,744.5,1968
2026-07-08 13:46:00+00:00,2026-07-08,SPY,744.51,744.92,744.44,744.87,2932
2026-07-08 13:47:00+00:00,2026-07-08,SPY,744.79,744.87,744.36,744.47,6240
2026-07-08 13:48:00+00:00,2026-07-08,SPY,744.49,744.645,744.39,744.485,8877
2026-07-08 13:49:00+00:00,2026-07-08,SPY,744.47,744.47,743.55,743.68,6745
2026-07-08 13:50:00+00:00,2026-07-08,SPY,743.64,743.99,743.36,743.73,5351
2026-07-08 13:51:00+00:00,2026-07-08,SPY,743.9,744.43,743.86,743.86,3788
2026-07-08 13:52:00+00:00,2026-07-08,SPY,743.785,744.04,743.58,743.8,1557
2026-07-08 13:53:00+00:00,2026-07-08,SPY,743.74,744.25,743.74,743.79,1903
2026-07-08 13:54:00+00:00,2026-07-08,SPY,743.69,743.92,743.66,743.66,2112
2026-07-08 13:55:00+00:00,2026-07-08,SPY,743.66,743.66,743.22,743.43,8474
2026-07-08 13:56:00+00:00,2026-07-08,SPY,743.44,743.9,743.35,743.895,5431
2026-07-08 13:57:00+00:00,2026-07-08,SPY,743.93,744.22,743.875,744.17,2131
2026-07-08 13:58:00+00:00,2026-07-08,SPY,744.04,744.51,744.01,744.395,3733
2026-07-08 13:59:00+00:00,2026-07-08,SPY,744.42,744.62,743.93,744.08,9555
2026-07-08 14:00:00+00:00,2026-07-08,SPY,744.08,744.29,743.68,744.29,5350
2026-07-08 14:01:00+00:00,2026-07-08,SPY,744.36,744.48,744.05,744.05,3549
2026-07-08 14:02:00+00:00,2026-07-08,SPY,743.91,744.03,743.68,743.79,2755
2026-07-08 14:03:00+00:00,2026-07-08,SPY,743.7,743.91,743.61,743.91,2367
2026-07-08 14:04:00+00:00,2026-07-08,SPY,743.99,744.07,743.735,743.83,5484
2026-07-08 14:05:00+00:00,2026-07-08,SPY,743.815,744.48,743.815,744.48,2741
2026-07-08 14:06:00+00:00,2026-07-08,SPY,744.47,744.585,744.335,744.41,1656
2026-07-08 14:07:00+00:00,2026-07-08,SPY,744.25,744.39,744.18,744.23,3539
2026-07-08 14:08:00+00:00,2026-07-08,SPY,744.21,744.67,744.18,744.49,3056
2026-07-08 14:09:00+00:00,2026-07-08,SPY,744.365,744.49,743.94,744.27,5619
2026-07-08 14:10:00+00:00,2026-07-08,SPY,744.25,744.43,743.69,743.72,2977
2026-07-08 14:11:00+00:00,2026-07-08,SPY,743.69,743.88,743.42,743.43,3483
2026-07-08 14:12:00+00:00,2026-07-08,SPY,743.54,743.54,743.08,743.19,5304
2026-07-08 14:13:00+00:00,2026-07-08,SPY,743.2,743.73,743.15,743.295,4762
2026-07-08 14:14:00+00:00,2026-07-08,SPY,743.325,743.43,743.15,743.24,3244
2026-07-08 14:15:00+00:00,2026-07-08,SPY,743.17,743.26,742.74,742.92,4968
2026-07-08 14:16:00+00:00,2026-07-08,SPY,742.93,743.05,742.68,742.77,5721
2026-07-08 14:17:00+00:00,2026-07-08,SPY,742.78,743.41,742.69,743.33,3857
2026-07-08 14:18:00+00:00,2026-07-08,SPY,743.45,743.58,742.99,743.075,3177
2026-07-08 14:19:00+00:00,2026-07-08,SPY,743.07,743.28,742.81,743.195,3003
2026-07-08 14:20:00+00:00,2026-07-08,SPY,743.115,743.81,742.99,743.55,3190
2026-07-08 14:21:00+00:00,2026-07-08,SPY,743.46,744.52,743.46,744.4,2999
2026-07-08 14:22:00+00:00,2026-07-08,SPY,744.39,744.49,744.01,744.35,4188
2026-07-08 14:23:00+00:00,2026-07-08,SPY,744.3,744.47,744.04,744.04,4308
2026-07-08 14:24:00+00:00,2026-07-08,SPY,744.01,744.08,743.56,743.8,3265
2026-07-08 14:25:00+00:00,2026-07-08,SPY,743.84,744.25,743.84,744.21,3603
2026-07-08 14:26:00+00:00,2026-07-08,SPY,744.375,744.42,743.695,743.695,4106
2026-07-08 14:27:00+00:00,2026-07-08,SPY,743.6,743.82,742.77,743.82,5393
2026-07-08 14:28:00+00:00,2026-07-08,SPY,743.71,743.71,743.205,743.23,1382
2026-07-08 14:29:00+00:00,2026-07-08,SPY,743.24,743.49,743.15,743.15,2028
2026-07-08 14:30:00+00:00,2026-07-08,SPY,743.08,743.4,743.01,743.29,2499
2026-07-08 14:31:00+00:00,2026-07-08,SPY,743.13,743.26,742.9,743.26,4569
2026-07-08 14:32:00+00:00,2026-07-08,SPY,743.15,743.265,743.02,743.04,1302
2026-07-08 14:33:00+00:00,2026-07-08,SPY,743.19,743.34,742.74,743.34,4318
2026-07-08 14:34:00+00:00,2026-07-08,SPY,743.3,743.675,743.2,743.32,8102
2026-07-08 14:35:00+00:00,2026-07-08,SPY,743.24,743.27,742.6,742.61,5806
2026-07-08 14:36:00+00:00,2026-07-08,SPY,742.61,742.8,742.41,742.49,3826
2026-07-08 14:37:00+00:00,2026-07-08,SPY,742.445,743.08,742.3,742.7,4500
2026-07-08 14:38:00+00:00,2026-07-08,SPY,742.7,742.81,742.32,742.47,2127
2026-07-08 14:39:00+00:00,2026-07-08,SPY,742.48,742.53,742.26,742.32,3842
2026-07-08 14:40:00+00:00,2026-07-08,SPY,742.23,742.57,742.16,742.5,4870
2026-07-08 14:41:00+00:00,2026-07-08,SPY,742.51,742.7,742.31,742.7,2794
2026-07-08 14:42:00+00:00,2026-07-08,SPY,742.59,742.62,742.31,742.325,3671
2026-07-08 14:43:00+00:00,2026-07-08,SPY,742.3,742.3,741.95,742.255,4763
2026-07-08 14:44:00+00:00,2026-07-08,SPY,742.24,742.59,742.16,742.435,2989
2026-07-08 14:45:00+00:00,2026-07-08,SPY,742.32,742.32,741.86,742.05,5364
2026-07-08 14:46:00+00:00,2026-07-08,SPY,742.04,742.24,741.8,741.85,2970
2026-07-08 14:47:00+00:00,2026-07-08,SPY,741.74,741.91,741.63,741.675,4841
2026-07-08 14:48:00+00:00,2026-07-08,SPY,741.67,741.93,741.62,741.69,3691
2026-07-08 14:49:00+00:00,2026-07-08,SPY,741.745,741.745,741.29,741.29,3534
2026-07-08 14:50:00+00:00,2026-07-08,SPY,741.31,741.55,740.98,741.205,7571
2026-07-08 14:51:00+00:00,2026-07-08,SPY,741.2,741.63,741.19,741.63,4061
2026-07-08 14:52:00+00:00,2026-07-08,SPY,741.6,742.09,741.51,742.09,6368
2026-07-08 14:53:00+00:00,2026-07-08,SPY,742.03,742.83,741.75,742.31,10338
2026-07-08 14:54:00+00:00,2026-07-08,SPY,742.39,742.41,742.03,742.15,5090
2026-07-08 14:55:00+00:00,2026-07-08,SPY,742.115,742.43,741.9,742.36,4433
2026-07-08 14:56:00+00:00,2026-07-08,SPY,742.32,742.69,742.22,742.22,4505
2026-07-08 14:57:00+00:00,2026-07-08,SPY,742.25,742.25,741.78,742.01,1124
2026-07-08 14:58:00+00:00,2026-07-08,SPY,742.02,742.02,741.62,741.7,2990
2026-07-08 14:59:00+00:00,2026-07-08,SPY,741.725,741.86,741.575,741.85,2464
2026-07-08 15:00:00+00:00,2026-07-08,SPY,741.92,742.005,741.55,741.84,2256
2026-07-08 15:01:00+00:00,2026-07-08,SPY,741.88,741.88,741.53,741.555,4829
2026-07-08 15:02:00+00:00,2026-07-08,SPY,741.58,741.75,741.45,741.75,2507
2026-07-08 15:03:00+00:00,2026-07-08,SPY,741.68,741.8,741.46,741.71,1810
2026-07-08 15:04:00+00:00,2026-07-08,SPY,741.675,741.77,741.49,741.54,2748
2026-07-08 15:05:00+00:00,2026-07-08,SPY,741.5,741.89,741.48,741.89,3420
2026-07-08 15:06:00+00:00,2026-07-08,SPY,741.83,741.88,741.45,741.465,4832
2026-07-08 15:07:00+00:00,2026-07-08,SPY,741.46,741.59,741.395,741.58,2591
2026-07-08 15:08:00+00:00,2026-07-08,SPY,741.59,741.83,741.53,741.71,2079
2026-07-08 15:09:00+00:00,2026-07-08,SPY,741.68,741.7,741.48,741.495,5720
2026-07-08 15:10:00+00:00,2026-07-08,SPY,741.505,741.73,741.37,741.73,3111
2026-07-08 15:11:00+00:00,2026-07-08,SPY,741.695,741.82,741.61,741.66,1574
2026-07-08 15:12:00+00:00,2026-07-08,SPY,741.65,741.77,741.26,741.74,1339
2026-07-08 15:13:00+00:00,2026-07-08,SPY,741.78,741.78,741.35,741.405,732
2026-07-08 15:14:00+00:00,2026-07-08,SPY,741.31,741.32,740.98,741.135,4773
2026-07-08 15:15:00+00:00,2026-07-08,SPY,741.27,741.35,741.01,741.08,3342
2026-07-08 15:16:00+00:00,2026-07-08,SPY,740.99,740.99,740.55,740.6,5732
2026-07-08 15:17:00+00:00,2026-07-08,SPY,740.57,740.67,740.38,740.55,3117
2026-07-08 15:18:00+00:00,2026-07-08,SPY,740.53,740.985,740.53,740.985,4163
2026-07-08 15:19:00+00:00,2026-07-08,SPY,740.99,741.5,740.94,741.31,6935
2026-07-08 15:20:00+00:00,2026-07-08,SPY,741.3,741.54,741.04,741.33,5650
2026-07-08 15:21:00+00:00,2026-07-08,SPY,741.31,741.31,741.02,741.08,2544
2026-07-08 15:22:00+00:00,2026-07-08,SPY,741.06,741.06,740.585,740.66,4255
2026-07-08 15:23:00+00:00,2026-07-08,SPY,740.65,740.69,740.27,740.29,3847
2026-07-08 15:24:00+00:00,2026-07-08,SPY,740.28,740.38,740.05,740.155,6945
2026-07-08 15:25:00+00:00,2026-07-08,SPY,740.1,740.3,739.875,739.91,5378
2026-07-08 15:26:00+00:00,2026-07-08,SPY,739.91,740.02,739.55,739.805,4937
2026-07-08 15:27:00+00:00,2026-07-08,SPY,739.79,739.92,739.7,739.73,2950
2026-07-08 15:28:00+00:00,2026-07-08,SPY,739.685,740.07,739.685,739.87,4851
2026-07-08 15:29:00+00:00,2026-07-08,SPY,739.94,740.13,739.94,740.01,5610
2026-07-08 15:30:00+00:00,2026-07-08,SPY,739.99,740.15,739.54,739.82,7638
2026-07-08 15:31:00+00:00,2026-07-08,SPY,739.8,739.87,739.65,739.87,2903
2026-07-08 15:32:00+00:00,2026-07-08,SPY,739.94,740.37,739.89,740.27,4982
2026-07-08 15:33:00+00:00,2026-07-08,SPY,740.27,740.72,740.27,740.47,5502
2026-07-08 15:34:00+00:00,2026-07-08,SPY,740.43,740.71,740.39,740.66,2473
2026-07-08 15:35:00+00:00,2026-07-08,SPY,740.67,740.94,740.41,740.89,7880
2026-07-08 15:36:00+00:00,2026-07-08,SPY,740.885,741.03,740.61,741.01,3667
2026-07-08 15:37:00+00:00,2026-07-08,SPY,741.08,741.28,741.03,741.08,3291
2026-07-08 15:38:00+00:00,2026-07-08,SPY,741.09,741.09,740.69,740.99,1814
2026-07-08 15:39:00+00:00,2026-07-08,SPY,740.92,740.96,740.55,740.59,4985
2026-07-08 15:40:00+00:00,2026-07-08,SPY,740.62,741.09,740.62,741.09,4254
2026-07-08 15:41:00+00:00,2026-07-08,SPY,741.045,741.19,740.91,741.025,3530
2026-07-08 15:42:00+00:00,2026-07-08,SPY,741.03,741.03,740.59,740.61,1047
2026-07-08 15:43:00+00:00,2026-07-08,SPY,740.655,740.85,740.62,740.69,883
2026-07-08 15:44:00+00:00,2026-07-08,SPY,740.72,740.79,740.62,740.72,1272
2026-07-08 15:45:00+00:00,2026-07-08,SPY,740.72,740.75,740.34,740.75,3791
2026-07-08 15:46:00+00:00,2026-07-08,SPY,740.71,740.98,740.61,740.61,3843
2026-07-08 15:47:00+00:00,2026-07-08,SPY,740.605,740.64,740.41,740.64,1041
2026-07-08 15:48:00+00:00,2026-07-08,SPY,740.68,740.705,740.475,740.53,2385
2026-07-08 15:49:00+00:00,2026-07-08,SPY,740.51,740.54,740.4,740.54,2737
2026-07-08 15:50:00+00:00,2026-07-08,SPY,740.495,740.59,740.26,740.3,1722
2026-07-08 15:51:00+00:00,2026-07-08,SPY,740.38,740.4,740.08,740.16,5643
2026-07-08 15:52:00+00:00,2026-07-08,SPY,740.23,740.325,740.135,740.135,1492
2026-07-08 15:53:00+00:00,2026-07-08,SPY,740.09,740.36,740.03,740.35,4176
2026-07-08 15:54:00+00:00,2026-07-08,SPY,740.335,740.48,740.16,740.48,8393
2026-07-08 15:55:00+00:00,2026-07-08,SPY,740.47,740.695,740.47,740.53,3100
2026-07-08 15:56:00+00:00,2026-07-08,SPY,740.52,740.58,740.19,740.27,3291
2026-07-08 15:57:00+00:00,2026-07-08,SPY,740.225,740.47,740.195,740.47,2335
2026-07-08 15:58:00+00:00,2026-07-08,SPY,740.47,740.62,740.355,740.62,1618
2026-07-08 15:59:00+00:00,2026-07-08,SPY,740.53,740.8,740.53,740.68,2701
2026-07-08 16:00:00+00:00,2026-07-08,SPY,740.76,741.25,740.63,741.095,3238
2026-07-08 16:01:00+00:00,2026-07-08,SPY,741.105,741.18,741.01,741.05,4159
2026-07-08 16:02:00+00:00,2026-07-08,SPY,741.055,741.14,740.91,740.97,5162
2026-07-08 16:03:00+00:00,2026-07-08,SPY,740.965,741.21,740.83,741.075,4082
2026-07-08 16:04:00+00:00,2026-07-08,SPY,741.07,741.26,740.94,741.25,2536
2026-07-08 16:05:00+00:00,2026-07-08,SPY,741.25,741.68,741.25,741.45,2833
2026-07-08 16:06:00+00:00,2026-07-08,SPY,741.495,741.61,741.41,741.49,5898
2026-07-08 16:07:00+00:00,2026-07-08,SPY,741.505,741.54,741.35,741.45,2073
2026-07-08 16:08:00+00:00,2026-07-08,SPY,741.45,741.45,741.1,741.36,4236
2026-07-08 16:09:00+00:00,2026-07-08,SPY,741.39,741.72,741.26,741.655,2830
2026-07-08 16:10:00+00:00,2026-07-08,SPY,741.69,742.04,741.69,741.98,5078
2026-07-08 16:11:00+00:00,2026-07-08,SPY,742.0,742.26,741.91,742.06,2613
2026-07-08 16:12:00+00:00,2026-07-08,SPY,742.06,742.22,742.04,742.2,2471
2026-07-08 16:13:00+00:00,2026-07-08,SPY,742.18,742.3,742.1,742.215,3552
2026-07-08 16:14:00+00:00,2026-07-08,SPY,742.2,742.33,742.18,742.26,3800
2026-07-08 16:15:00+00:00,2026-07-08,SPY,742.36,742.36,742.05,742.07,4339
2026-07-08 16:16:00+00:00,2026-07-08,SPY,742.015,742.29,741.98,742.24,3651
2026-07-08 16:17:00+00:00,2026-07-08,SPY,742.24,742.59,742.24,742.58,4416
2026-07-08 16:18:00+00:00,2026-07-08,SPY,742.59,742.62,742.46,742.51,3036
2026-07-08 16:19:00+00:00,2026-07-08,SPY,742.5,742.59,742.38,742.58,1783
2026-07-08 16:20:00+00:00,2026-07-08,SPY,742.56,742.93,742.56,742.9,2772
2026-07-08 16:21:00+00:00,2026-07-08,SPY,742.915,743.2,742.81,743.04,2150
2026-07-08 16:22:00+00:00,2026-07-08,SPY,743.08,743.21,742.88,742.94,2769
2026-07-08 16:23:00+00:00,2026-07-08,SPY,742.98,743.2,742.96,743.1,2531
2026-07-08 16:24:00+00:00,2026-07-08,SPY,743.085,743.085,742.6,742.73,5808
2026-07-08 16:25:00+00:00,2026-07-08,SPY,742.745,742.92,742.67,742.87,1885
2026-07-08 16:26:00+00:00,2026-07-08,SPY,742.87,743.08,742.85,742.98,6316
2026-07-08 16:27:00+00:00,2026-07-08,SPY,742.95,743.43,742.94,743.16,3906
2026-07-08 16:28:00+00:00,2026-07-08,SPY,743.095,743.36,743.095,743.22,1309
2026-07-08 16:29:00+00:00,2026-07-08,SPY,743.21,743.21,743.09,743.13,1273
2026-07-08 16:30:00+00:00,2026-07-08,SPY,743.12,743.52,743.05,743.515,2438
2026-07-08 16:31:00+00:00,2026-07-08,SPY,743.655,743.77,743.505,743.505,1952
2026-07-08 16:32:00+00:00,2026-07-08,SPY,743.365,743.475,743.27,743.41,1774
2026-07-08 16:33:00+00:00,2026-07-08,SPY,743.37,743.5,743.36,743.4,3123
2026-07-08 16:34:00+00:00,2026-07-08,SPY,743.435,743.45,742.995,742.995,3709
2026-07-08 16:35:00+00:00,2026-07-08,SPY,742.985,743.52,742.92,742.95,7358
2026-07-08 16:36:00+00:00,2026-07-08,SPY,742.94,742.945,742.73,742.81,2505
2026-07-08 16:37:00+00:00,2026-07-08,SPY,742.755,742.77,742.49,742.6,2891
2026-07-08 16:38:00+00:00,2026-07-08,SPY,742.58,742.64,742.49,742.51,1584
2026-07-08 16:39:00+00:00,2026-07-08,SPY,742.57,743.29,742.5,743.24,4605
2026-07-08 16:40:00+00:00,2026-07-08,SPY,743.18,744.19,742.92,744.03,6153
2026-07-08 16:41:00+00:00,2026-07-08,SPY,743.97,744.13,743.58,743.755,2181
2026-07-08 16:42:00+00:00,2026-07-08,SPY,743.775,743.9,743.72,743.87,1093
2026-07-08 16:43:00+00:00,2026-07-08,SPY,743.66,744.02,743.66,743.945,1887
2026-07-08 16:44:00+00:00,2026-07-08,SPY,743.87,744.01,743.81,743.95,1366
2026-07-08 16:45:00+00:00,2026-07-08,SPY,743.94,743.94,743.58,743.755,1704
2026-07-08 16:46:00+00:00,2026-07-08,SPY,743.75,744.08,743.745,744.08,1307
2026-07-08 16:47:00+00:00,2026-07-08,SPY,744.01,744.04,743.91,743.97,656
2026-07-08 16:48:00+00:00,2026-07-08,SPY,743.96,744.09,743.93,743.97,1479
2026-07-08 16:49:00+00:00,2026-07-08,SPY,744.0,744.28,744.0,744.27,2866
2026-07-08 16:50:00+00:00,2026-07-08,SPY,744.28,744.42,744.2,744.305,1720
2026-07-08 16:51:00+00:00,2026-07-08,SPY,744.315,744.42,744.12,744.42,2762
2026-07-08 16:52:00+00:00,2026-07-08,SPY,744.4,744.55,744.4,744.545,2252
2026-07-08 16:53:00+00:00,2026-07-08,SPY,744.605,744.605,744.26,744.545,5447
2026-07-08 16:54:00+00:00,2026-07-08,SPY,744.54,744.55,744.34,744.4,1746
2026-07-08 16:55:00+00:00,2026-07-08,SPY,744.4,744.63,744.24,744.45,2437
2026-07-08 16:56:00+00:00,2026-07-08,SPY,744.505,744.57,744.39,744.51,2985
2026-07-08 16:57:00+00:00,2026-07-08,SPY,744.52,744.61,744.46,744.6,2185
2026-07-08 16:58:00+00:00,2026-07-08,SPY,744.605,744.66,744.56,744.64,1080
2026-07-08 16:59:00+00:00,2026-07-08,SPY,744.71,744.74,744.635,744.68,1974
2026-07-08 17:00:00+00:00,2026-07-08,SPY,744.67,744.67,744.25,744.375,5845
2026-07-08 17:01:00+00:00,2026-07-08,SPY,744.36,744.41,744.22,744.32,1507
2026-07-08 17:02:00+00:00,2026-07-08,SPY,744.33,744.53,744.19,744.25,1119
2026-07-08 17:03:00+00:00,2026-07-08,SPY,744.27,744.4,744.12,744.19,2628
2026-07-08 17:04:00+00:00,2026-07-08,SPY,744.21,744.37,744.19,744.31,2106
2026-07-08 17:05:00+00:00,2026-07-08,SPY,744.27,744.315,744.17,744.24,1252
2026-07-08 17:06:00+00:00,2026-07-08,SPY,744.3,744.71,744.205,744.66,2508
2026-07-08 17:07:00+00:00,2026-07-08,SPY,744.66,744.71,744.51,744.66,2483
2026-07-08 17:08:00+00:00,2026-07-08,SPY,744.69,744.745,744.43,744.48,1691
2026-07-08 17:09:00+00:00,2026-07-08,SPY,744.48,744.48,744.27,744.28,1191
2026-07-08 17:10:00+00:00,2026-07-08,SPY,744.26,744.37,744.22,744.265,1037
2026-07-08 17:11:00+00:00,2026-07-08,SPY,744.17,744.25,744.01,744.235,2264
2026-07-08 17:12:00+00:00,2026-07-08,SPY,744.36,744.48,744.24,744.45,1915
2026-07-08 17:13:00+00:00,2026-07-08,SPY,744.39,744.62,744.39,744.57,1106
2026-07-08 17:14:00+00:00,2026-07-08,SPY,744.6,744.625,744.33,744.34,1909
2026-07-08 17:15:00+00:00,2026-07-08,SPY,744.29,744.54,744.29,744.485,2890
2026-07-08 17:16:00+00:00,2026-07-08,SPY,744.49,744.62,744.47,744.52,2068
2026-07-08 17:17:00+00:00,2026-07-08,SPY,744.51,744.55,744.395,744.5,1136
2026-07-08 17:18:00+00:00,2026-07-08,SPY,744.475,744.53,744.44,744.48,986
2026-07-08 17:19:00+00:00,2026-07-08,SPY,744.48,744.95,744.43,744.91,1608
2026-07-08 17:20:00+00:00,2026-07-08,SPY,744.99,745.15,744.88,745.015,2014
2026-07-08 17:21:00+00:00,2026-07-08,SPY,745.025,745.28,745.025,745.21,1540
2026-07-08 17:22:00+00:00,2026-07-08,SPY,745.2,745.29,745.15,745.18,1571
2026-07-08 17:23:00+00:00,2026-07-08,SPY,745.22,745.34,745.19,745.34,1116
2026-07-08 17:24:00+00:00,2026-07-08,SPY,745.3,745.45,745.29,745.43,2056
2026-07-08 17:25:00+00:00,2026-07-08,SPY,745.47,745.67,745.42,745.45,2061
2026-07-08 17:26:00+00:00,2026-07-08,SPY,745.47,745.5,745.26,745.5,2725
2026-07-08 17:27:00+00:00,2026-07-08,SPY,745.48,745.48,745.32,745.39,4434
2026-07-08 17:28:00+00:00,2026-07-08,SPY,745.39,745.61,745.39,745.61,1615
2026-07-08 17:29:00+00:00,2026-07-08,SPY,745.68,745.77,745.64,745.7,2486
2026-07-08 17:30:00+00:00,2026-07-08,SPY,745.73,745.93,745.65,745.9,4490
2026-07-08 17:31:00+00:00,2026-07-08,SPY,745.9,746.09,745.76,745.82,5216
2026-07-08 17:32:00+00:00,2026-07-08,SPY,745.78,745.91,745.71,745.71,2226
2026-07-08 17:33:00+00:00,2026-07-08,SPY,745.85,745.85,745.63,745.63,1195
2026-07-08 17:34:00+00:00,2026-07-08,SPY,745.63,745.75,745.56,745.56,4956
2026-07-08 17:35:00+00:00,2026-07-08,SPY,745.565,745.69,745.46,745.58,6204
2026-07-08 17:36:00+00:00,2026-07-08,SPY,745.67,745.69,745.53,745.56,824
2026-07-08 17:37:00+00:00,2026-07-08,SPY,745.61,745.61,745.44,745.46,1497
2026-07-08 17:38:00+00:00,2026-07-08,SPY,745.455,745.52,745.32,745.34,2661
2026-07-08 17:39:00+00:00,2026-07-08,SPY,745.31,745.39,745.27,745.27,1241
2026-07-08 17:40:00+00:00,2026-07-08,SPY,745.24,745.27,745.14,745.16,1314
2026-07-08 17:41:00+00:00,2026-07-08,SPY,745.15,745.23,744.94,744.94,1886
2026-07-08 17:42:00+00:00,2026-07-08,SPY,744.94,745.19,744.86,745.18,6776
2026-07-08 17:43:00+00:00,2026-07-08,SPY,745.145,745.17,744.89,744.915,3199
2026-07-08 17:44:00+00:00,2026-07-08,SPY,744.96,745.015,744.86,745.0,4118
2026-07-08 17:45:00+00:00,2026-07-08,SPY,744.93,744.96,744.5,744.67,3277
2026-07-08 17:46:00+00:00,2026-07-08,SPY,744.65,744.78,744.52,744.75,2541
2026-07-08 17:47:00+00:00,2026-07-08,SPY,744.76,744.76,744.59,744.59,2675
2026-07-08 17:48:00+00:00,2026-07-08,SPY,744.53,744.53,744.32,744.35,3226
2026-07-08 17:49:00+00:00,2026-07-08,SPY,744.36,744.475,744.29,744.34,2065
2026-07-08 17:50:00+00:00,2026-07-08,SPY,744.37,744.76,744.25,744.76,2870
2026-07-08 17:51:00+00:00,2026-07-08,SPY,744.66,744.68,744.5,744.66,1434
2026-07-08 17:52:00+00:00,2026-07-08,SPY,744.67,744.87,744.67,744.84,1211
2026-07-08 17:53:00+00:00,2026-07-08,SPY,744.84,744.84,744.55,744.55,1184
2026-07-08 17:54:00+00:00,2026-07-08,SPY,744.54,744.54,744.45,744.48,940
2026-07-08 17:55:00+00:00,2026-07-08,SPY,744.4,744.4,744.05,744.165,4027
2026-07-08 17:56:00+00:00,2026-07-08,SPY,744.195,744.195,743.95,744.09,2418
2026-07-08 17:57:00+00:00,2026-07-08,SPY,744.05,744.1,743.97,744.02,2661
2026-07-08 17:58:00+00:00,2026-07-08,SPY,744.06,744.38,744.06,744.27,1488
2026-07-08 17:59:00+00:00,2026-07-08,SPY,744.245,744.44,744.24,744.39,2466
2026-07-08 18:00:00+00:00,2026-07-08,SPY,744.365,744.86,744.0,744.73,5929
2026-07-08 18:01:00+00:00,2026-07-08,SPY,744.7,745.26,744.615,745.085,4620
2026-07-08 18:02:00+00:00,2026-07-08,SPY,745.08,745.32,744.88,744.88,927
2026-07-08 18:03:00+00:00,2026-07-08,SPY,744.96,745.35,744.96,745.23,548
2026-07-08 18:04:00+00:00,2026-07-08,SPY,745.21,745.44,745.185,745.29,1853
2026-07-08 18:05:00+00:00,2026-07-08,SPY,745.35,745.37,744.96,745.15,2746
2026-07-08 18:06:00+00:00,2026-07-08,SPY,745.14,745.14,744.92,745.06,2472
2026-07-08 18:07:00+00:00,2026-07-08,SPY,745.03,745.16,744.97,745.02,1092
2026-07-08 18:08:00+00:00,2026-07-08,SPY,745.07,745.19,744.97,745.19,1597
2026-07-08 18:09:00+00:00,2026-07-08,SPY,745.23,745.27,745.13,745.23,1749
2026-07-08 18:10:00+00:00,2026-07-08,SPY,745.21,745.3,744.935,745.275,3904
2026-07-08 18:11:00+00:00,2026-07-08,SPY,745.23,745.38,745.19,745.38,2170
2026-07-08 18:12:00+00:00,2026-07-08,SPY,745.35,745.39,745.25,745.31,1934
2026-07-08 18:13:00+00:00,2026-07-08,SPY,745.22,745.37,745.12,745.32,1558
2026-07-08 18:14:00+00:00,2026-07-08,SPY,745.38,745.49,745.28,745.28,2075
2026-07-08 18:15:00+00:00,2026-07-08,SPY,745.33,745.39,745.23,745.335,1549
2026-07-08 18:16:00+00:00,2026-07-08,SPY,745.25,745.25,744.89,744.91,2341
2026-07-08 18:17:00+00:00,2026-07-08,SPY,744.93,745.0,744.82,744.92,1790
2026-07-08 18:18:00+00:00,2026-07-08,SPY,744.88,745.06,744.79,744.88,1249
2026-07-08 18:19:00+00:00,2026-07-08,SPY,744.92,745.15,744.865,745.15,339
2026-07-08 18:20:00+00:00,2026-07-08,SPY,745.12,745.12,744.92,744.945,1016
2026-07-08 18:21:00+00:00,2026-07-08,SPY,744.92,745.02,744.92,745.02,456
2026-07-08 18:22:00+00:00,2026-07-08,SPY,745.1,745.31,745.1,745.25,1182
2026-07-08 18:23:00+00:00,2026-07-08,SPY,745.22,745.22,745.07,745.07,1032
2026-07-08 18:24:00+00:00,2026-07-08,SPY,745.02,745.17,744.92,744.92,1826
2026-07-08 18:25:00+00:00,2026-07-08,SPY,744.89,745.075,744.82,744.99,1397
2026-07-08 18:26:00+00:00,2026-07-08,SPY,745.0,745.1,744.97,745.04,2145
2026-07-08 18:27:00+00:00,2026-07-08,SPY,745.04,745.23,745.02,745.06,1743
2026-07-08 18:28:00+00:00,2026-07-08,SPY,745.075,745.21,744.85,744.86,4212
2026-07-08 18:29:00+00:00,2026-07-08,SPY,744.87,744.895,744.7,744.72,1052
2026-07-08 18:30:00+00:00,2026-07-08,SPY,744.68,744.75,744.46,744.49,3223
2026-07-08 18:31:00+00:00,2026-07-08,SPY,744.37,744.53,744.3,744.52,3928
2026-07-08 18:32:00+00:00,2026-07-08,SPY,744.52,744.765,744.435,744.465,1989
2026-07-08 18:33:00+00:00,2026-07-08,SPY,744.43,744.48,744.29,744.4,1887
2026-07-08 18:34:00+00:00,2026-07-08,SPY,744.38,744.48,744.345,744.435,1433
2026-07-08 18:35:00+00:00,2026-07-08,SPY,744.51,744.55,744.33,744.47,2848
2026-07-08 18:36:00+00:00,2026-07-08,SPY,744.5,744.865,744.44,744.77,2655
2026-07-08 18:37:00+00:00,2026-07-08,SPY,744.85,745.105,744.8,745.03,3567
2026-07-08 18:38:00+00:00,2026-07-08,SPY,745.05,745.21,745.02,745.11,1100
2026-07-08 18:39:00+00:00,2026-07-08,SPY,745.24,745.24,745.15,745.19,2770
2026-07-08 18:40:00+00:00,2026-07-08,SPY,745.17,745.21,744.94,745.03,2600
2026-07-08 18:41:00+00:00,2026-07-08,SPY,744.99,745.075,744.69,744.74,1414
2026-07-08 18:42:00+00:00,2026-07-08,SPY,744.72,744.84,744.595,744.635,2855
2026-07-08 18:43:00+00:00,2026-07-08,SPY,744.66,744.91,744.635,744.9,2358
2026-07-08 18:44:00+00:00,2026-07-08,SPY,744.92,745.1,744.92,745.04,1444
2026-07-08 18:45:00+00:00,2026-07-08,SPY,745.01,745.135,744.92,745.0,2766
2026-07-08 18:46:00+00:00,2026-07-08,SPY,744.99,745.07,744.94,745.07,3344
2026-07-08 18:47:00+00:00,2026-07-08,SPY,745.08,745.09,744.85,744.92,2396
2026-07-08 18:48:00+00:00,2026-07-08,SPY,744.925,745.11,744.8,745.08,1219
2026-07-08 18:49:00+00:00,2026-07-08,SPY,745.12,745.305,745.115,745.27,868
2026-07-08 18:50:00+00:00,2026-07-08,SPY,745.25,745.3,745.06,745.29,6431
2026-07-08 18:51:00+00:00,2026-07-08,SPY,745.24,745.335,745.14,745.335,1417
2026-07-08 18:52:00+00:00,2026-07-08,SPY,745.36,745.5,745.21,745.27,1907
2026-07-08 18:53:00+00:00,2026-07-08,SPY,745.265,745.375,745.03,745.03,2508
2026-07-08 18:54:00+00:00,2026-07-08,SPY,745.065,745.22,745.065,745.14,1050
2026-07-08 18:55:00+00:00,2026-07-08,SPY,745.13,745.15,744.97,745.0,2486
2026-07-08 18:56:00+00:00,2026-07-08,SPY,744.98,745.07,744.83,744.87,1837
2026-07-08 18:57:00+00:00,2026-07-08,SPY,744.945,745.06,744.92,745.06,704
2026-07-08 18:58:00+00:00,2026-07-08,SPY,745.03,745.08,744.96,745.07,768
2026-07-08 18:59:00+00:00,2026-07-08,SPY,745.04,745.33,745.0,745.33,2309
2026-07-08 19:00:00+00:00,2026-07-08,SPY,745.36,745.72,745.25,745.665,1762
2026-07-08 19:01:00+00:00,2026-07-08,SPY,745.55,745.61,745.31,745.33,2488
2026-07-08 19:02:00+00:00,2026-07-08,SPY,745.37,745.37,745.155,745.17,1549
2026-07-08 19:03:00+00:00,2026-07-08,SPY,745.125,745.23,745.07,745.17,2301
2026-07-08 19:04:00+00:00,2026-07-08,SPY,745.17,745.26,745.15,745.25,947
2026-07-08 19:05:00+00:00,2026-07-08,SPY,745.21,745.4,745.14,745.26,2326
2026-07-08 19:06:00+00:00,2026-07-08,SPY,745.03,745.215,744.99,745.17,1374
2026-07-08 19:07:00+00:00,2026-07-08,SPY,745.225,745.39,745.22,745.26,4592
2026-07-08 19:08:00+00:00,2026-07-08,SPY,745.225,745.31,745.15,745.31,2564
2026-07-08 19:09:00+00:00,2026-07-08,SPY,745.24,745.37,745.21,745.31,862
2026-07-08 19:10:00+00:00,2026-07-08,SPY,745.32,745.32,745.12,745.22,1480
2026-07-08 19:11:00+00:00,2026-07-08,SPY,745.17,745.21,744.95,744.97,2286
2026-07-08 19:12:00+00:00,2026-07-08,SPY,744.96,745.0,744.82,744.96,1087
2026-07-08 19:13:00+00:00,2026-07-08,SPY,744.94,744.995,744.86,744.93,1114
2026-07-08 19:14:00+00:00,2026-07-08,SPY,744.82,744.965,744.82,744.9,1604
2026-07-08 19:15:00+00:00,2026-07-08,SPY,744.88,744.95,744.815,744.815,1105
2026-07-08 19:16:00+00:00,2026-07-08,SPY,744.85,744.89,744.75,744.81,1710
2026-07-08 19:17:00+00:00,2026-07-08,SPY,744.8,744.91,744.695,744.91,4723
2026-07-08 19:18:00+00:00,2026-07-08,SPY,744.91,745.13,744.91,744.995,2417
2026-07-08 19:19:00+00:00,2026-07-08,SPY,745.02,745.025,744.835,744.88,841
2026-07-08 19:20:00+00:00,2026-07-08,SPY,744.85,745.0,744.82,744.995,1895
2026-07-08 19:21:00+00:00,2026-07-08,SPY,745.015,745.26,744.97,745.15,5842
2026-07-08 19:22:00+00:00,2026-07-08,SPY,745.145,745.155,745.06,745.065,698
2026-07-08 19:23:00+00:00,2026-07-08,SPY,744.97,745.02,744.91,744.96,3468
2026-07-08 19:24:00+00:00,2026-07-08,SPY,745.005,745.01,744.945,745.0,1803
2026-07-08 19:25:00+00:00,2026-07-08,SPY,745.07,745.1,745.02,745.085,1096
2026-07-08 19:26:00+00:00,2026-07-08,SPY,745.1,745.13,744.96,745.06,3367
2026-07-08 19:27:00+00:00,2026-07-08,SPY,745.07,745.15,745.02,745.15,742
2026-07-08 19:28:00+00:00,2026-07-08,SPY,745.06,745.13,744.94,744.98,1491
2026-07-08 19:29:00+00:00,2026-07-08,SPY,745.01,745.34,744.995,745.2,1606
2026-07-08 19:30:00+00:00,2026-07-08,SPY,745.2,745.305,745.01,745.025,2245
2026-07-08 19:31:00+00:00,2026-07-08,SPY,745.055,745.115,744.87,745.1,2501
2026-07-08 19:32:00+00:00,2026-07-08,SPY,745.1,745.12,744.95,744.99,1499
2026-07-08 19:33:00+00:00,2026-07-08,SPY,745.02,745.02,744.85,744.85,916
2026-07-08 19:34:00+00:00,2026-07-08,SPY,744.88,744.97,744.86,744.9,1660
2026-07-08 19:35:00+00:00,2026-07-08,SPY,744.84,744.985,744.84,744.945,1850
2026-07-08 19:36:00+00:00,2026-07-08,SPY,744.99,745.15,744.97,745.12,1265
2026-07-08 19:37:00+00:00,2026-07-08,SPY,745.29,745.34,745.245,745.33,3668
2026-07-08 19:38:00+00:00,2026-07-08,SPY,745.33,745.36,745.135,745.135,1782
2026-07-08 19:39:00+00:00,2026-07-08,SPY,745.17,745.29,745.17,745.23,1759
2026-07-08 19:40:00+00:00,2026-07-08,SPY,745.215,745.255,745.05,745.05,1187
2026-07-08 19:41:00+00:00,2026-07-08,SPY,745.03,745.07,744.89,745.045,3435
2026-07-08 19:42:00+00:00,2026-07-08,SPY,745.03,745.095,744.98,745.06,3702
2026-07-08 19:43:00+00:00,2026-07-08,SPY,745.05,745.21,745.0,745.19,3492
2026-07-08 19:44:00+00:00,2026-07-08,SPY,745.22,745.37,745.16,745.33,2623
2026-07-08 19:45:00+00:00,2026-07-08,SPY,745.31,745.36,744.85,744.97,8144
2026-07-08 19:46:00+00:00,2026-07-08,SPY,744.98,745.07,744.79,744.83,19352
2026-07-08 19:47:00+00:00,2026-07-08,SPY,744.81,744.81,744.44,744.56,16952
2026-07-08 19:48:00+00:00,2026-07-08,SPY,744.505,744.86,744.505,744.71,6953
2026-07-08 19:49:00+00:00,2026-07-08,SPY,744.705,744.92,744.705,744.75,4593
2026-07-08 19:50:00+00:00,2026-07-08,SPY,744.68,745.19,744.65,745.095,11215
2026-07-08 19:51:00+00:00,2026-07-08,SPY,745.08,745.41,745.0,745.26,6018
2026-07-08 19:52:00+00:00,2026-07-08,SPY,745.2,745.375,745.15,745.33,6326
2026-07-08 19:53:00+00:00,2026-07-08,SPY,745.35,745.57,745.34,745.46,5202
2026-07-08 19:54:00+00:00,2026-07-08,SPY,745.49,745.675,745.48,745.675,7023
2026-07-08 19:55:00+00:00,2026-07-08,SPY,745.7,745.785,745.535,745.65,8714
2026-07-08 19:56:00+00:00,2026-07-08,SPY,745.645,745.735,745.49,745.72,10011
2026-07-08 19:57:00+00:00,2026-07-08,SPY,745.72,746.14,745.69,746.02,20776
2026-07-08 19:58:00+00:00,2026-07-08,SPY,746.01,746.04,745.81,745.96,17676
2026-07-08 19:59:00+00:00,2026-07-08,SPY,745.97,746.12,745.28,745.28,77424
2026-07-08 20:00:00+00:00,2026-07-08,SPY,745.36,745.36,745.12,745.16,493
2026-07-08 20:02:00+00:00,2026-07-08,SPY,744.98,744.98,744.98,744.98,120
2026-07-08 20:03:00+00:00,2026-07-08,SPY,744.88,744.88,744.88,744.88,126
2026-07-08 20:04:00+00:00,2026-07-08,SPY,745.17,745.17,745.17,745.17,126
2026-07-08 20:06:00+00:00,2026-07-08,SPY,745.2,745.2,745.18,745.18,240
2026-07-08 20:09:00+00:00,2026-07-08,SPY,745.23,745.28,745.23,745.28,240
2026-07-08 20:17:00+00:00,2026-07-08,SPY,744.41,744.41,744.41,744.41,120
2026-07-08 20:18:00+00:00,2026-07-08,SPY,744.53,744.54,744.53,744.54,246
2026-07-08 20:23:00+00:00,2026-07-08,SPY,744.42,744.42,744.42,744.42,126
2026-07-08 20:24:00+00:00,2026-07-08,SPY,744.46,744.46,744.39,744.39,250
2026-07-08 20:28:00+00:00,2026-07-08,SPY,744.4,744.43,744.39,744.4,398
2026-07-08 20:30:00+00:00,2026-07-08,SPY,744.29,744.29,744.28,744.28,378
2026-07-08 20:31:00+00:00,2026-07-08,SPY,744.27,744.27,744.04,744.04,252
2026-07-08 20:33:00+00:00,2026-07-08,SPY,744.15,744.15,744.15,744.15,120
2026-07-08 20:34:00+00:00,2026-07-08,SPY,743.91,743.91,743.88,743.88,826
2026-07-08 20:35:00+00:00,2026-07-08,SPY,743.78,743.78,743.75,743.75,252
2026-07-08 20:37:00+00:00,2026-07-08,SPY,743.66,743.81,743.66,743.81,378
2026-07-08 20:38:00+00:00,2026-07-08,SPY,743.72,743.73,743.68,743.71,434
2026-07-08 20:39:00+00:00,2026-07-08,SPY,743.96,743.96,743.96,743.96,126
2026-07-08 20:42:00+00:00,2026-07-08,SPY,744.24,744.27,744.24,744.27,252
2026-07-08 20:56:00+00:00,2026-07-08,SPY,744.1,744.11,744.1,744.11,208
2026-07-08 23:06:00+00:00,2026-07-08,SPY,744.8,744.8,744.8,744.8,126
2026-07-08 23:20:00+00:00,2026-07-08,SPY,744.25,744.25,744.25,744.25,2
2026-07-09 08:06:00+00:00,2026-07-09,SPY,748.37,748.37,748.37,748.37,146
2026-07-09 09:01:00+00:00,2026-07-09,SPY,747.04,747.04,746.98,746.98,392
2026-07-09 09:02:00+00:00,2026-07-09,SPY,747.08,747.08,747.0,747.0,352
2026-07-09 09:47:00+00:00,2026-07-09,SPY,746.54,746.54,746.54,746.54,126
2026-07-09 10:09:00+00:00,2026-07-09,SPY,746.75,746.76,746.75,746.76,166
2026-07-09 10:30:00+00:00,2026-07-09,SPY,746.54,746.54,746.54,746.54,146
2026-07-09 10:34:00+00:00,2026-07-09,SPY,746.55,746.55,746.54,746.54,72
2026-07-09 10:35:00+00:00,2026-07-09,SPY,746.67,746.71,746.67,746.71,392
2026-07-09 10:44:00+00:00,2026-07-09,SPY,746.67,746.67,746.67,746.67,40
2026-07-09 10:58:00+00:00,2026-07-09,SPY,745.82,745.82,745.82,745.82,126
2026-07-09 11:08:00+00:00,2026-07-09,SPY,745.89,745.89,745.88,745.88,252
2026-07-09 11:15:00+00:00,2026-07-09,SPY,746.17,746.17,746.17,746.17,33
2026-07-09 11:20:00+00:00,2026-07-09,SPY,746.39,746.39,746.35,746.35,252
2026-07-09 11:23:00+00:00,2026-07-09,SPY,746.44,746.44,746.44,746.44,100
2026-07-09 11:27:00+00:00,2026-07-09,SPY,746.42,746.42,746.41,746.41,43
2026-07-09 11:33:00+00:00,2026-07-09,SPY,746.76,746.77,746.76,746.77,186
2026-07-09 11:39:00+00:00,2026-07-09,SPY,746.63,746.63,746.63,746.63,126
2026-07-09 11:40:00+00:00,2026-07-09,SPY,746.5,746.5,746.5,746.5,100
2026-07-09 11:49:00+00:00,2026-07-09,SPY,746.66,746.71,746.64,746.71,363
2026-07-09 11:50:00+00:00,2026-07-09,SPY,747.06,747.06,747.06,747.06,100
2026-07-09 11:51:00+00:00,2026-07-09,SPY,747.22,747.22,747.22,747.22,40
2026-07-09 11:52:00+00:00,2026-07-09,SPY,747.27,747.28,747.27,747.28,48
2026-07-09 12:00:00+00:00,2026-07-09,SPY,746.99,746.99,746.99,746.99,126
2026-07-09 12:04:00+00:00,2026-07-09,SPY,747.14,747.14,747.14,747.14,126
2026-07-09 12:06:00+00:00,2026-07-09,SPY,747.02,747.02,747.02,747.02,126
2026-07-09 12:13:00+00:00,2026-07-09,SPY,747.41,747.45,747.4,747.4,286
2026-07-09 12:15:00+00:00,2026-07-09,SPY,747.32,747.32,747.32,747.32,1
2026-07-09 12:16:00+00:00,2026-07-09,SPY,747.5,747.5,747.46,747.46,326
2026-07-09 12:22:00+00:00,2026-07-09,SPY,747.29,747.29,747.29,747.29,120
2026-07-09 12:27:00+00:00,2026-07-09,SPY,747.65,747.65,747.65,747.65,126
2026-07-09 12:37:00+00:00,2026-07-09,SPY,747.97,747.97,747.96,747.96,146
2026-07-09 12:38:00+00:00,2026-07-09,SPY,747.98,747.99,747.98,747.99,166
2026-07-09 12:41:00+00:00,2026-07-09,SPY,747.8,747.8,747.79,747.8,87
2026-07-09 12:46:00+00:00,2026-07-09,SPY,747.22,747.22,747.22,747.22,126
2026-07-09 12:48:00+00:00,2026-07-09,SPY,747.25,747.25,747.25,747.25,126
2026-07-09 12:49:00+00:00,2026-07-09,SPY,747.35,747.35,747.35,747.35,40
2026-07-09 12:52:00+00:00,2026-07-09,SPY,747.35,747.36,747.35,747.36,41
2026-07-09 12:54:00+00:00,2026-07-09,SPY,747.28,747.29,747.28,747.29,80
2026-07-09 12:55:00+00:00,2026-07-09,SPY,747.27,747.27,747.27,747.27,166
2026-07-09 12:56:00+00:00,2026-07-09,SPY,747.24,747.24,747.24,747.24,40
2026-07-09 12:57:00+00:00,2026-07-09,SPY,747.18,747.22,747.18,747.22,45
2026-07-09 12:58:00+00:00,2026-07-09,SPY,747.16,747.16,747.16,747.16,81
2026-07-09 13:00:00+00:00,2026-07-09,SPY,747.19,747.19,747.19,747.19,40
2026-07-09 13:01:00+00:00,2026-07-09,SPY,747.3,747.42,747.3,747.42,90
2026-07-09 13:02:00+00:00,2026-07-09,SPY,747.41,747.41,747.41,747.41,80
2026-07-09 13:07:00+00:00,2026-07-09,SPY,747.44,747.44,747.44,747.44,61
2026-07-09 13:11:00+00:00,2026-07-09,SPY,747.33,747.33,747.33,747.33,2
2026-07-09 13:14:00+00:00,2026-07-09,SPY,747.39,747.39,747.39,747.39,126
2026-07-09 13:15:00+00:00,2026-07-09,SPY,747.31,747.31,747.3,747.3,166
2026-07-09 13:16:00+00:00,2026-07-09,SPY,747.26,747.27,747.26,747.27,50
2026-07-09 13:18:00+00:00,2026-07-09,SPY,747.3,747.3,747.27,747.27,131
2026-07-09 13:19:00+00:00,2026-07-09,SPY,747.35,747.37,747.35,747.37,9
2026-07-09 13:20:00+00:00,2026-07-09,SPY,747.36,747.36,747.24,747.28,333
2026-07-09 13:22:00+00:00,2026-07-09,SPY,747.37,747.46,747.37,747.46,128
2026-07-09 13:26:00+00:00,2026-07-09,SPY,747.47,747.47,747.47,747.47,50
2026-07-09 13:28:00+00:00,2026-07-09,SPY,747.4,747.41,747.37,747.38,252
2026-07-09 13:29:00+00:00,2026-07-09,SPY,747.43,747.43,747.21,747.33,1253
2026-07-09 13:30:00+00:00,2026-07-09,SPY,747.33,747.345,746.46,746.48,10905
2026-07-09 13:31:00+00:00,2026-07-09,SPY,746.49,746.495,745.89,745.89,5476
2026-07-09 13:32:00+00:00,2026-07-09,SPY,745.88,746.11,745.67,746.11,3048
2026-07-09 13:33:00+00:00,2026-07-09,SPY,746.1,746.6,746.1,746.57,4171
2026-07-09 13:34:00+00:00,2026-07-09,SPY,746.58,747.46,746.58,747.33,7086
2026-07-09 13:35:00+00:00,2026-07-09,SPY,747.37,747.89,747.11,747.89,5767
2026-07-09 13:36:00+00:00,2026-07-09,SPY,747.825,747.85,747.65,747.8,8206
2026-07-09 13:37:00+00:00,2026-07-09,SPY,747.78,748.03,747.68,747.92,6624
2026-07-09 13:38:00+00:00,2026-07-09,SPY,747.91,748.3,747.88,748.11,7284
2026-07-09 13:39:00+00:00,2026-07-09,SPY,748.1,748.19,747.87,748.075,5301
2026-07-09 13:40:00+00:00,2026-07-09,SPY,748.23,748.23,747.53,747.55,7117
2026-07-09 13:41:00+00:00,2026-07-09,SPY,747.53,747.97,747.53,747.92,2957
2026-07-09 13:42:00+00:00,2026-07-09,SPY,747.95,748.43,747.95,748.33,6198
2026-07-09 13:43:00+00:00,2026-07-09,SPY,748.36,748.4,748.18,748.34,5161
2026-07-09 13:44:00+00:00,2026-07-09,SPY,748.345,748.505,748.16,748.24,1803
2026-07-09 13:45:00+00:00,2026-07-09,SPY,748.4,748.715,748.39,748.715,3927
2026-07-09 13:46:00+00:00,2026-07-09,SPY,748.7,748.75,748.45,748.63,2991
2026-07-09 13:47:00+00:00,2026-07-09,SPY,748.6,748.715,748.55,748.65,6961
2026-07-09 13:48:00+00:00,2026-07-09,SPY,748.565,748.565,747.97,748.02,2460
2026-07-09 13:49:00+00:00,2026-07-09,SPY,748.03,748.14,747.81,748.11,2911
2026-07-09 13:50:00+00:00,2026-07-09,SPY,748.06,748.06,747.815,747.89,3471
2026-07-09 13:51:00+00:00,2026-07-09,SPY,747.93,748.59,747.865,748.56,8710
2026-07-09 13:52:00+00:00,2026-07-09,SPY,748.565,748.84,748.565,748.83,3080
2026-07-09 13:53:00+00:00,2026-07-09,SPY,748.84,749.0,748.82,749.0,2853
2026-07-09 13:54:00+00:00,2026-07-09,SPY,749.005,749.1,748.9,748.935,2685
2026-07-09 13:55:00+00:00,2026-07-09,SPY,748.97,749.175,748.89,749.135,3242
2026-07-09 13:56:00+00:00,2026-07-09,SPY,749.195,749.2,748.95,748.95,3744
2026-07-09 13:57:00+00:00,2026-07-09,SPY,748.9,749.08,748.77,748.87,10100
2026-07-09 13:58:00+00:00,2026-07-09,SPY,748.875,749.02,748.86,748.96,1539
2026-07-09 13:59:00+00:00,2026-07-09,SPY,748.915,748.915,748.57,748.67,3385
2026-07-09 14:00:00+00:00,2026-07-09,SPY,748.735,748.87,748.545,748.82,4369
2026-07-09 14:01:00+00:00,2026-07-09,SPY,748.79,749.02,748.79,748.92,2785
2026-07-09 14:02:00+00:00,2026-07-09,SPY,748.895,748.91,748.7,748.72,3148
2026-07-09 14:03:00+00:00,2026-07-09,SPY,748.72,748.86,748.55,748.8,2303
2026-07-09 14:04:00+00:00,2026-07-09,SPY,748.93,748.93,748.715,748.715,2246
2026-07-09 14:05:00+00:00,2026-07-09,SPY,748.675,748.81,748.65,748.7,1200
2026-07-09 14:06:00+00:00,2026-07-09,SPY,748.7,748.795,748.42,748.42,2865
2026-07-09 14:07:00+00:00,2026-07-09,SPY,748.33,748.4,748.08,748.12,5866
2026-07-09 14:08:00+00:00,2026-07-09,SPY,748.14,748.38,748.07,748.18,2129
2026-07-09 14:09:00+00:00,2026-07-09,SPY,748.21,748.33,748.04,748.07,9644
2026-07-09 14:10:00+00:00,2026-07-09,SPY,747.9,748.0,747.565,747.59,5224
2026-07-09 14:11:00+00:00,2026-07-09,SPY,747.57,747.74,747.29,747.505,6047
2026-07-09 14:12:00+00:00,2026-07-09,SPY,747.48,747.61,747.28,747.29,3214
2026-07-09 14:13:00+00:00,2026-07-09,SPY,747.44,747.68,747.36,747.59,7644
2026-07-09 14:14:00+00:00,2026-07-09,SPY,747.58,747.78,747.56,747.595,2597
2026-07-09 14:15:00+00:00,2026-07-09,SPY,747.4,747.4,746.31,746.31,5331
2026-07-09 14:16:00+00:00,2026-07-09,SPY,746.34,746.52,745.93,746.52,15163
2026-07-09 14:17:00+00:00,2026-07-09,SPY,746.595,746.89,746.28,746.325,12347
2026-07-09 14:18:00+00:00,2026-07-09,SPY,746.34,746.38,746.055,746.325,10631
2026-07-09 14:19:00+00:00,2026-07-09,SPY,746.5,746.56,745.98,746.235,8139
2026-07-09 14:20:00+00:00,2026-07-09,SPY,746.28,746.435,745.75,745.85,9260
2026-07-09 14:21:00+00:00,2026-07-09,SPY,745.85,746.11,745.59,745.97,6715
2026-07-09 14:22:00+00:00,2026-07-09,SPY,746.045,746.27,745.91,746.155,10961
2026-07-09 14:23:00+00:00,2026-07-09,SPY,746.18,746.57,746.18,746.435,5772
2026-07-09 14:24:00+00:00,2026-07-09,SPY,746.45,746.97,746.34,746.96,6600
2026-07-09 14:25:00+00:00,2026-07-09,SPY,746.99,747.215,746.87,747.05,4501
2026-07-09 14:26:00+00:00,2026-07-09,SPY,747.055,747.055,746.77,746.95,5007
2026-07-09 14:27:00+00:00,2026-07-09,SPY,746.97,747.82,746.93,747.68,7166
2026-07-09 14:28:00+00:00,2026-07-09,SPY,747.7,748.14,747.59,748.08,4134
2026-07-09 14:29:00+00:00,2026-07-09,SPY,748.18,748.18,747.76,747.86,23402
2026-07-09 14:30:00+00:00,2026-07-09,SPY,747.865,748.065,747.64,747.78,3701
2026-07-09 14:31:00+00:00,2026-07-09,SPY,747.74,747.825,747.13,747.22,3874
2026-07-09 14:32:00+00:00,2026-07-09,SPY,747.225,747.57,747.225,747.57,723
2026-07-09 14:33:00+00:00,2026-07-09,SPY,747.72,747.77,747.47,747.64,1056
2026-07-09 14:34:00+00:00,2026-07-09,SPY,747.595,747.64,747.38,747.53,1136
2026-07-09 14:35:00+00:00,2026-07-09,SPY,747.65,748.22,747.575,748.02,2061
2026-07-09 14:36:00+00:00,2026-07-09,SPY,748.14,748.15,747.95,748.125,1111
2026-07-09 14:37:00+00:00,2026-07-09,SPY,748.03,748.03,747.665,747.935,2675
2026-07-09 14:38:00+00:00,2026-07-09,SPY,747.95,747.98,747.73,747.98,2691
2026-07-09 14:39:00+00:00,2026-07-09,SPY,747.96,748.45,747.96,748.43,2352
2026-07-09 14:40:00+00:00,2026-07-09,SPY,748.435,748.46,748.28,748.425,1070
2026-07-09 14:41:00+00:00,2026-07-09,SPY,748.375,748.375,748.1,748.29,2325
2026-07-09 14:42:00+00:00,2026-07-09,SPY,748.28,748.47,748.23,748.35,1524
2026-07-09 14:43:00+00:00,2026-07-09,SPY,748.43,748.43,748.13,748.13,2070
2026-07-09 14:44:00+00:00,2026-07-09,SPY,748.12,748.12,747.81,747.86,3240
2026-07-09 14:45:00+00:00,2026-07-09,SPY,747.92,748.14,747.85,748.09,2119
2026-07-09 14:46:00+00:00,2026-07-09,SPY,748.115,748.37,748.1,748.28,1881
2026-07-09 14:47:00+00:00,2026-07-09,SPY,748.245,748.31,747.89,748.04,1211
2026-07-09 14:48:00+00:00,2026-07-09,SPY,748.075,748.15,748.0,748.1,3220
2026-07-09 14:49:00+00:00,2026-07-09,SPY,748.1,748.22,748.03,748.03,2885
2026-07-09 14:50:00+00:00,2026-07-09,SPY,748.06,748.06,747.61,747.92,3977
2026-07-09 14:51:00+00:00,2026-07-09,SPY,747.93,747.98,747.67,747.77,2802
2026-07-09 14:52:00+00:00,2026-07-09,SPY,747.76,747.85,747.415,747.49,6759
2026-07-09 14:53:00+00:00,2026-07-09,SPY,747.47,747.59,747.27,747.59,4039
2026-07-09 14:54:00+00:00,2026-07-09,SPY,747.62,747.975,747.415,747.975,2243
2026-07-09 14:55:00+00:00,2026-07-09,SPY,747.97,748.25,747.97,748.21,1223
2026-07-09 14:56:00+00:00,2026-07-09,SPY,748.15,748.275,748.08,748.11,2822
2026-07-09 14:57:00+00:00,2026-07-09,SPY,748.12,748.4,748.1,748.4,3076
2026-07-09 14:58:00+00:00,2026-07-09,SPY,748.41,748.87,748.41,748.68,3636
2026-07-09 14:59:00+00:00,2026-07-09,SPY,748.57,748.77,748.57,748.73,2476
2026-07-09 15:00:00+00:00,2026-07-09,SPY,748.73,748.9,748.72,748.825,3221
2026-07-09 15:01:00+00:00,2026-07-09,SPY,748.79,748.85,748.67,748.85,3477
2026-07-09 15:02:00+00:00,2026-07-09,SPY,748.875,748.935,748.605,748.61,5137
2026-07-09 15:03:00+00:00,2026-07-09,SPY,748.625,748.86,748.605,748.805,6683
2026-07-09 15:04:00+00:00,2026-07-09,SPY,748.805,748.86,748.76,748.85,4866
2026-07-09 15:05:00+00:00,2026-07-09,SPY,748.89,749.0,748.855,748.93,1638
2026-07-09 15:06:00+00:00,2026-07-09,SPY,749.015,749.46,749.015,749.4,4756
2026-07-09 15:07:00+00:00,2026-07-09,SPY,749.36,749.44,749.17,749.295,2326
2026-07-09 15:08:00+00:00,2026-07-09,SPY,749.31,749.495,749.2,749.37,6186
2026-07-09 15:09:00+00:00,2026-07-09,SPY,749.37,749.55,749.35,749.48,2076
2026-07-09 15:10:00+00:00,2026-07-09,SPY,749.555,749.57,749.405,749.415,1801
2026-07-09 15:11:00+00:00,2026-07-09,SPY,749.33,749.33,749.14,749.2,5007
2026-07-09 15:12:00+00:00,2026-07-09,SPY,749.19,749.29,749.1,749.2,2343
2026-07-09 15:13:00+00:00,2026-07-09,SPY,749.19,749.39,749.11,749.255,3411
2026-07-09 15:14:00+00:00,2026-07-09,SPY,749.245,749.31,749.15,749.24,4283
2026-07-09 15:15:00+00:00,2026-07-09,SPY,749.17,749.59,749.16,749.495,7814
2026-07-09 15:16:00+00:00,2026-07-09,SPY,749.49,749.49,749.3,749.3,2513
2026-07-09 15:17:00+00:00,2026-07-09,SPY,749.27,749.3,749.05,749.19,3163
2026-07-09 15:18:00+00:00,2026-07-09,SPY,749.16,749.22,748.98,749.06,3648
2026-07-09 15:19:00+00:00,2026-07-09,SPY,749.11,749.21,749.07,749.21,1411
2026-07-09 15:20:00+00:00,2026-07-09,SPY,749.23,749.4,749.22,749.37,2689
2026-07-09 15:21:00+00:00,2026-07-09,SPY,749.36,749.48,749.36,749.42,2453
2026-07-09 15:22:00+00:00,2026-07-09,SPY,749.44,749.84,749.41,749.84,1828
2026-07-09 15:23:00+00:00,2026-07-09,SPY,749.79,749.81,749.745,749.8,966
2026-07-09 15:24:00+00:00,2026-07-09,SPY,749.82,749.95,749.78,749.905,1823
2026-07-09 15:25:00+00:00,2026-07-09,SPY,749.92,749.92,749.76,749.82,3249
2026-07-09 15:26:00+00:00,2026-07-09,SPY,749.85,749.9,749.83,749.9,1606
2026-07-09 15:27:00+00:00,2026-07-09,SPY,749.9,749.96,749.75,749.94,7439
2026-07-09 15:28:00+00:00,2026-07-09,SPY,749.87,749.93,749.73,749.8,3957
2026-07-09 15:29:00+00:00,2026-07-09,SPY,749.8,749.86,749.76,749.8,4161
2026-07-09 15:30:00+00:00,2026-07-09,SPY,749.79,749.79,749.65,749.68,1792
2026-07-09 15:31:00+00:00,2026-07-09,SPY,749.68,749.79,749.68,749.69,2327
2026-07-09 15:32:00+00:00,2026-07-09,SPY,749.68,749.68,749.52,749.52,2441
2026-07-09 15:33:00+00:00,2026-07-09,SPY,749.51,749.63,749.505,749.59,2716
2026-07-09 15:34:00+00:00,2026-07-09,SPY,749.6,749.69,749.485,749.62,1156
2026-07-09 15:35:00+00:00,2026-07-09,SPY,749.55,749.74,749.55,749.65,1880
2026-07-09 15:36:00+00:00,2026-07-09,SPY,749.7,749.76,749.63,749.63,1792
2026-07-09 15:37:00+00:00,2026-07-09,SPY,749.66,749.72,749.66,749.71,2622
2026-07-09 15:38:00+00:00,2026-07-09,SPY,749.69,749.88,749.69,749.88,3026
2026-07-09 15:39:00+00:00,2026-07-09,SPY,749.85,749.86,749.755,749.81,1698
2026-07-09 15:40:00+00:00,2026-07-09,SPY,749.89,749.96,749.8,749.92,760
2026-07-09 15:41:00+00:00,2026-07-09,SPY,749.85,750.18,749.83,750.12,2498
2026-07-09 15:42:00+00:00,2026-07-09,SPY,750.12,750.16,750.06,750.155,1734
2026-07-09 15:43:00+00:00,2026-07-09,SPY,750.16,750.24,750.12,750.15,1392
2026-07-09 15:44:00+00:00,2026-07-09,SPY,750.09,750.23,750.09,750.1,756
2026-07-09 15:45:00+00:00,2026-07-09,SPY,750.12,750.25,750.12,750.24,1670
2026-07-09 15:46:00+00:00,2026-07-09,SPY,750.21,750.21,750.0,750.075,3254
2026-07-09 15:47:00+00:00,2026-07-09,SPY,750.065,750.08,749.935,749.99,3782
2026-07-09 15:48:00+00:00,2026-07-09,SPY,750.01,750.07,749.95,750.07,785
2026-07-09 15:49:00+00:00,2026-07-09,SPY,750.13,750.16,750.09,750.115,1470
2026-07-09 15:50:00+00:00,2026-07-09,SPY,750.16,750.18,750.03,750.06,1742
2026-07-09 15:51:00+00:00,2026-07-09,SPY,750.01,750.08,750.01,750.08,1498
2026-07-09 15:52:00+00:00,2026-07-09,SPY,750.04,750.06,749.95,749.95,1477
2026-07-09 15:53:00+00:00,2026-07-09,SPY,750.02,750.14,749.96,749.96,2270
2026-07-09 15:54:00+00:00,2026-07-09,SPY,749.97,749.99,749.9,749.92,1783
2026-07-09 15:55:00+00:00,2026-07-09,SPY,749.9,750.08,749.9,749.94,1713
2026-07-09 15:56:00+00:00,2026-07-09,SPY,749.915,749.99,749.88,749.94,5127
2026-07-09 15:57:00+00:00,2026-07-09,SPY,749.98,749.98,749.84,749.9,3109
2026-07-09 15:58:00+00:00,2026-07-09,SPY,749.9,750.01,749.86,749.97,1399
2026-07-09 15:59:00+00:00,2026-07-09,SPY,749.93,749.99,749.8,749.86,1936
2026-07-09 16:00:00+00:00,2026-07-09,SPY,749.91,750.04,749.9,750.02,3319
2026-07-09 16:01:00+00:00,2026-07-09,SPY,750.02,750.32,750.02,750.3,3352
2026-07-09 16:02:00+00:00,2026-07-09,SPY,750.3,750.32,750.22,750.31,1377
2026-07-09 16:03:00+00:00,2026-07-09,SPY,750.33,750.435,750.33,750.33,3154
2026-07-09 16:04:00+00:00,2026-07-09,SPY,750.31,750.4,750.275,750.33,5068
2026-07-09 16:05:00+00:00,2026-07-09,SPY,750.33,750.53,750.33,750.51,1909
2026-07-09 16:06:00+00:00,2026-07-09,SPY,750.53,750.55,750.43,750.45,3401
2026-07-09 16:07:00+00:00,2026-07-09,SPY,750.44,750.55,750.42,750.545,1465
2026-07-09 16:08:00+00:00,2026-07-09,SPY,750.55,750.55,750.46,750.46,1693
2026-07-09 16:09:00+00:00,2026-07-09,SPY,750.47,750.55,750.425,750.45,1961
2026-07-09 16:10:00+00:00,2026-07-09,SPY,750.47,750.52,750.4,750.45,1913
2026-07-09 16:11:00+00:00,2026-07-09,SPY,750.46,750.49,750.39,750.41,1631
2026-07-09 16:12:00+00:00,2026-07-09,SPY,750.46,750.46,750.37,750.41,1752
2026-07-09 16:13:00+00:00,2026-07-09,SPY,750.42,750.52,750.41,750.47,2666
2026-07-09 16:14:00+00:00,2026-07-09,SPY,750.5,750.53,750.46,750.53,1020
2026-07-09 16:15:00+00:00,2026-07-09,SPY,750.51,750.64,750.48,750.625,1522
2026-07-09 16:16:00+00:00,2026-07-09,SPY,750.65,750.655,750.57,750.62,2189
2026-07-09 16:17:00+00:00,2026-07-09,SPY,750.57,750.57,750.44,750.54,3125
2026-07-09 16:18:00+00:00,2026-07-09,SPY,750.54,750.54,750.38,750.465,3644
2026-07-09 16:19:00+00:00,2026-07-09,SPY,750.44,750.565,750.44,750.53,2046
2026-07-09 16:20:00+00:00,2026-07-09,SPY,750.54,750.64,750.46,750.47,4111
2026-07-09 16:21:00+00:00,2026-07-09,SPY,750.48,750.635,750.47,750.605,1434
2026-07-09 16:22:00+00:00,2026-07-09,SPY,750.615,750.7,750.555,750.66,1574
2026-07-09 16:23:00+00:00,2026-07-09,SPY,750.68,750.81,750.68,750.74,2307
2026-07-09 16:24:00+00:00,2026-07-09,SPY,750.75,750.805,750.715,750.8,2730
2026-07-09 16:25:00+00:00,2026-07-09,SPY,750.79,750.8,750.74,750.75,987
2026-07-09 16:26:00+00:00,2026-07-09,SPY,750.73,750.77,750.675,750.72,2262
2026-07-09 16:27:00+00:00,2026-07-09,SPY,750.71,750.77,750.685,750.76,860
2026-07-09 16:28:00+00:00,2026-07-09,SPY,750.74,750.74,750.61,750.61,1202
2026-07-09 16:29:00+00:00,2026-07-09,SPY,750.67,750.67,750.58,750.65,1360
2026-07-09 16:30:00+00:00,2026-07-09,SPY,750.7,750.8,750.65,750.74,4041
2026-07-09 16:31:00+00:00,2026-07-09,SPY,750.77,750.8,750.71,750.8,1499
2026-07-09 16:32:00+00:00,2026-07-09,SPY,750.81,750.89,750.81,750.84,4893
2026-07-09 16:33:00+00:00,2026-07-09,SPY,750.83,750.84,750.73,750.77,1434
2026-07-09 16:34:00+00:00,2026-07-09,SPY,750.78,750.78,750.5,750.52,3235
2026-07-09 16:35:00+00:00,2026-07-09,SPY,750.49,750.51,750.38,750.4,1375
2026-07-09 16:36:00+00:00,2026-07-09,SPY,750.475,750.48,750.33,750.42,2395
2026-07-09 16:37:00+00:00,2026-07-09,SPY,750.405,750.56,750.395,750.45,3415
2026-07-09 16:38:00+00:00,2026-07-09,SPY,750.45,750.49,750.45,750.47,732
2026-07-09 16:39:00+00:00,2026-07-09,SPY,750.47,750.59,750.41,750.59,2074
2026-07-09 16:40:00+00:00,2026-07-09,SPY,750.63,750.76,750.62,750.7,2322
2026-07-09 16:41:00+00:00,2026-07-09,SPY,750.715,750.74,750.65,750.74,1193
2026-07-09 16:42:00+00:00,2026-07-09,SPY,750.7,750.73,750.67,750.69,2163
2026-07-09 16:43:00+00:00,2026-07-09,SPY,750.68,750.72,750.63,750.72,2855
2026-07-09 16:44:00+00:00,2026-07-09,SPY,750.67,750.75,750.6,750.7,2551
2026-07-09 16:45:00+00:00,2026-07-09,SPY,750.7,750.72,750.64,750.64,1223
2026-07-09 16:46:00+00:00,2026-07-09,SPY,750.66,750.73,750.53,750.53,2225
2026-07-09 16:47:00+00:00,2026-07-09,SPY,750.51,750.6,750.42,750.44,3880
2026-07-09 16:48:00+00:00,2026-07-09,SPY,750.4,750.51,750.4,750.42,1508
2026-07-09 16:49:00+00:00,2026-07-09,SPY,750.43,750.49,750.38,750.47,674
2026-07-09 16:50:00+00:00,2026-07-09,SPY,750.49,750.53,750.45,750.52,2988
2026-07-09 16:51:00+00:00,2026-07-09,SPY,750.535,750.59,750.51,750.54,1447
2026-07-09 16:52:00+00:00,2026-07-09,SPY,750.52,750.52,750.45,750.5,1857
2026-07-09 16:53:00+00:00,2026-07-09,SPY,750.51,750.54,750.445,750.47,1869
2026-07-09 16:54:00+00:00,2026-07-09,SPY,750.445,750.445,750.36,750.42,1796
2026-07-09 16:55:00+00:00,2026-07-09,SPY,750.39,750.42,750.345,750.37,2279
2026-07-09 16:56:00+00:00,2026-07-09,SPY,750.42,750.47,750.39,750.45,1601
2026-07-09 16:57:00+00:00,2026-07-09,SPY,750.45,750.46,750.24,750.32,4528
2026-07-09 16:58:00+00:00,2026-07-09,SPY,750.325,750.42,750.25,750.42,1606
2026-07-09 16:59:00+00:00,2026-07-09,SPY,750.42,750.48,750.4,750.44,1779
2026-07-09 17:00:00+00:00,2026-07-09,SPY,750.44,750.7,750.4,750.69,2229
2026-07-09 17:01:00+00:00,2026-07-09,SPY,750.71,750.81,750.71,750.77,1809
2026-07-09 17:02:00+00:00,2026-07-09,SPY,750.79,750.79,750.69,750.76,579
2026-07-09 17:03:00+00:00,2026-07-09,SPY,750.76,750.8,750.69,750.76,1114
2026-07-09 17:04:00+00:00,2026-07-09,SPY,750.73,750.77,750.72,750.72,1244
2026-07-09 17:05:00+00:00,2026-07-09,SPY,750.71,750.78,750.67,750.78,2890
2026-07-09 17:06:00+00:00,2026-07-09,SPY,750.82,751.05,750.745,751.05,2598
2026-07-09 17:07:00+00:00,2026-07-09,SPY,751.09,751.19,751.09,751.19,2689
2026-07-09 17:08:00+00:00,2026-07-09,SPY,751.22,751.22,751.135,751.17,6069
2026-07-09 17:09:00+00:00,2026-07-09,SPY,751.17,751.2,751.08,751.12,2579
2026-07-09 17:10:00+00:00,2026-07-09,SPY,751.125,751.37,751.09,751.3,6361
2026-07-09 17:11:00+00:00,2026-07-09,SPY,751.32,751.37,751.31,751.34,1200
2026-07-09 17:12:00+00:00,2026-07-09,SPY,751.33,751.33,751.21,751.28,2020
2026-07-09 17:13:00+00:00,2026-07-09,SPY,751.27,751.27,751.155,751.24,805
2026-07-09 17:14:00+00:00,2026-07-09,SPY,751.24,751.28,751.21,751.235,683
2026-07-09 17:15:00+00:00,2026-07-09,SPY,751.22,751.385,751.22,751.37,2481
2026-07-09 17:16:00+00:00,2026-07-09,SPY,751.36,751.415,751.34,751.35,1349
2026-07-09 17:17:00+00:00,2026-07-09,SPY,751.37,751.41,751.33,751.4,989
2026-07-09 17:18:00+00:00,2026-07-09,SPY,751.395,751.45,751.38,751.44,775
2026-07-09 17:19:00+00:00,2026-07-09,SPY,751.44,751.58,751.43,751.55,1136
2026-07-09 17:20:00+00:00,2026-07-09,SPY,751.57,751.61,751.53,751.59,1507
2026-07-09 17:21:00+00:00,2026-07-09,SPY,751.59,751.64,751.525,751.525,851
2026-07-09 17:22:00+00:00,2026-07-09,SPY,751.49,751.52,751.4,751.44,1316
2026-07-09 17:23:00+00:00,2026-07-09,SPY,751.435,751.45,751.42,751.44,2352
2026-07-09 17:24:00+00:00,2026-07-09,SPY,751.505,751.54,751.45,751.45,3049
2026-07-09 17:25:00+00:00,2026-07-09,SPY,751.46,751.63,751.46,751.62,3713
2026-07-09 17:26:00+00:00,2026-07-09,SPY,751.63,751.64,751.55,751.57,977
2026-07-09 17:27:00+00:00,2026-07-09,SPY,751.56,751.7,751.56,751.68,2645
2026-07-09 17:28:00+00:00,2026-07-09,SPY,751.68,751.72,751.655,751.72,1448
2026-07-09 17:29:00+00:00,2026-07-09,SPY,751.71,751.78,751.71,751.75,3122
2026-07-09 17:30:00+00:00,2026-07-09,SPY,751.75,751.82,751.66,751.7,3369
2026-07-09 17:31:00+00:00,2026-07-09,SPY,751.69,751.71,751.52,751.52,3503
2026-07-09 17:32:00+00:00,2026-07-09,SPY,751.53,751.59,751.45,751.56,1284
2026-07-09 17:33:00+00:00,2026-07-09,SPY,751.57,751.73,751.57,751.73,1960
2026-07-09 17:34:00+00:00,2026-07-09,SPY,751.74,751.74,751.64,751.64,1356
2026-07-09 17:35:00+00:00,2026-07-09,SPY,751.615,751.71,751.605,751.71,1121
2026-07-09 17:36:00+00:00,2026-07-09,SPY,751.7,751.78,751.68,751.75,2660
2026-07-09 17:37:00+00:00,2026-07-09,SPY,751.75,751.89,751.75,751.79,2529
2026-07-09 17:38:00+00:00,2026-07-09,SPY,751.8,751.8,751.71,751.73,1126
2026-07-09 17:39:00+00:00,2026-07-09,SPY,751.745,751.79,751.705,751.72,3521
2026-07-09 17:40:00+00:00,2026-07-09,SPY,751.7,751.7,751.525,751.61,1957
2026-07-09 17:41:00+00:00,2026-07-09,SPY,751.61,751.67,751.58,751.6,1859
2026-07-09 17:42:00+00:00,2026-07-09,SPY,751.62,751.74,751.61,751.74,1472
2026-07-09 17:43:00+00:00,2026-07-09,SPY,751.75,751.8,751.71,751.72,1721
2026-07-09 17:44:00+00:00,2026-07-09,SPY,751.7,751.72,751.62,751.69,2246
2026-07-09 17:45:00+00:00,2026-07-09,SPY,751.72,751.79,751.71,751.75,2493
2026-07-09 17:46:00+00:00,2026-07-09,SPY,751.73,751.8,751.695,751.8,2118
2026-07-09 17:47:00+00:00,2026-07-09,SPY,751.82,751.97,751.815,751.97,5229
2026-07-09 17:48:00+00:00,2026-07-09,SPY,751.97,751.97,751.85,751.92,1946
2026-07-09 17:49:00+00:00,2026-07-09,SPY,751.88,751.9,751.8,751.84,1900
2026-07-09 17:50:00+00:00,2026-07-09,SPY,751.85,751.91,751.82,751.84,2830
2026-07-09 17:51:00+00:00,2026-07-09,SPY,751.79,751.855,751.79,751.82,4102
2026-07-09 17:52:00+00:00,2026-07-09,SPY,751.81,751.85,751.755,751.82,3071
2026-07-09 17:53:00+00:00,2026-07-09,SPY,751.82,751.82,751.76,751.81,2001
2026-07-09 17:54:00+00:00,2026-07-09,SPY,751.8,751.83,751.695,751.73,3110
2026-07-09 17:55:00+00:00,2026-07-09,SPY,751.71,751.74,751.68,751.71,1522
2026-07-09 17:56:00+00:00,2026-07-09,SPY,751.7,751.74,751.65,751.66,1893
2026-07-09 17:57:00+00:00,2026-07-09,SPY,751.66,751.695,751.59,751.6,1696
2026-07-09 17:58:00+00:00,2026-07-09,SPY,751.615,751.71,751.31,751.47,6353
2026-07-09 17:59:00+00:00,2026-07-09,SPY,751.47,751.61,751.44,751.61,5189
2026-07-09 18:00:00+00:00,2026-07-09,SPY,751.63,751.7,751.545,751.63,1878
2026-07-09 18:01:00+00:00,2026-07-09,SPY,751.61,751.72,751.61,751.66,3974
2026-07-09 18:02:00+00:00,2026-07-09,SPY,751.645,751.66,751.49,751.51,6257
2026-07-09 18:03:00+00:00,2026-07-09,SPY,751.5,751.57,751.48,751.54,3111
2026-07-09 18:04:00+00:00,2026-07-09,SPY,751.5,751.51,751.44,751.5,1114
2026-07-09 18:05:00+00:00,2026-07-09,SPY,751.53,751.69,751.53,751.69,2846
2026-07-09 18:06:00+00:00,2026-07-09,SPY,751.71,751.81,751.71,751.71,9141
2026-07-09 18:07:00+00:00,2026-07-09,SPY,751.7,751.79,751.69,751.72,3213
2026-07-09 18:08:00+00:00,2026-07-09,SPY,751.74,751.75,751.65,751.7,2402
2026-07-09 18:09:00+00:00,2026-07-09,SPY,751.71,751.73,751.65,751.7,1667
2026-07-09 18:10:00+00:00,2026-07-09,SPY,751.69,751.75,751.64,751.69,7691
2026-07-09 18:11:00+00:00,2026-07-09,SPY,751.72,751.77,751.68,751.77,2444
2026-07-09 18:12:00+00:00,2026-07-09,SPY,751.745,751.83,751.73,751.775,2620
2026-07-09 18:13:00+00:00,2026-07-09,SPY,751.72,751.815,751.72,751.72,2602
2026-07-09 18:14:00+00:00,2026-07-09,SPY,751.73,751.77,751.73,751.75,2188
2026-07-09 18:15:00+00:00,2026-07-09,SPY,751.75,751.865,751.75,751.76,2764
2026-07-09 18:16:00+00:00,2026-07-09,SPY,751.8,751.84,751.68,751.7,1850
2026-07-09 18:17:00+00:00,2026-07-09,SPY,751.71,751.72,751.625,751.67,5551
2026-07-09 18:18:00+00:00,2026-07-09,SPY,751.65,751.67,751.55,751.61,3879
2026-07-09 18:19:00+00:00,2026-07-09,SPY,751.62,751.71,751.6,751.63,1862
2026-07-09 18:20:00+00:00,2026-07-09,SPY,751.62,751.63,751.46,751.48,3950
2026-07-09 18:21:00+00:00,2026-07-09,SPY,751.515,751.55,751.44,751.55,1411
2026-07-09 18:22:00+00:00,2026-07-09,SPY,751.55,751.6,751.46,751.46,2309
2026-07-09 18:23:00+00:00,2026-07-09,SPY,751.44,751.48,751.4,751.4,1983
2026-07-09 18:24:00+00:00,2026-07-09,SPY,751.42,751.48,751.34,751.34,5576
2026-07-09 18:25:00+00:00,2026-07-09,SPY,751.33,751.38,751.27,751.335,5303
2026-07-09 18:26:00+00:00,2026-07-09,SPY,751.35,751.39,751.275,751.34,2063
2026-07-09 18:27:00+00:00,2026-07-09,SPY,751.34,751.39,751.285,751.39,2896
2026-07-09 18:28:00+00:00,2026-07-09,SPY,751.36,751.41,751.26,751.26,3549
2026-07-09 18:29:00+00:00,2026-07-09,SPY,751.27,751.44,751.25,751.44,4812
2026-07-09 18:30:00+00:00,2026-07-09,SPY,751.47,751.58,751.39,751.4,2547
2026-07-09 18:31:00+00:00,2026-07-09,SPY,751.415,751.5,751.38,751.495,3530
2026-07-09 18:32:00+00:00,2026-07-09,SPY,751.495,751.51,751.33,751.39,5659
2026-07-09 18:33:00+00:00,2026-07-09,SPY,751.37,751.39,751.32,751.365,3887
2026-07-09 18:34:00+00:00,2026-07-09,SPY,751.35,751.37,751.23,751.25,3610
2026-07-09 18:35:00+00:00,2026-07-09,SPY,751.26,751.26,751.13,751.17,2717
2026-07-09 18:36:00+00:00,2026-07-09,SPY,751.165,751.29,751.14,751.28,5657
2026-07-09 18:37:00+00:00,2026-07-09,SPY,751.26,751.33,751.22,751.22,2252
2026-07-09 18:38:00+00:00,2026-07-09,SPY,751.21,751.285,751.2,751.26,3543
2026-07-09 18:39:00+00:00,2026-07-09,SPY,751.25,751.26,751.13,751.145,3435
2026-07-09 18:40:00+00:00,2026-07-09,SPY,751.145,751.21,751.05,751.19,4452
2026-07-09 18:41:00+00:00,2026-07-09,SPY,751.16,751.23,751.13,751.19,10907
2026-07-09 18:42:00+00:00,2026-07-09,SPY,751.19,751.32,751.17,751.2,6523
2026-07-09 18:43:00+00:00,2026-07-09,SPY,751.23,751.25,751.21,751.24,2228
2026-07-09 18:44:00+00:00,2026-07-09,SPY,751.21,751.32,751.21,751.3,2270
2026-07-09 18:45:00+00:00,2026-07-09,SPY,751.29,751.32,751.22,751.29,11035
2026-07-09 18:46:00+00:00,2026-07-09,SPY,751.27,751.27,751.11,751.19,2432
2026-07-09 18:47:00+00:00,2026-07-09,SPY,751.14,751.26,751.14,751.17,2374
2026-07-09 18:48:00+00:00,2026-07-09,SPY,751.17,751.33,751.17,751.27,2362
2026-07-09 18:49:00+00:00,2026-07-09,SPY,751.24,751.28,751.22,751.26,1973
2026-07-09 18:50:00+00:00,2026-07-09,SPY,751.29,751.34,751.27,751.29,2481
2026-07-09 18:51:00+00:00,2026-07-09,SPY,751.3,751.3,751.16,751.18,3001
2026-07-09 18:52:00+00:00,2026-07-09,SPY,751.21,751.25,751.15,751.19,3629
2026-07-09 18:53:00+00:00,2026-07-09,SPY,751.18,751.19,751.135,751.14,2989
2026-07-09 18:54:00+00:00,2026-07-09,SPY,751.14,751.19,751.11,751.13,3993
2026-07-09 18:55:00+00:00,2026-07-09,SPY,751.13,751.13,750.89,750.93,6769
2026-07-09 18:56:00+00:00,2026-07-09,SPY,750.89,751.01,750.89,751.0,4615
2026-07-09 18:57:00+00:00,2026-07-09,SPY,750.995,751.02,750.91,750.94,4398
2026-07-09 18:58:00+00:00,2026-07-09,SPY,750.94,751.0,750.9,750.96,4514
2026-07-09 18:59:00+00:00,2026-07-09,SPY,750.96,751.12,750.93,751.05,4431
2026-07-09 19:00:00+00:00,2026-07-09,SPY,751.05,751.05,750.88,750.89,3446
2026-07-09 19:01:00+00:00,2026-07-09,SPY,750.87,750.88,750.73,750.84,6324
2026-07-09 19:02:00+00:00,2026-07-09,SPY,750.84,750.95,750.82,750.82,4630
2026-07-09 19:03:00+00:00,2026-07-09,SPY,750.85,750.89,750.83,750.87,5009
2026-07-09 19:04:00+00:00,2026-07-09,SPY,750.88,750.89,750.82,750.85,2405
2026-07-09 19:05:00+00:00,2026-07-09,SPY,750.84,750.92,750.76,750.825,3388
2026-07-09 19:06:00+00:00,2026-07-09,SPY,750.84,751.0,750.78,750.88,7325
2026-07-09 19:07:00+00:00,2026-07-09,SPY,750.87,750.9,750.83,750.85,2170
2026-07-09 19:08:00+00:00,2026-07-09,SPY,750.855,750.86,750.69,750.76,2853
2026-07-09 19:09:00+00:00,2026-07-09,SPY,750.775,750.88,750.75,750.77,2717
2026-07-09 19:10:00+00:00,2026-07-09,SPY,750.77,750.79,750.67,750.72,5270
2026-07-09 19:11:00+00:00,2026-07-09,SPY,750.73,750.875,750.73,750.85,3298
2026-07-09 19:12:00+00:00,2026-07-09,SPY,750.91,751.03,750.88,750.97,5629
2026-07-09 19:13:00+00:00,2026-07-09,SPY,750.97,751.01,750.88,750.9,5614
2026-07-09 19:14:00+00:00,2026-07-09,SPY,750.93,750.97,750.89,750.89,1731
2026-07-09 19:15:00+00:00,2026-07-09,SPY,750.9,750.98,750.84,750.98,4166
2026-07-09 19:16:00+00:00,2026-07-09,SPY,750.98,751.19,750.98,751.19,5769
2026-07-09 19:17:00+00:00,2026-07-09,SPY,751.15,751.24,751.11,751.21,6732
2026-07-09 19:18:00+00:00,2026-07-09,SPY,751.19,751.4,751.15,751.23,14250
2026-07-09 19:19:00+00:00,2026-07-09,SPY,751.245,751.32,751.235,751.3,3407
2026-07-09 19:20:00+00:00,2026-07-09,SPY,751.29,751.34,751.25,751.26,6121
2026-07-09 19:21:00+00:00,2026-07-09,SPY,751.27,751.43,751.26,751.4,6050
2026-07-09 19:22:00+00:00,2026-07-09,SPY,751.41,751.41,751.245,751.245,7538
2026-07-09 19:23:00+00:00,2026-07-09,SPY,751.235,751.27,751.15,751.27,2634
2026-07-09 19:24:00+00:00,2026-07-09,SPY,751.27,751.27,751.175,751.175,7604
2026-07-09 19:25:00+00:00,2026-07-09,SPY,751.21,751.25,751.15,751.15,3954
2026-07-09 19:26:00+00:00,2026-07-09,SPY,751.15,751.17,751.06,751.09,4259
2026-07-09 19:27:00+00:00,2026-07-09,SPY,751.07,751.25,751.07,751.14,3286
2026-07-09 19:28:00+00:00,2026-07-09,SPY,751.14,751.19,751.13,751.16,4669
2026-07-09 19:29:00+00:00,2026-07-09,SPY,751.18,751.19,751.08,751.09,2764
2026-07-09 19:30:00+00:00,2026-07-09,SPY,751.09,751.11,750.94,750.94,5049
2026-07-09 19:31:00+00:00,2026-07-09,SPY,750.98,751.08,750.98,751.07,4976
2026-07-09 19:32:00+00:00,2026-07-09,SPY,751.05,751.09,751.01,751.015,6601
2026-07-09 19:33:00+00:00,2026-07-09,SPY,750.98,751.07,750.97,751.02,14542
2026-07-09 19:34:00+00:00,2026-07-09,SPY,751.055,751.11,751.03,751.095,6198
2026-07-09 19:35:00+00:00,2026-07-09,SPY,751.11,751.26,751.09,751.2,4676
2026-07-09 19:36:00+00:00,2026-07-09,SPY,751.225,751.38,751.21,751.31,4599
2026-07-09 19:37:00+00:00,2026-07-09,SPY,751.3,751.3,751.16,751.19,4831
2026-07-09 19:38:00+00:00,2026-07-09,SPY,751.15,751.25,751.14,751.24,1846
2026-07-09 19:39:00+00:00,2026-07-09,SPY,751.22,751.29,751.22,751.27,3135
2026-07-09 19:40:00+00:00,2026-07-09,SPY,751.28,751.35,751.26,751.29,7139
2026-07-09 19:41:00+00:00,2026-07-09,SPY,751.28,751.28,751.145,751.23,6366
2026-07-09 19:42:00+00:00,2026-07-09,SPY,751.27,751.27,751.16,751.24,1739
2026-07-09 19:43:00+00:00,2026-07-09,SPY,751.28,751.35,751.265,751.3,5382
2026-07-09 19:44:00+00:00,2026-07-09,SPY,751.31,751.47,751.27,751.42,4507
2026-07-09 19:45:00+00:00,2026-07-09,SPY,751.4,751.47,751.26,751.3,15334
2026-07-09 19:46:00+00:00,2026-07-09,SPY,751.33,751.37,751.31,751.365,3499
2026-07-09 19:47:00+00:00,2026-07-09,SPY,751.36,751.385,751.3,751.35,4360
2026-07-09 19:48:00+00:00,2026-07-09,SPY,751.37,751.39,751.29,751.3,9714
2026-07-09 19:49:00+00:00,2026-07-09,SPY,751.29,751.34,751.25,751.25,9959
2026-07-09 19:50:00+00:00,2026-07-09,SPY,751.2,751.23,751.03,751.155,37476
2026-07-09 19:51:00+00:00,2026-07-09,SPY,751.155,751.17,750.965,751.09,31753
2026-07-09 19:52:00+00:00,2026-07-09,SPY,751.07,751.145,751.01,751.06,18779
2026-07-09 19:53:00+00:00,2026-07-09,SPY,751.055,751.08,750.925,750.94,41471
2026-07-09 19:54:00+00:00,2026-07-09,SPY,750.95,751.01,750.84,750.84,37922
2026-07-09 19:55:00+00:00,2026-07-09,SPY,750.86,751.24,750.86,751.16,16011
2026-07-09 19:56:00+00:00,2026-07-09,SPY,751.15,751.2,751.11,751.16,15640
2026-07-09 19:57:00+00:00,2026-07-09,SPY,751.16,751.36,751.16,751.32,19276
2026-07-09 19:58:00+00:00,2026-07-09,SPY,751.32,751.435,751.29,751.29,37965
2026-07-09 19:59:00+00:00,2026-07-09,SPY,751.31,751.64,751.255,751.64,43364
2026-07-09 20:00:00+00:00,2026-07-09,SPY,751.61,751.61,751.5,751.5,148
2026-07-09 20:02:00+00:00,2026-07-09,SPY,751.37,751.37,751.37,751.37,120
2026-07-09 20:15:00+00:00,2026-07-09,SPY,751.69,751.69,751.69,751.69,126
2026-07-09 20:16:00+00:00,2026-07-09,SPY,751.69,751.72,751.54,751.54,432
2026-07-09 20:22:00+00:00,2026-07-09,SPY,751.4,751.4,751.4,751.4,140
2026-07-09 20:31:00+00:00,2026-07-09,SPY,751.36,751.36,751.36,751.36,120
2026-07-09 20:32:00+00:00,2026-07-09,SPY,751.35,751.38,751.35,751.38,240
2026-07-09 20:41:00+00:00,2026-07-09,SPY,751.47,751.47,751.47,751.47,126
2026-07-09 20:44:00+00:00,2026-07-09,SPY,751.36,751.36,751.36,751.36,126
2026-07-09 20:49:00+00:00,2026-07-09,SPY,751.36,751.36,751.36,751.36,11
2026-07-10 08:02:00+00:00,2026-07-10,SPY,749.97,749.97,749.97,749.97,1
2026-07-10 08:09:00+00:00,2026-07-10,SPY,750.41,750.41,750.41,750.41,120
2026-07-10 08:35:00+00:00,2026-07-10,SPY,750.37,750.37,750.37,750.37,126
2026-07-10 08:52:00+00:00,2026-07-10,SPY,750.4,750.4,750.4,750.4,10
2026-07-10 09:15:00+00:00,2026-07-10,SPY,751.01,751.01,751.01,751.01,126
2026-07-10 09:32:00+00:00,2026-07-10,SPY,750.95,750.95,750.95,750.95,1
2026-07-10 09:42:00+00:00,2026-07-10,SPY,751.01,751.02,751.01,751.01,70
2026-07-10 10:08:00+00:00,2026-07-10,SPY,751.41,751.44,751.41,751.43,532
2026-07-10 10:12:00+00:00,2026-07-10,SPY,751.36,751.37,751.35,751.36,326
2026-07-10 10:16:00+00:00,2026-07-10,SPY,751.33,751.33,751.33,751.33,126
2026-07-10 10:21:00+00:00,2026-07-10,SPY,751.4,751.4,751.4,751.4,126
2026-07-10 10:22:00+00:00,2026-07-10,SPY,751.48,751.48,751.48,751.48,100
2026-07-10 10:32:00+00:00,2026-07-10,SPY,751.63,751.63,751.59,751.59,312
2026-07-10 10:40:00+00:00,2026-07-10,SPY,751.73,751.73,751.73,751.73,126
2026-07-10 10:48:00+00:00,2026-07-10,SPY,751.79,751.79,751.79,751.79,2
2026-07-10 10:52:00+00:00,2026-07-10,SPY,751.61,751.61,751.61,751.61,1
2026-07-10 11:05:00+00:00,2026-07-10,SPY,751.86,751.86,751.86,751.86,40
2026-07-10 11:16:00+00:00,2026-07-10,SPY,751.95,751.95,751.95,751.95,80
2026-07-10 11:24:00+00:00,2026-07-10,SPY,751.97,751.99,751.97,751.99,252
2026-07-10 11:30:00+00:00,2026-07-10,SPY,751.27,751.27,751.16,751.16,600
2026-07-10 11:55:00+00:00,2026-07-10,SPY,751.34,751.34,751.33,751.33,126
2026-07-10 12:13:00+00:00,2026-07-10,SPY,752.19,752.19,752.19,752.19,72
2026-07-10 12:14:00+00:00,2026-07-10,SPY,752.13,752.14,751.88,751.89,692
2026-07-10 12:40:00+00:00,2026-07-10,SPY,752.05,752.05,752.05,752.05,40
2026-07-10 12:43:00+00:00,2026-07-10,SPY,751.77,751.77,751.77,751.77,126
2026-07-10 12:54:00+00:00,2026-07-10,SPY,751.74,751.74,751.74,751.74,126
2026-07-10 13:01:00+00:00,2026-07-10,SPY,751.72,751.72,751.72,751.72,35
2026-07-10 13:03:00+00:00,2026-07-10,SPY,751.73,751.73,751.73,751.73,14
2026-07-10 13:05:00+00:00,2026-07-10,SPY,751.74,751.74,751.74,751.74,17
2026-07-10 13:13:00+00:00,2026-07-10,SPY,751.82,751.82,751.82,751.82,160
2026-07-10 13:14:00+00:00,2026-07-10,SPY,751.85,751.85,751.85,751.85,160
2026-07-10 13:15:00+00:00,2026-07-10,SPY,751.83,751.85,751.83,751.85,120
2026-07-10 13:16:00+00:00,2026-07-10,SPY,751.9,751.9,751.9,751.9,48
2026-07-10 13:17:00+00:00,2026-07-10,SPY,751.84,751.9,751.82,751.9,521
2026-07-10 13:18:00+00:00,2026-07-10,SPY,751.91,751.91,751.89,751.9,680
2026-07-10 13:19:00+00:00,2026-07-10,SPY,751.85,751.85,751.85,751.85,280
2026-07-10 13:20:00+00:00,2026-07-10,SPY,751.96,751.97,751.96,751.97,89
2026-07-10 13:21:00+00:00,2026-07-10,SPY,751.97,751.98,751.95,751.95,394
2026-07-10 13:22:00+00:00,2026-07-10,SPY,751.98,751.98,751.98,751.98,75
2026-07-10 13:23:00+00:00,2026-07-10,SPY,751.93,751.98,751.93,751.98,155
2026-07-10 13:24:00+00:00,2026-07-10,SPY,751.98,752.0,751.98,752.0,42
2026-07-10 13:25:00+00:00,2026-07-10,SPY,752.0,752.21,752.0,752.21,569
2026-07-10 13:26:00+00:00,2026-07-10,SPY,752.21,752.21,752.21,752.21,11
2026-07-10 13:27:00+00:00,2026-07-10,SPY,751.86,751.86,751.84,751.86,1748
2026-07-10 13:29:00+00:00,2026-07-10,SPY,751.91,751.98,751.91,751.93,397
2026-07-10 13:30:00+00:00,2026-07-10,SPY,752.1,752.47,752.05,752.47,12413
2026-07-10 13:31:00+00:00,2026-07-10,SPY,752.49,752.655,752.31,752.51,6006
2026-07-10 13:32:00+00:00,2026-07-10,SPY,752.54,752.76,752.43,752.76,2108
2026-07-10 13:33:00+00:00,2026-07-10,SPY,752.79,752.85,752.59,752.69,3094
2026-07-10 13:34:00+00:00,2026-07-10,SPY,752.64,752.68,752.49,752.6,4802
2026-07-10 13:35:00+00:00,2026-07-10,SPY,752.52,752.875,752.495,752.625,3290
2026-07-10 13:36:00+00:00,2026-07-10,SPY,752.62,753.11,752.61,753.01,3552
2026-07-10 13:37:00+00:00,2026-07-10,SPY,753.0,753.16,752.9,752.92,5903
2026-07-10 13:38:00+00:00,2026-07-10,SPY,752.86,752.97,752.81,752.93,3815
2026-07-10 13:39:00+00:00,2026-07-10,SPY,752.935,752.935,752.59,752.59,3652
2026-07-10 13:40:00+00:00,2026-07-10,SPY,752.585,752.63,751.81,751.87,6497
2026-07-10 13:41:00+00:00,2026-07-10,SPY,751.87,752.23,751.84,751.945,6339
2026-07-10 13:42:00+00:00,2026-07-10,SPY,751.935,752.13,751.915,752.06,8048
2026-07-10 13:43:00+00:00,2026-07-10,SPY,751.92,752.3,751.87,752.3,4090
2026-07-10 13:44:00+00:00,2026-07-10,SPY,752.38,752.46,752.16,752.22,2057
2026-07-10 13:45:00+00:00,2026-07-10,SPY,752.265,752.44,752.1,752.22,2588
2026-07-10 13:46:00+00:00,2026-07-10,SPY,752.19,752.78,752.19,752.71,2610
2026-07-10 13:47:00+00:00,2026-07-10,SPY,752.645,752.805,752.61,752.75,1913
2026-07-10 13:48:00+00:00,2026-07-10,SPY,752.74,752.87,752.685,752.86,4574
2026-07-10 13:49:00+00:00,2026-07-10,SPY,752.84,753.11,752.84,753.03,2242
2026-07-10 13:50:00+00:00,2026-07-10,SPY,753.015,753.015,752.74,752.86,2047
2026-07-10 13:51:00+00:00,2026-07-10,SPY,752.96,753.03,752.755,752.755,3276
2026-07-10 13:52:00+00:00,2026-07-10,SPY,752.79,753.15,752.79,753.11,3260
2026-07-10 13:53:00+00:00,2026-07-10,SPY,753.09,753.19,753.06,753.11,3597
2026-07-10 13:54:00+00:00,2026-07-10,SPY,753.12,753.16,752.905,752.905,2169
2026-07-10 13:55:00+00:00,2026-07-10,SPY,752.9,752.9,752.61,752.78,5438
2026-07-10 13:56:00+00:00,2026-07-10,SPY,752.78,752.965,752.66,752.965,2677
2026-07-10 13:57:00+00:00,2026-07-10,SPY,752.95,753.14,752.8,752.97,4697
2026-07-10 13:58:00+00:00,2026-07-10,SPY,753.035,753.22,753.035,753.12,2208
2026-07-10 13:59:00+00:00,2026-07-10,SPY,753.12,753.18,752.86,752.925,4096
2026-07-10 14:00:00+00:00,2026-07-10,SPY,752.92,753.07,752.86,752.94,6454
2026-07-10 14:01:00+00:00,2026-07-10,SPY,752.91,753.22,752.79,753.17,3270
2026-07-10 14:02:00+00:00,2026-07-10,SPY,753.19,753.33,753.14,753.24,2376
2026-07-10 14:03:00+00:00,2026-07-10,SPY,753.32,753.33,753.175,753.26,2034
2026-07-10 14:04:00+00:00,2026-07-10,SPY,753.28,753.28,752.96,753.08,2680
2026-07-10 14:05:00+00:00,2026-07-10,SPY,753.17,753.17,753.0,753.03,2378
2026-07-10 14:06:00+00:00,2026-07-10,SPY,753.09,753.25,752.87,752.89,2879
2026-07-10 14:07:00+00:00,2026-07-10,SPY,752.78,752.89,752.67,752.74,4017
2026-07-10 14:08:00+00:00,2026-07-10,SPY,752.715,752.82,752.49,752.82,2477
2026-07-10 14:09:00+00:00,2026-07-10,SPY,752.8,753.13,752.8,753.06,2330
2026-07-10 14:10:00+00:00,2026-07-10,SPY,753.05,753.14,752.85,753.095,6021
2026-07-10 14:11:00+00:00,2026-07-10,SPY,753.09,753.09,752.685,752.815,3496
2026-07-10 14:12:00+00:00,2026-07-10,SPY,752.9,753.05,752.84,753.03,1627
2026-07-10 14:13:00+00:00,2026-07-10,SPY,753.02,753.02,752.805,752.97,3358
2026-07-10 14:14:00+00:00,2026-07-10,SPY,752.81,752.83,752.64,752.72,1537
2026-07-10 14:15:00+00:00,2026-07-10,SPY,752.66,752.71,752.35,752.63,4482
2026-07-10 14:16:00+00:00,2026-07-10,SPY,752.64,752.81,752.56,752.75,4141
2026-07-10 14:17:00+00:00,2026-07-10,SPY,752.7,752.97,752.65,752.92,4239
2026-07-10 14:18:00+00:00,2026-07-10,SPY,752.88,752.97,752.62,752.66,2859
2026-07-10 14:19:00+00:00,2026-07-10,SPY,752.62,752.83,752.39,752.66,11956
2026-07-10 14:20:00+00:00,2026-07-10,SPY,752.71,752.82,752.62,752.69,5368
2026-07-10 14:21:00+00:00,2026-07-10,SPY,752.675,752.675,752.16,752.29,9397
2026-07-10 14:22:00+00:00,2026-07-10,SPY,752.3,752.52,752.25,752.47,4230
2026-07-10 14:23:00+00:00,2026-07-10,SPY,752.46,752.7,752.35,752.7,6681
2026-07-10 14:24:00+00:00,2026-07-10,SPY,752.7,752.77,752.46,752.55,3057
2026-07-10 14:25:00+00:00,2026-07-10,SPY,752.34,752.34,752.17,752.32,3431
2026-07-10 14:26:00+00:00,2026-07-10,SPY,752.325,752.65,752.25,752.54,4281
2026-07-10 14:27:00+00:00,2026-07-10,SPY,752.635,752.88,752.46,752.83,1984
2026-07-10 14:28:00+00:00,2026-07-10,SPY,752.88,753.13,752.85,753.13,3374
2026-07-10 14:29:00+00:00,2026-07-10,SPY,753.09,753.09,752.57,752.57,1798
2026-07-10 14:30:00+00:00,2026-07-10,SPY,752.71,752.85,752.57,752.85,892
2026-07-10 14:31:00+00:00,2026-07-10,SPY,752.85,752.85,752.74,752.8,3654
2026-07-10 14:32:00+00:00,2026-07-10,SPY,752.8,753.2,749.49,749.49,18040
2026-07-10 14:33:00+00:00,2026-07-10,SPY,749.59,750.6,748.1,750.57,35349
2026-07-10 14:34:00+00:00,2026-07-10,SPY,750.68,751.42,750.68,750.94,7355
2026-07-10 14:35:00+00:00,2026-07-10,SPY,751.0,751.37,750.49,750.49,7306
2026-07-10 14:36:00+00:00,2026-07-10,SPY,750.64,751.47,750.5,751.35,7260
2026-07-10 14:37:00+00:00,2026-07-10,SPY,751.34,751.87,751.3,751.7,5024
2026-07-10 14:38:00+00:00,2026-07-10,SPY,751.84,752.03,751.53,751.94,4350
2026-07-10 14:39:00+00:00,2026-07-10,SPY,751.93,751.99,751.41,751.695,5869
2026-07-10 14:40:00+00:00,2026-07-10,SPY,751.725,751.795,751.55,751.71,2559
2026-07-10 14:41:00+00:00,2026-07-10,SPY,751.68,751.68,751.32,751.345,5611
2026-07-10 14:42:00+00:00,2026-07-10,SPY,751.47,751.87,751.44,751.8,3832
2026-07-10 14:43:00+00:00,2026-07-10,SPY,751.55,751.74,751.545,751.6,571
2026-07-10 14:44:00+00:00,2026-07-10,SPY,751.5,752.235,751.49,752.1,5746
2026-07-10 14:45:00+00:00,2026-07-10,SPY,752.22,752.29,751.84,752.16,3052
2026-07-10 14:46:00+00:00,2026-07-10,SPY,752.1,752.1,751.85,751.95,731
2026-07-10 14:47:00+00:00,2026-07-10,SPY,751.9,752.05,751.87,751.91,413
2026-07-10 14:48:00+00:00,2026-07-10,SPY,751.89,752.01,751.65,751.71,427
2026-07-10 14:49:00+00:00,2026-07-10,SPY,751.92,752.46,751.89,752.4,2277
2026-07-10 14:50:00+00:00,2026-07-10,SPY,752.44,752.61,752.14,752.19,2468
2026-07-10 14:51:00+00:00,2026-07-10,SPY,752.19,752.395,752.05,752.395,793
2026-07-10 14:52:00+00:00,2026-07-10,SPY,752.3,752.44,752.16,752.25,1044
2026-07-10 14:53:00+00:00,2026-07-10,SPY,752.27,752.29,751.97,752.09,1532
2026-07-10 14:54:00+00:00,2026-07-10,SPY,752.18,752.18,751.93,751.93,1184
2026-07-10 14:55:00+00:00,2026-07-10,SPY,751.91,752.025,751.455,751.455,2194
2026-07-10 14:56:00+00:00,2026-07-10,SPY,751.41,751.44,751.11,751.34,6250
2026-07-10 14:57:00+00:00,2026-07-10,SPY,751.26,751.63,751.26,751.58,1982
2026-07-10 14:58:00+00:00,2026-07-10,SPY,751.635,751.635,751.15,751.23,1663
2026-07-10 14:59:00+00:00,2026-07-10,SPY,751.22,751.3,751.08,751.23,2680
2026-07-10 15:00:00+00:00,2026-07-10,SPY,751.25,751.35,750.96,751.195,1939
2026-07-10 15:01:00+00:00,2026-07-10,SPY,751.32,751.32,751.01,751.065,2583
2026-07-10 15:02:00+00:00,2026-07-10,SPY,751.08,751.25,750.995,751.0,3540
2026-07-10 15:03:00+00:00,2026-07-10,SPY,751.115,751.42,751.05,751.42,5090
2026-07-10 15:04:00+00:00,2026-07-10,SPY,751.33,751.435,750.97,750.97,3389
2026-07-10 15:05:00+00:00,2026-07-10,SPY,750.73,751.105,750.66,750.98,4457
2026-07-10 15:06:00+00:00,2026-07-10,SPY,750.9,751.04,750.68,751.04,1864
2026-07-10 15:07:00+00:00,2026-07-10,SPY,751.0,751.51,751.0,751.44,2654
2026-07-10 15:08:00+00:00,2026-07-10,SPY,751.48,751.7,751.48,751.6,1567
2026-07-10 15:09:00+00:00,2026-07-10,SPY,751.61,751.75,751.56,751.75,1262
2026-07-10 15:10:00+00:00,2026-07-10,SPY,751.74,752.03,751.74,751.96,2081
2026-07-10 15:11:00+00:00,2026-07-10,SPY,751.975,751.99,751.72,751.88,1138
2026-07-10 15:12:00+00:00,2026-07-10,SPY,751.92,751.92,751.69,751.71,2706
2026-07-10 15:13:00+00:00,2026-07-10,SPY,751.66,751.97,751.65,751.86,659
2026-07-10 15:14:00+00:00,2026-07-10,SPY,751.835,751.99,751.835,751.87,1488
2026-07-10 15:15:00+00:00,2026-07-10,SPY,751.945,752.56,751.945,752.46,3617
2026-07-10 15:16:00+00:00,2026-07-10,SPY,752.52,753.15,752.52,752.905,3075
2026-07-10 15:17:00+00:00,2026-07-10,SPY,752.84,752.93,752.78,752.79,7992
2026-07-10 15:18:00+00:00,2026-07-10,SPY,752.81,752.87,752.58,752.65,2537
2026-07-10 15:19:00+00:00,2026-07-10,SPY,752.71,752.72,752.39,752.67,1263
2026-07-10 15:20:00+00:00,2026-07-10,SPY,752.63,752.82,752.42,752.78,2272
2026-07-10 15:21:00+00:00,2026-07-10,SPY,752.78,752.83,752.62,752.72,3374
2026-07-10 15:22:00+00:00,2026-07-10,SPY,752.73,752.73,752.53,752.665,2958
2026-07-10 15:23:00+00:00,2026-07-10,SPY,752.62,753.08,752.56,752.95,4091
2026-07-10 15:24:00+00:00,2026-07-10,SPY,752.9,753.02,752.78,753.02,5069
2026-07-10 15:25:00+00:00,2026-07-10,SPY,753.05,753.38,753.04,753.18,5074
2026-07-10 15:26:00+00:00,2026-07-10,SPY,753.205,753.36,753.205,753.25,3159
2026-07-10 15:27:00+00:00,2026-07-10,SPY,753.2,753.42,753.17,753.19,2098
2026-07-10 15:28:00+00:00,2026-07-10,SPY,753.19,753.31,753.14,753.24,2234
2026-07-10 15:29:00+00:00,2026-07-10,SPY,753.32,753.32,753.11,753.23,5066
2026-07-10 15:30:00+00:00,2026-07-10,SPY,753.32,753.38,753.14,753.21,2947
2026-07-10 15:31:00+00:00,2026-07-10,SPY,753.17,753.18,752.91,753.11,4749
2026-07-10 15:32:00+00:00,2026-07-10,SPY,753.16,753.25,753.09,753.15,8208
2026-07-10 15:33:00+00:00,2026-07-10,SPY,753.09,753.2,753.02,753.19,4754
2026-07-10 15:34:00+00:00,2026-07-10,SPY,753.16,753.19,752.89,752.95,4927
2026-07-10 15:35:00+00:00,2026-07-10,SPY,753.03,753.04,752.63,752.68,3091
2026-07-10 15:36:00+00:00,2026-07-10,SPY,752.66,752.84,752.63,752.77,2626
2026-07-10 15:37:00+00:00,2026-07-10,SPY,752.76,752.88,752.74,752.83,2296
2026-07-10 15:38:00+00:00,2026-07-10,SPY,752.88,753.04,752.805,752.805,1369
2026-07-10 15:39:00+00:00,2026-07-10,SPY,752.83,752.83,752.33,752.43,2543
2026-07-10 15:40:00+00:00,2026-07-10,SPY,752.28,752.51,752.22,752.39,1481
2026-07-10 15:41:00+00:00,2026-07-10,SPY,752.41,752.41,751.91,752.08,5579
2026-07-10 15:42:00+00:00,2026-07-10,SPY,752.13,752.13,751.39,751.51,2828
2026-07-10 15:43:00+00:00,2026-07-10,SPY,751.605,751.91,751.6,751.85,3108
2026-07-10 15:44:00+00:00,2026-07-10,SPY,751.77,752.15,751.77,752.06,2783
2026-07-10 15:45:00+00:00,2026-07-10,SPY,751.95,751.99,751.61,751.75,3240
2026-07-10 15:46:00+00:00,2026-07-10,SPY,751.85,752.03,751.8,751.98,9194
2026-07-10 15:47:00+00:00,2026-07-10,SPY,751.93,752.34,751.93,752.32,1268
2026-07-10 15:48:00+00:00,2026-07-10,SPY,752.35,752.41,752.26,752.325,1981
2026-07-10 15:49:00+00:00,2026-07-10,SPY,752.305,752.64,752.305,752.45,771
2026-07-10 15:50:00+00:00,2026-07-10,SPY,752.46,752.53,752.39,752.48,747
2026-07-10 15:51:00+00:00,2026-07-10,SPY,752.58,752.61,752.46,752.49,1404
2026-07-10 15:52:00+00:00,2026-07-10,SPY,752.41,752.74,752.405,752.66,1612
2026-07-10 15:53:00+00:00,2026-07-10,SPY,752.65,752.79,752.65,752.77,900
2026-07-10 15:54:00+00:00,2026-07-10,SPY,752.78,752.91,752.72,752.84,1919
2026-07-10 15:55:00+00:00,2026-07-10,SPY,752.84,752.87,752.68,752.75,1171
2026-07-10 15:56:00+00:00,2026-07-10,SPY,752.75,752.91,752.71,752.75,1416
2026-07-10 15:57:00+00:00,2026-07-10,SPY,752.76,752.84,752.51,752.82,1868
2026-07-10 15:58:00+00:00,2026-07-10,SPY,752.77,752.82,752.67,752.81,1026
2026-07-10 15:59:00+00:00,2026-07-10,SPY,752.74,752.82,752.73,752.81,1078
2026-07-10 16:00:00+00:00,2026-07-10,SPY,752.88,753.145,752.87,753.1,2821
2026-07-10 16:01:00+00:00,2026-07-10,SPY,753.13,753.3,753.02,753.07,3095
2026-07-10 16:02:00+00:00,2026-07-10,SPY,753.13,753.15,753.07,753.14,1235
2026-07-10 16:03:00+00:00,2026-07-10,SPY,753.14,753.15,752.92,752.92,2350
2026-07-10 16:04:00+00:00,2026-07-10,SPY,752.93,753.19,752.93,753.16,2181
2026-07-10 16:05:00+00:00,2026-07-10,SPY,753.18,753.2,752.95,752.95,2949
2026-07-10 16:06:00+00:00,2026-07-10,SPY,753.0,753.04,752.94,752.95,995
2026-07-10 16:07:00+00:00,2026-07-10,SPY,752.93,753.05,752.88,753.01,5404
2026-07-10 16:08:00+00:00,2026-07-10,SPY,753.0,753.02,752.85,752.96,1511
2026-07-10 16:09:00+00:00,2026-07-10,SPY,752.94,752.99,752.86,752.95,3718
2026-07-10 16:10:00+00:00,2026-07-10,SPY,752.97,753.15,752.9,753.11,3887
2026-07-10 16:11:00+00:00,2026-07-10,SPY,753.13,753.17,752.85,753.0,3419
2026-07-10 16:12:00+00:00,2026-07-10,SPY,753.035,753.14,752.915,753.13,2566
2026-07-10 16:13:00+00:00,2026-07-10,SPY,753.15,753.23,753.1,753.12,1636
2026-07-10 16:14:00+00:00,2026-07-10,SPY,753.16,753.24,753.14,753.23,1072
2026-07-10 16:15:00+00:00,2026-07-10,SPY,753.24,753.39,753.24,753.35,3377
2026-07-10 16:16:00+00:00,2026-07-10,SPY,753.35,753.69,753.35,753.61,6418
2026-07-10 16:17:00+00:00,2026-07-10,SPY,753.59,753.61,753.48,753.57,3592
2026-07-10 16:18:00+00:00,2026-07-10,SPY,753.535,753.62,753.42,753.43,2458
2026-07-10 16:19:00+00:00,2026-07-10,SPY,753.42,753.58,753.37,753.58,2380
2026-07-10 16:20:00+00:00,2026-07-10,SPY,753.6,753.62,753.44,753.45,1918
2026-07-10 16:21:00+00:00,2026-07-10,SPY,753.425,753.425,753.23,753.23,1054
2026-07-10 16:22:00+00:00,2026-07-10,SPY,753.25,753.44,753.225,753.43,802
2026-07-10 16:23:00+00:00,2026-07-10,SPY,753.4,753.42,753.33,753.41,1382
2026-07-10 16:24:00+00:00,2026-07-10,SPY,753.41,753.48,753.37,753.39,1901
2026-07-10 16:25:00+00:00,2026-07-10,SPY,753.415,753.42,753.22,753.22,1097
2026-07-10 16:26:00+00:00,2026-07-10,SPY,753.23,753.29,753.23,753.26,1438
2026-07-10 16:27:00+00:00,2026-07-10,SPY,753.205,753.315,753.205,753.31,6892
2026-07-10 16:28:00+00:00,2026-07-10,SPY,753.32,753.4,753.22,753.27,1565
2026-07-10 16:29:00+00:00,2026-07-10,SPY,753.23,753.26,753.19,753.19,1447
2026-07-10 16:30:00+00:00,2026-07-10,SPY,753.27,753.33,753.25,753.25,1950
2026-07-10 16:31:00+00:00,2026-07-10,SPY,753.23,753.4,753.23,753.36,2248
2026-07-10 16:32:00+00:00,2026-07-10,SPY,753.37,753.57,753.36,753.52,1656
2026-07-10 16:33:00+00:00,2026-07-10,SPY,753.54,753.59,753.52,753.57,5683
2026-07-10 16:34:00+00:00,2026-07-10,SPY,753.58,753.59,753.42,753.5,8365
2026-07-10 16:35:00+00:00,2026-07-10,SPY,753.475,753.57,753.46,753.54,2723
2026-07-10 16:36:00+00:00,2026-07-10,SPY,753.55,753.59,753.35,753.35,2621
2026-07-10 16:37:00+00:00,2026-07-10,SPY,753.33,753.34,753.05,753.175,9127
2026-07-10 16:38:00+00:00,2026-07-10,SPY,753.12,753.24,753.1,753.21,2514
2026-07-10 16:39:00+00:00,2026-07-10,SPY,753.18,753.29,753.16,753.27,733
2026-07-10 16:40:00+00:00,2026-07-10,SPY,753.25,753.54,753.25,753.49,1896
2026-07-10 16:41:00+00:00,2026-07-10,SPY,753.46,753.49,753.42,753.42,995
2026-07-10 16:42:00+00:00,2026-07-10,SPY,753.42,753.55,753.42,753.48,805
2026-07-10 16:43:00+00:00,2026-07-10,SPY,753.47,753.62,753.47,753.58,1638
2026-07-10 16:44:00+00:00,2026-07-10,SPY,753.58,753.64,753.52,753.6,2754
2026-07-10 16:45:00+00:00,2026-07-10,SPY,753.62,753.815,753.61,753.76,1573
2026-07-10 16:46:00+00:00,2026-07-10,SPY,753.765,753.92,753.765,753.83,3853
2026-07-10 16:47:00+00:00,2026-07-10,SPY,753.83,753.84,753.75,753.815,3910
2026-07-10 16:48:00+00:00,2026-07-10,SPY,753.815,753.85,753.75,753.79,4076
2026-07-10 16:49:00+00:00,2026-07-10,SPY,753.78,753.81,753.74,753.81,1645
2026-07-10 16:50:00+00:00,2026-07-10,SPY,753.815,754.02,753.815,753.95,4267
2026-07-10 16:51:00+00:00,2026-07-10,SPY,753.96,753.97,753.78,753.91,2740
2026-07-10 16:52:00+00:00,2026-07-10,SPY,753.92,754.01,753.92,754.01,1994
2026-07-10 16:53:00+00:00,2026-07-10,SPY,753.97,753.97,753.83,753.92,1732
2026-07-10 16:54:00+00:00,2026-07-10,SPY,753.915,753.99,753.84,753.99,2190
2026-07-10 16:55:00+00:00,2026-07-10,SPY,753.96,753.96,753.86,753.91,2657
2026-07-10 16:56:00+00:00,2026-07-10,SPY,753.92,753.97,753.87,753.895,1285
2026-07-10 16:57:00+00:00,2026-07-10,SPY,753.9,753.99,753.89,753.99,1592
2026-07-10 16:58:00+00:00,2026-07-10,SPY,753.98,754.13,753.96,754.09,2997
2026-07-10 16:59:00+00:00,2026-07-10,SPY,754.07,754.07,753.98,754.02,2024
2026-07-10 17:00:00+00:00,2026-07-10,SPY,753.995,754.03,753.91,753.92,1554
2026-07-10 17:01:00+00:00,2026-07-10,SPY,753.885,753.935,753.69,753.69,3356
2026-07-10 17:02:00+00:00,2026-07-10,SPY,753.67,753.82,753.67,753.79,1310
2026-07-10 17:03:00+00:00,2026-07-10,SPY,753.755,753.775,753.68,753.7,1292
2026-07-10 17:04:00+00:00,2026-07-10,SPY,753.685,753.77,753.62,753.75,1625
2026-07-10 17:05:00+00:00,2026-07-10,SPY,753.72,753.75,753.65,753.68,1026
2026-07-10 17:06:00+00:00,2026-07-10,SPY,753.74,753.82,753.74,753.82,796
2026-07-10 17:07:00+00:00,2026-07-10,SPY,753.735,753.76,753.685,753.715,1668
2026-07-10 17:08:00+00:00,2026-07-10,SPY,753.74,753.82,753.74,753.8,419
2026-07-10 17:09:00+00:00,2026-07-10,SPY,753.77,753.77,753.63,753.63,1593
2026-07-10 17:10:00+00:00,2026-07-10,SPY,753.65,753.74,753.65,753.71,386
2026-07-10 17:11:00+00:00,2026-07-10,SPY,753.69,753.705,753.64,753.65,314
2026-07-10 17:12:00+00:00,2026-07-10,SPY,753.69,753.74,753.62,753.67,1835
2026-07-10 17:13:00+00:00,2026-07-10,SPY,753.67,753.67,753.57,753.57,2045
2026-07-10 17:14:00+00:00,2026-07-10,SPY,753.54,753.82,753.48,753.82,2226
2026-07-10 17:15:00+00:00,2026-07-10,SPY,753.78,754.04,753.78,753.97,1925
2026-07-10 17:16:00+00:00,2026-07-10,SPY,753.93,753.96,753.86,753.91,2584
2026-07-10 17:17:00+00:00,2026-07-10,SPY,753.925,753.995,753.885,753.98,735
2026-07-10 17:18:00+00:00,2026-07-10,SPY,753.99,753.99,753.91,753.93,737
2026-07-10 17:19:00+00:00,2026-07-10,SPY,753.95,753.98,753.86,753.86,2009
2026-07-10 17:20:00+00:00,2026-07-10,SPY,753.87,753.94,753.86,753.88,1061
2026-07-10 17:21:00+00:00,2026-07-10,SPY,753.88,753.92,753.86,753.92,833
2026-07-10 17:22:00+00:00,2026-07-10,SPY,753.92,754.0,753.92,753.94,1913
2026-07-10 17:23:00+00:00,2026-07-10,SPY,753.94,753.97,753.89,753.89,1868
2026-07-10 17:24:00+00:00,2026-07-10,SPY,753.91,753.97,753.88,753.96,3053
2026-07-10 17:25:00+00:00,2026-07-10,SPY,753.96,754.0,753.9,754.0,2941
2026-07-10 17:26:00+00:00,2026-07-10,SPY,754.01,754.06,753.94,753.975,2791
2026-07-10 17:27:00+00:00,2026-07-10,SPY,753.98,753.99,753.9,753.92,1381
2026-07-10 17:28:00+00:00,2026-07-10,SPY,753.94,754.04,753.91,754.02,1285
2026-07-10 17:29:00+00:00,2026-07-10,SPY,754.01,754.05,754.0,754.02,990
2026-07-10 17:30:00+00:00,2026-07-10,SPY,754.02,754.16,754.02,754.07,1526
2026-07-10 17:31:00+00:00,2026-07-10,SPY,754.09,754.155,754.065,754.07,1776
2026-07-10 17:32:00+00:00,2026-07-10,SPY,754.055,754.06,754.0,754.04,4800
2026-07-10 17:33:00+00:00,2026-07-10,SPY,754.035,754.06,753.96,753.99,1966
2026-07-10 17:34:00+00:00,2026-07-10,SPY,753.97,754.01,753.88,754.01,3109
2026-07-10 17:35:00+00:00,2026-07-10,SPY,754.03,754.08,753.99,754.07,3214
2026-07-10 17:36:00+00:00,2026-07-10,SPY,754.08,754.235,754.08,754.21,3554
2026-07-10 17:37:00+00:00,2026-07-10,SPY,754.17,754.41,754.17,754.34,5398
2026-07-10 17:38:00+00:00,2026-07-10,SPY,754.36,754.375,754.29,754.305,752
2026-07-10 17:39:00+00:00,2026-07-10,SPY,754.295,754.34,754.23,754.26,2220
2026-07-10 17:40:00+00:00,2026-07-10,SPY,754.235,754.32,754.235,754.29,4081
2026-07-10 17:41:00+00:00,2026-07-10,SPY,754.285,754.285,754.18,754.18,2009
2026-07-10 17:42:00+00:00,2026-07-10,SPY,754.13,754.19,754.095,754.1,1199
2026-07-10 17:43:00+00:00,2026-07-10,SPY,754.13,754.2,754.1,754.16,1523
2026-07-10 17:44:00+00:00,2026-07-10,SPY,754.13,754.17,754.1,754.12,1913
2026-07-10 17:45:00+00:00,2026-07-10,SPY,754.13,754.29,754.11,754.24,2287
2026-07-10 17:46:00+00:00,2026-07-10,SPY,754.25,754.27,754.24,754.24,333
2026-07-10 17:47:00+00:00,2026-07-10,SPY,754.26,754.3,754.26,754.28,1488
2026-07-10 17:48:00+00:00,2026-07-10,SPY,754.29,754.31,754.28,754.28,1256
2026-07-10 17:49:00+00:00,2026-07-10,SPY,754.24,754.325,754.22,754.29,1340
2026-07-10 17:50:00+00:00,2026-07-10,SPY,754.3,754.35,754.3,754.34,1314
2026-07-10 17:51:00+00:00,2026-07-10,SPY,754.345,754.345,754.27,754.29,1603
2026-07-10 17:52:00+00:00,2026-07-10,SPY,754.34,754.38,754.33,754.36,1059
2026-07-10 17:53:00+00:00,2026-07-10,SPY,754.34,754.34,754.28,754.29,1221
2026-07-10 17:54:00+00:00,2026-07-10,SPY,754.27,754.32,754.24,754.255,1456
2026-07-10 17:55:00+00:00,2026-07-10,SPY,754.275,754.275,754.2,754.26,2966
2026-07-10 17:56:00+00:00,2026-07-10,SPY,754.27,754.3,754.23,754.23,2050
2026-07-10 17:57:00+00:00,2026-07-10,SPY,754.195,754.195,754.09,754.125,1963
2026-07-10 17:58:00+00:00,2026-07-10,SPY,754.135,754.135,753.98,753.98,6239
2026-07-10 17:59:00+00:00,2026-07-10,SPY,753.98,754.02,753.935,754.0,5870
2026-07-10 18:00:00+00:00,2026-07-10,SPY,754.0,754.16,753.935,754.14,3917
2026-07-10 18:01:00+00:00,2026-07-10,SPY,754.13,754.14,754.03,754.06,12337
2026-07-10 18:02:00+00:00,2026-07-10,SPY,754.035,754.08,754.025,754.06,5586
2026-07-10 18:03:00+00:00,2026-07-10,SPY,754.075,754.17,754.075,754.075,6022
2026-07-10 18:04:00+00:00,2026-07-10,SPY,754.09,754.09,754.0,754.06,5675
2026-07-10 18:05:00+00:00,2026-07-10,SPY,754.08,754.22,754.08,754.21,2103
2026-07-10 18:06:00+00:00,2026-07-10,SPY,754.22,754.25,754.17,754.24,1274
2026-07-10 18:07:00+00:00,2026-07-10,SPY,754.25,754.31,754.17,754.17,1869
2026-07-10 18:08:00+00:00,2026-07-10,SPY,754.19,754.23,754.12,754.12,1566
2026-07-10 18:09:00+00:00,2026-07-10,SPY,754.13,754.32,754.13,754.25,1260
2026-07-10 18:10:00+00:00,2026-07-10,SPY,754.245,754.6,754.22,754.37,6416
2026-07-10 18:11:00+00:00,2026-07-10,SPY,754.37,754.37,754.28,754.31,943
2026-07-10 18:12:00+00:00,2026-07-10,SPY,754.31,754.41,754.3,754.32,1251
2026-07-10 18:13:00+00:00,2026-07-10,SPY,754.31,754.31,754.24,754.29,1893
2026-07-10 18:14:00+00:00,2026-07-10,SPY,754.28,754.33,754.26,754.31,1654
2026-07-10 18:15:00+00:00,2026-07-10,SPY,754.3,754.34,754.19,754.19,2721
2026-07-10 18:16:00+00:00,2026-07-10,SPY,754.21,754.22,754.135,754.215,2448
2026-07-10 18:17:00+00:00,2026-07-10,SPY,754.21,754.28,754.2,754.22,1248
2026-07-10 18:18:00+00:00,2026-07-10,SPY,754.24,754.3,754.16,754.18,2323
2026-07-10 18:19:00+00:00,2026-07-10,SPY,754.17,754.23,754.16,754.22,1889
2026-07-10 18:20:00+00:00,2026-07-10,SPY,754.21,754.255,754.08,754.15,2241
2026-07-10 18:21:00+00:00,2026-07-10,SPY,754.155,754.21,754.12,754.14,1993
2026-07-10 18:22:00+00:00,2026-07-10,SPY,754.17,754.27,754.13,754.25,1735
2026-07-10 18:23:00+00:00,2026-07-10,SPY,754.24,754.3,754.2,754.25,1643
2026-07-10 18:24:00+00:00,2026-07-10,SPY,754.27,754.39,754.26,754.3,3123
2026-07-10 18:25:00+00:00,2026-07-10,SPY,754.315,754.72,754.315,754.42,7587
2026-07-10 18:26:00+00:00,2026-07-10,SPY,754.425,754.5,754.36,754.385,4042
2026-07-10 18:27:00+00:00,2026-07-10,SPY,754.4,754.46,754.38,754.42,2054
2026-07-10 18:28:00+00:00,2026-07-10,SPY,754.4,754.41,754.35,754.39,2539
2026-07-10 18:29:00+00:00,2026-07-10,SPY,754.32,754.43,754.32,754.42,1643
2026-07-10 18:30:00+00:00,2026-07-10,SPY,754.43,754.53,754.41,754.53,1304
2026-07-10 18:31:00+00:00,2026-07-10,SPY,754.51,754.52,754.46,754.48,1206
2026-07-10 18:32:00+00:00,2026-07-10,SPY,754.5,754.51,754.38,754.39,1363
2026-07-10 18:33:00+00:00,2026-07-10,SPY,754.36,754.55,754.36,754.54,2730
2026-07-10 18:34:00+00:00,2026-07-10,SPY,754.57,754.58,754.51,754.51,3591
2026-07-10 18:35:00+00:00,2026-07-10,SPY,754.49,754.51,754.45,754.485,1982
2026-07-10 18:36:00+00:00,2026-07-10,SPY,754.5,754.52,754.46,754.47,876
2026-07-10 18:37:00+00:00,2026-07-10,SPY,754.43,754.49,754.37,754.38,1665
2026-07-10 18:38:00+00:00,2026-07-10,SPY,754.39,754.42,754.32,754.36,515
2026-07-10 18:39:00+00:00,2026-07-10,SPY,754.37,754.45,754.37,754.39,1734
2026-07-10 18:40:00+00:00,2026-07-10,SPY,754.41,754.54,754.41,754.54,1472
2026-07-10 18:41:00+00:00,2026-07-10,SPY,754.52,754.53,754.45,754.52,1890
2026-07-10 18:42:00+00:00,2026-07-10,SPY,754.53,754.58,754.47,754.565,3845
2026-07-10 18:43:00+00:00,2026-07-10,SPY,754.58,754.61,754.5,754.5,1640
2026-07-10 18:44:00+00:00,2026-07-10,SPY,754.5,754.51,754.46,754.5,1266
2026-07-10 18:45:00+00:00,2026-07-10,SPY,754.51,754.54,754.485,754.485,976
2026-07-10 18:46:00+00:00,2026-07-10,SPY,754.54,754.6,754.53,754.57,1600
2026-07-10 18:47:00+00:00,2026-07-10,SPY,754.55,754.56,754.51,754.54,6779
2026-07-10 18:48:00+00:00,2026-07-10,SPY,754.53,754.59,754.52,754.53,1814
2026-07-10 18:49:00+00:00,2026-07-10,SPY,754.505,754.52,754.495,754.5,527
2026-07-10 18:50:00+00:00,2026-07-10,SPY,754.5,754.51,754.455,754.465,1584
2026-07-10 18:51:00+00:00,2026-07-10,SPY,754.48,754.52,754.47,754.49,1688
2026-07-10 18:52:00+00:00,2026-07-10,SPY,754.5,754.6,754.5,754.6,1344
2026-07-10 18:53:00+00:00,2026-07-10,SPY,754.605,754.62,754.55,754.55,1399
2026-07-10 18:54:00+00:00,2026-07-10,SPY,754.55,754.61,754.54,754.57,3093
2026-07-10 18:55:00+00:00,2026-07-10,SPY,754.555,754.6,754.52,754.58,4406
2026-07-10 18:56:00+00:00,2026-07-10,SPY,754.595,754.655,754.57,754.58,1962
2026-07-10 18:57:00+00:00,2026-07-10,SPY,754.56,754.61,754.56,754.58,3933
2026-07-10 18:58:00+00:00,2026-07-10,SPY,754.57,754.59,754.53,754.55,1209
2026-07-10 18:59:00+00:00,2026-07-10,SPY,754.5,754.525,754.48,754.5,2706
2026-07-10 19:00:00+00:00,2026-07-10,SPY,754.5,754.58,754.47,754.54,3612
2026-07-10 19:01:00+00:00,2026-07-10,SPY,754.54,754.65,754.54,754.61,2265
2026-07-10 19:02:00+00:00,2026-07-10,SPY,754.59,754.65,754.59,754.64,1025
2026-07-10 19:03:00+00:00,2026-07-10,SPY,754.66,755.04,754.66,755.04,5975
2026-07-10 19:04:00+00:00,2026-07-10,SPY,755.03,755.03,754.93,754.975,5110
2026-07-10 19:05:00+00:00,2026-07-10,SPY,754.995,755.09,754.95,755.09,9131
2026-07-10 19:06:00+00:00,2026-07-10,SPY,755.1,755.11,754.99,755.005,3330
2026-07-10 19:07:00+00:00,2026-07-10,SPY,755.02,755.03,754.935,754.95,2424
2026-07-10 19:08:00+00:00,2026-07-10,SPY,754.93,754.98,754.895,754.91,2874
2026-07-10 19:09:00+00:00,2026-07-10,SPY,754.9,754.94,754.86,754.92,3944
2026-07-10 19:10:00+00:00,2026-07-10,SPY,754.925,755.05,754.925,754.995,3640
2026-07-10 19:11:00+00:00,2026-07-10,SPY,755.02,755.055,754.99,755.03,3886
2026-07-10 19:12:00+00:00,2026-07-10,SPY,755.035,755.12,755.01,755.08,3700
2026-07-10 19:13:00+00:00,2026-07-10,SPY,755.04,755.12,754.98,755.06,2278
2026-07-10 19:14:00+00:00,2026-07-10,SPY,755.08,755.14,755.08,755.12,2432
2026-07-10 19:15:00+00:00,2026-07-10,SPY,755.11,755.13,755.01,755.04,3507
2026-07-10 19:16:00+00:00,2026-07-10,SPY,755.03,755.175,755.03,755.07,3663
2026-07-10 19:17:00+00:00,2026-07-10,SPY,755.02,755.04,754.93,755.005,3839
2026-07-10 19:18:00+00:00,2026-07-10,SPY,754.98,755.04,754.97,755.035,6270
2026-07-10 19:19:00+00:00,2026-07-10,SPY,755.04,755.08,755.005,755.02,5226
2026-07-10 19:20:00+00:00,2026-07-10,SPY,755.01,755.03,754.89,754.91,4251
2026-07-10 19:21:00+00:00,2026-07-10,SPY,754.93,755.005,754.88,754.995,1927
2026-07-10 19:22:00+00:00,2026-07-10,SPY,754.99,755.06,754.9,754.94,8423
2026-07-10 19:23:00+00:00,2026-07-10,SPY,754.92,754.99,754.915,754.93,5138
2026-07-10 19:24:00+00:00,2026-07-10,SPY,754.95,754.99,754.93,754.94,8144
2026-07-10 19:25:00+00:00,2026-07-10,SPY,754.95,755.05,754.94,754.995,6768
2026-07-10 19:26:00+00:00,2026-07-10,SPY,755.0,755.06,755.0,755.04,5645
2026-07-10 19:27:00+00:00,2026-07-10,SPY,755.07,755.1,754.97,755.01,7427
2026-07-10 19:28:00+00:00,2026-07-10,SPY,754.98,755.04,754.98,755.02,3231
2026-07-10 19:29:00+00:00,2026-07-10,SPY,755.01,755.085,754.955,754.965,12311
2026-07-10 19:30:00+00:00,2026-07-10,SPY,754.965,755.04,754.95,755.0,13317
2026-07-10 19:31:00+00:00,2026-07-10,SPY,754.985,755.01,754.87,754.87,4663
2026-07-10 19:32:00+00:00,2026-07-10,SPY,754.86,755.12,754.795,754.92,12382
2026-07-10 19:33:00+00:00,2026-07-10,SPY,754.915,754.95,754.88,754.95,6972
2026-07-10 19:34:00+00:00,2026-07-10,SPY,754.955,754.96,754.91,754.93,3256
2026-07-10 19:35:00+00:00,2026-07-10,SPY,754.96,754.97,754.86,754.93,4929
2026-07-10 19:36:00+00:00,2026-07-10,SPY,754.905,754.98,754.9,754.96,9790
2026-07-10 19:37:00+00:00,2026-07-10,SPY,754.96,755.04,754.94,755.04,2097
2026-07-10 19:38:00+00:00,2026-07-10,SPY,755.035,755.13,755.03,755.08,4565
2026-07-10 19:39:00+00:00,2026-07-10,SPY,755.07,755.1,755.03,755.03,6489
2026-07-10 19:40:00+00:00,2026-07-10,SPY,755.02,755.22,755.02,755.21,5898
2026-07-10 19:41:00+00:00,2026-07-10,SPY,755.16,755.16,755.08,755.11,3177
2026-07-10 19:42:00+00:00,2026-07-10,SPY,755.11,755.19,755.06,755.18,8091
2026-07-10 19:43:00+00:00,2026-07-10,SPY,755.16,755.18,755.11,755.14,9613
2026-07-10 19:44:00+00:00,2026-07-10,SPY,755.12,755.14,755.03,755.03,5521
2026-07-10 19:45:00+00:00,2026-07-10,SPY,754.98,755.1,754.98,755.07,7143
2026-07-10 19:46:00+00:00,2026-07-10,SPY,755.08,755.16,755.08,755.15,12897
2026-07-10 19:47:00+00:00,2026-07-10,SPY,755.13,755.16,755.1,755.1,4245
2026-07-10 19:48:00+00:00,2026-07-10,SPY,755.09,755.11,755.04,755.095,5414
2026-07-10 19:49:00+00:00,2026-07-10,SPY,755.08,755.135,755.04,755.12,9542
2026-07-10 19:50:00+00:00,2026-07-10,SPY,755.11,755.42,755.11,755.36,15825
2026-07-10 19:51:00+00:00,2026-07-10,SPY,755.355,755.39,755.29,755.29,18680
2026-07-10 19:52:00+00:00,2026-07-10,SPY,755.29,755.36,755.18,755.19,17693
2026-07-10 19:53:00+00:00,2026-07-10,SPY,755.18,755.28,755.07,755.11,17536
2026-07-10 19:54:00+00:00,2026-07-10,SPY,755.06,755.19,755.06,755.09,24117
2026-07-10 19:55:00+00:00,2026-07-10,SPY,755.06,755.17,755.04,755.14,28778
2026-07-10 19:56:00+00:00,2026-07-10,SPY,755.14,755.14,754.98,755.04,19354
2026-07-10 19:57:00+00:00,2026-07-10,SPY,755.05,755.05,754.91,754.975,23502
2026-07-10 19:58:00+00:00,2026-07-10,SPY,754.975,755.0,754.87,754.87,23642
2026-07-10 19:59:00+00:00,2026-07-10,SPY,754.85,754.97,754.57,754.94,41448
2026-07-10 20:00:00+00:00,2026-07-10,SPY,754.87,754.94,754.87,754.94,250
2026-07-10 20:01:00+00:00,2026-07-10,SPY,754.93,755.0,754.93,755.0,206
2026-07-10 20:02:00+00:00,2026-07-10,SPY,755.08,755.08,755.08,755.08,252
2026-07-10 20:08:00+00:00,2026-07-10,SPY,754.93,755.0,754.92,755.0,498
2026-07-10 20:11:00+00:00,2026-07-10,SPY,755.12,755.12,755.06,755.09,378
2026-07-10 20:13:00+00:00,2026-07-10,SPY,755.1,755.12,755.1,755.12,574
2026-07-10 20:14:00+00:00,2026-07-10,SPY,755.09,755.09,755.05,755.05,266
2026-07-10 20:18:00+00:00,2026-07-10,SPY,755.1,755.1,755.1,755.1,126
2026-07-10 20:22:00+00:00,2026-07-10,SPY,755.05,755.05,755.05,755.05,126
2026-07-10 20:23:00+00:00,2026-07-10,SPY,755.06,755.06,755.06,755.06,126
2026-07-10 20:24:00+00:00,2026-07-10,SPY,755.08,755.08,755.08,755.08,126
2026-07-10 20:27:00+00:00,2026-07-10,SPY,755.18,755.18,755.18,755.18,126
2026-07-10 20:28:00+00:00,2026-07-10,SPY,755.23,755.39,755.23,755.39,505
2026-07-10 20:29:00+00:00,2026-07-10,SPY,755.31,755.31,755.31,755.31,1
2026-07-10 20:32:00+00:00,2026-07-10,SPY,755.26,755.26,755.26,755.26,126
2026-07-10 20:40:00+00:00,2026-07-10,SPY,755.36,755.36,755.36,755.36,120
2026-07-10 20:41:00+00:00,2026-07-10,SPY,755.33,755.38,755.33,755.38,378
2026-07-10 20:42:00+00:00,2026-07-10,SPY,755.38,755.38,755.38,755.38,126
2026-07-10 20:44:00+00:00,2026-07-10,SPY,755.39,755.4,755.39,755.4,252
2026-07-10 20:47:00+00:00,2026-07-10,SPY,755.47,755.47,755.46,755.46,286
2026-07-10 20:52:00+00:00,2026-07-10,SPY,755.53,755.53,755.53,755.53,126
2026-07-10 20:53:00+00:00,2026-07-10,SPY,755.56,755.56,755.56,755.56,126
